-- prompt Created on 2017年4月27日 by y
--set feedback off
--set define off
-- prompt Disabling foreign key constraints for DICT_DICTIONARY...
alter table DICT_DICTIONARY disable constraint FK_DICTIONARY_R_CTIONARY_TYPE;
alter table DICT_DICTIONARY disable constraint FK_DICTIONARY_R_CT_DICTIONARY;
-- prompt Disabling foreign key constraints for FCS_ALARM_HANDLE_INFO...
alter table FCS_ALARM_HANDLE_INFO disable constraint FK_M_HANDLE_INFO_R_ALARM_INFO;
-- prompt Disabling foreign key constraints for FCS_EQUIPMENT_EXTENSION...
alter table FCS_EQUIPMENT_EXTENSION disable constraint FK_ENT_EXTENSION_R__EQUIPMENT;
-- prompt Disabling foreign key constraints for FCS_PALLET_INNER_DETAIL...
alter table FCS_PALLET_INNER_DETAIL disable constraint FK__INNER_DETAIL_R_T_DISPATCH;
-- prompt Disabling foreign key constraints for FCS_PALLET_MOVE_DETAIL...
alter table FCS_PALLET_MOVE_DETAIL disable constraint FK_T_MOVE_DETAIL_R_T_DISPATCH;
-- prompt Disabling foreign key constraints for SYS_MODULE_FUNCTION...
alter table SYS_MODULE_FUNCTION disable constraint FK_E_FUNCTION_R_S_MODULE_INFO;
-- prompt Disabling foreign key constraints for SYS_MODULE_FUNC_PERMIT...
alter table SYS_MODULE_FUNC_PERMIT disable constraint FK_UNC_PERMIT_R_DULE_FUNCTION;
-- prompt Disabling foreign key constraints for SYS_ORGANIZATION...
alter table SYS_ORGANIZATION disable constraint FK_GANIZATION_R__ORGANIZATION;
-- prompt Disabling foreign key constraints for SYS_RESOURCE...
alter table SYS_RESOURCE disable constraint FK_S_RESOURCE_R_DULE_FUNCTION;
alter table SYS_RESOURCE disable constraint FK_S_RESOURCE_R_SYS_RESOURCE;
-- prompt Disabling foreign key constraints for SYS_REL_ROLE_MENU...
alter table SYS_REL_ROLE_MENU disable constraint FK__ROLE_MENU_R_SYS_RESOURCE;
alter table SYS_REL_ROLE_MENU disable constraint FK__ROLE_MENU_R_SYS_ROLE;
-- prompt Disabling foreign key constraints for SYS_USER...
alter table SYS_USER disable constraint FK_SYS_USER_R__ORGANIZATION;
-- prompt Disabling foreign key constraints for SYS_REL_USER_ROLE...
alter table SYS_REL_USER_ROLE disable constraint FK__USER_ROLE_R_SYS_ROLE;
alter table SYS_REL_USER_ROLE disable constraint FK__USER_ROLE_R_SYS_USER;
-- prompt Disabling foreign key constraints for WMS_SKU...
alter table WMS_SKU disable constraint FK_WMS_SKU_R_U_CATEGORY;
-- prompt Disabling foreign key constraints for WMS_BATCH_BARCODE...
alter table WMS_BATCH_BARCODE disable constraint FK_BATCH_BARCODE_R_WMS_SKU;
-- prompt Disabling foreign key constraints for WMS_CONTAINER...
alter table WMS_CONTAINER disable constraint FK_WMS_CONTAINER_R_AINER_TYPE;
-- prompt Disabling foreign key constraints for WMS_WAREHOUSE...
alter table WMS_WAREHOUSE disable constraint FK_WMS_WAREHOUSE_R__WAREHOUSE;
-- prompt Disabling foreign key constraints for WMS_STORAGE_LOCATION...
alter table WMS_STORAGE_LOCATION disable constraint FK_RAGE_LOCATION_R_N_STANDARD;
alter table WMS_STORAGE_LOCATION disable constraint FK_RAGE_LOCATION_R__WAREHOUSE;
-- prompt Disabling foreign key constraints for WMS_RELATE_ZONE_AND_LOCATION...
alter table WMS_RELATE_ZONE_AND_LOCATION disable constraint FK__AND_LOCATION_R_E_LOCATION;
alter table WMS_RELATE_ZONE_AND_LOCATION disable constraint FK__AND_LOCATION_R_WMS_ZONE;
-- prompt Disabling foreign key constraints for WMS_SKU_BATCH...
alter table WMS_SKU_BATCH disable constraint FK_WMS_SKU_BATCH_R_WMS_SKU;
-- prompt Disabling foreign key constraints for WMS_SKU_CATG_REQUIRE_FILED...
alter table WMS_SKU_CATG_REQUIRE_FILED disable constraint FK_REQUIRE_FILED_R_U_CATEGORY;
-- prompt Disabling foreign key constraints for WMS_SKU_CONVERSION...
alter table WMS_SKU_CONVERSION disable constraint FK_KU_CONVERSION_R_CONVERSION;
alter table WMS_SKU_CONVERSION disable constraint FK_KU_CONVERSION_R_WMS_SKU;
-- prompt Disabling foreign key constraints for WMS_STORAGE...
alter table WMS_STORAGE disable constraint FK_WMS_STORAGE_R_E_LOCATION;
alter table WMS_STORAGE disable constraint FK_WMS_STORAGE_R_MS_STORAGE;
alter table WMS_STORAGE disable constraint FK_WMS_STORAGE_R_WMS_SKU;
-- prompt Disabling foreign key constraints for WMS_STORAGE_HOLD_RECORD...
alter table WMS_STORAGE_HOLD_RECORD disable constraint FK_E_HOLD_RECORD_R_MS_STORAGE;
-- prompt Disabling foreign key constraints for WMS_WAREHOUSE_ROW...
alter table WMS_WAREHOUSE_ROW disable constraint FK_WAREHOUSE_ROW_R__WAREHOUSE;
-- prompt Loading BILL_NO_CREATE...
insert into BILL_NO_CREATE (bill_no_name, bill_qz, cur_month, cur_bill_index, memo)
values ('FM', 'FM', null, '000001', null);
insert into BILL_NO_CREATE (bill_no_name, bill_qz, cur_month, cur_bill_index, memo)
values ('INS', null, '170426', '7', null);
insert into BILL_NO_CREATE (bill_no_name, bill_qz, cur_month, cur_bill_index, memo)
values ('PT', 'PT', '170426', '000018', null);
insert into BILL_NO_CREATE (bill_no_name, bill_qz, cur_month, cur_bill_index, memo)
values ('PS', 'PS', '170426', '000004', null);
insert into BILL_NO_CREATE (bill_no_name, bill_qz, cur_month, cur_bill_index, memo)
values ('PC', 'PC', '170426', '000001', null);
insert into BILL_NO_CREATE (bill_no_name, bill_qz, cur_month, cur_bill_index, memo)
values ('RPT', 'RPT', null, '000001', null);
commit;
-- prompt 6 records loaded
-- prompt Loading DICT_DICTIONARY_TYPE...
insert into DICT_DICTIONARY_TYPE (id, is_active, dic_type_name, dic_type_code, dic_type_desc, dic_type_level, dic_type_kind, create_datetime, create_by, last_modify_datetime, last_modify_by)
values ('41be792f-b6b1-43d4-b27d-1890b4aaab6e', 1, '品类属性要求', 'category_require_field', '品类属性要求（attr1:属性要求类型；attr2:数据类型；attr3:是否启用）', 'userDefine', 'dictionary', to_date('06-04-2017 15:20:34', 'dd-mm-yyyy hh24:mi:ss'), null, to_date('06-04-2017 15:20:34', 'dd-mm-yyyy hh24:mi:ss'), '演示用户');
insert into DICT_DICTIONARY_TYPE (id, is_active, dic_type_name, dic_type_code, dic_type_desc, dic_type_level, dic_type_kind, create_datetime, create_by, last_modify_datetime, last_modify_by)
values ('141d8895-b3ae-4bf2-a002-2f9bcf855709', 1, '仓库类型', 'warehouse_use_type', '仓库中的类型，包括成品、半成品、原材料', 'userDefine', 'dictionary', to_date('06-04-2017 15:20:34', 'dd-mm-yyyy hh24:mi:ss'), null, to_date('06-04-2017 15:20:34', 'dd-mm-yyyy hh24:mi:ss'), '演示用户');
insert into DICT_DICTIONARY_TYPE (id, is_active, dic_type_name, dic_type_code, dic_type_desc, dic_type_level, dic_type_kind, create_datetime, create_by, last_modify_datetime, last_modify_by)
values ('b3df21ec-152c-4f9e-a79c-52516e9be599', 1, '容器类型', 'loc_vol_unit', '容器类型，包括托盘，箱', 'userDefine', 'dictionary', to_date('06-04-2017 15:20:34', 'dd-mm-yyyy hh24:mi:ss'), null, to_date('06-04-2017 15:20:34', 'dd-mm-yyyy hh24:mi:ss'), '演示用户');
commit;
-- prompt 3 records loaded
-- prompt Loading DICT_DICTIONARY...
insert into DICT_DICTIONARY (id, dic_parent_id, dic_type_id, is_active, dic_desc, dic_key, dic_value, attr1, attr2, attr3, attr4, attr5, attr6, create_datetime, create_by, last_modify_datetime, last_modify_by)
values ('6321d1c4-3acd-4f70-a1ee-0677cd3d697e', null, '41be792f-b6b1-43d4-b27d-1890b4aaab6e', 1, null, 'attr49', null, 'sku_required_field', null, null, null, null, null, to_date('06-04-2017 15:20:34', 'dd-mm-yyyy hh24:mi:ss'), null, null, null);
insert into DICT_DICTIONARY (id, dic_parent_id, dic_type_id, is_active, dic_desc, dic_key, dic_value, attr1, attr2, attr3, attr4, attr5, attr6, create_datetime, create_by, last_modify_datetime, last_modify_by)
values ('60ac46f0-3037-45ce-a92b-c75a4cc3e509', null, '41be792f-b6b1-43d4-b27d-1890b4aaab6e', 1, null, 'attr29', null, 'batch_required_field', null, null, null, null, null, to_date('06-04-2017 15:20:34', 'dd-mm-yyyy hh24:mi:ss'), null, null, null);
insert into DICT_DICTIONARY (id, dic_parent_id, dic_type_id, is_active, dic_desc, dic_key, dic_value, attr1, attr2, attr3, attr4, attr5, attr6, create_datetime, create_by, last_modify_datetime, last_modify_by)
values ('61a12e84-40c2-49a2-b144-5314f74984cf', null, '41be792f-b6b1-43d4-b27d-1890b4aaab6e', 1, null, 'attr45', null, 'storage_required_field', null, null, null, null, null, to_date('06-04-2017 15:20:34', 'dd-mm-yyyy hh24:mi:ss'), null, null, null);
insert into DICT_DICTIONARY (id, dic_parent_id, dic_type_id, is_active, dic_desc, dic_key, dic_value, attr1, attr2, attr3, attr4, attr5, attr6, create_datetime, create_by, last_modify_datetime, last_modify_by)
values ('64bdd771-ff1f-46c1-aae8-9c872dd329f8', null, '41be792f-b6b1-43d4-b27d-1890b4aaab6e', 1, null, 'attr49', null, 'storage_required_field', null, null, null, null, null, to_date('06-04-2017 15:20:34', 'dd-mm-yyyy hh24:mi:ss'), null, null, null);
insert into DICT_DICTIONARY (id, dic_parent_id, dic_type_id, is_active, dic_desc, dic_key, dic_value, attr1, attr2, attr3, attr4, attr5, attr6, create_datetime, create_by, last_modify_datetime, last_modify_by)
values ('685d6c45-dfb5-41f6-874c-09fe52125580', null, '41be792f-b6b1-43d4-b27d-1890b4aaab6e', 1, null, 'attr22', null, 'sku_required_field', null, null, null, null, null, to_date('06-04-2017 15:20:34', 'dd-mm-yyyy hh24:mi:ss'), null, null, null);
insert into DICT_DICTIONARY (id, dic_parent_id, dic_type_id, is_active, dic_desc, dic_key, dic_value, attr1, attr2, attr3, attr4, attr5, attr6, create_datetime, create_by, last_modify_datetime, last_modify_by)
values ('68c85ca3-eb45-4ea0-8807-8fb8a87c51c6', null, '41be792f-b6b1-43d4-b27d-1890b4aaab6e', 1, null, 'attr39', null, 'storage_required_field', null, null, null, null, null, to_date('06-04-2017 15:20:34', 'dd-mm-yyyy hh24:mi:ss'), null, null, null);
insert into DICT_DICTIONARY (id, dic_parent_id, dic_type_id, is_active, dic_desc, dic_key, dic_value, attr1, attr2, attr3, attr4, attr5, attr6, create_datetime, create_by, last_modify_datetime, last_modify_by)
values ('6ad5daf2-ba3e-4d0b-b81b-f32df789ff2b', null, '41be792f-b6b1-43d4-b27d-1890b4aaab6e', 1, null, 'attr44', null, 'batch_required_field', null, null, null, null, null, to_date('06-04-2017 15:20:34', 'dd-mm-yyyy hh24:mi:ss'), null, null, null);
insert into DICT_DICTIONARY (id, dic_parent_id, dic_type_id, is_active, dic_desc, dic_key, dic_value, attr1, attr2, attr3, attr4, attr5, attr6, create_datetime, create_by, last_modify_datetime, last_modify_by)
values ('6d5a405e-ea95-4197-b4ec-6bfed7de1843', null, '41be792f-b6b1-43d4-b27d-1890b4aaab6e', 1, null, 'attr31', null, 'sku_required_field', null, null, null, null, null, to_date('06-04-2017 15:20:34', 'dd-mm-yyyy hh24:mi:ss'), null, null, null);
insert into DICT_DICTIONARY (id, dic_parent_id, dic_type_id, is_active, dic_desc, dic_key, dic_value, attr1, attr2, attr3, attr4, attr5, attr6, create_datetime, create_by, last_modify_datetime, last_modify_by)
values ('70a8a98e-80f0-402c-9202-449fa3d97bab', null, '41be792f-b6b1-43d4-b27d-1890b4aaab6e', 1, null, 'attr36', null, 'sku_required_field', null, null, null, null, null, to_date('06-04-2017 15:20:34', 'dd-mm-yyyy hh24:mi:ss'), null, null, null);
insert into DICT_DICTIONARY (id, dic_parent_id, dic_type_id, is_active, dic_desc, dic_key, dic_value, attr1, attr2, attr3, attr4, attr5, attr6, create_datetime, create_by, last_modify_datetime, last_modify_by)
values ('733c6dd2-ee25-4ae6-b33c-a846345a3a9d', null, '41be792f-b6b1-43d4-b27d-1890b4aaab6e', 1, null, 'attr18', null, 'batch_required_field', null, null, null, null, null, to_date('06-04-2017 15:20:34', 'dd-mm-yyyy hh24:mi:ss'), null, null, null);
insert into DICT_DICTIONARY (id, dic_parent_id, dic_type_id, is_active, dic_desc, dic_key, dic_value, attr1, attr2, attr3, attr4, attr5, attr6, create_datetime, create_by, last_modify_datetime, last_modify_by)
values ('7595eda5-a74a-44b6-abc0-c7abb6da6d7f', null, '41be792f-b6b1-43d4-b27d-1890b4aaab6e', 1, null, 'attr7', null, null, 'string', 'y', null, null, null, to_date('06-04-2017 15:20:34', 'dd-mm-yyyy hh24:mi:ss'), null, null, '用户');
insert into DICT_DICTIONARY (id, dic_parent_id, dic_type_id, is_active, dic_desc, dic_key, dic_value, attr1, attr2, attr3, attr4, attr5, attr6, create_datetime, create_by, last_modify_datetime, last_modify_by)
values ('762166ec-eb79-4a2e-9703-a915ecd596cb', null, '41be792f-b6b1-43d4-b27d-1890b4aaab6e', 1, null, 'attr17', null, 'batch_required_field', null, null, null, null, null, to_date('06-04-2017 15:20:34', 'dd-mm-yyyy hh24:mi:ss'), null, null, null);
insert into DICT_DICTIONARY (id, dic_parent_id, dic_type_id, is_active, dic_desc, dic_key, dic_value, attr1, attr2, attr3, attr4, attr5, attr6, create_datetime, create_by, last_modify_datetime, last_modify_by)
values ('76b56bc8-ef65-4fa5-9baa-208bd5176a1d', null, '41be792f-b6b1-43d4-b27d-1890b4aaab6e', 1, null, 'attr40', null, 'sku_required_field', null, null, null, null, null, to_date('06-04-2017 15:20:34', 'dd-mm-yyyy hh24:mi:ss'), null, null, null);
insert into DICT_DICTIONARY (id, dic_parent_id, dic_type_id, is_active, dic_desc, dic_key, dic_value, attr1, attr2, attr3, attr4, attr5, attr6, create_datetime, create_by, last_modify_datetime, last_modify_by)
values ('783f498e-5d98-4d88-9fe2-277fe730cad2', null, '41be792f-b6b1-43d4-b27d-1890b4aaab6e', 1, null, 'attr38', null, 'sku_required_field', null, null, null, null, null, to_date('06-04-2017 15:20:34', 'dd-mm-yyyy hh24:mi:ss'), null, null, null);
insert into DICT_DICTIONARY (id, dic_parent_id, dic_type_id, is_active, dic_desc, dic_key, dic_value, attr1, attr2, attr3, attr4, attr5, attr6, create_datetime, create_by, last_modify_datetime, last_modify_by)
values ('78dd2aa5-82c2-4f66-9753-9417a7a0637b', null, '41be792f-b6b1-43d4-b27d-1890b4aaab6e', 1, null, 'attr41', null, 'storage_required_field', null, null, null, null, null, to_date('06-04-2017 15:20:34', 'dd-mm-yyyy hh24:mi:ss'), null, null, null);
insert into DICT_DICTIONARY (id, dic_parent_id, dic_type_id, is_active, dic_desc, dic_key, dic_value, attr1, attr2, attr3, attr4, attr5, attr6, create_datetime, create_by, last_modify_datetime, last_modify_by)
values ('79a4f2d7-1cd3-407d-ae77-d920be284766', null, '41be792f-b6b1-43d4-b27d-1890b4aaab6e', 1, null, 'attr6', null, 'storage_required_field', null, null, null, null, null, to_date('06-04-2017 15:20:34', 'dd-mm-yyyy hh24:mi:ss'), null, null, null);
insert into DICT_DICTIONARY (id, dic_parent_id, dic_type_id, is_active, dic_desc, dic_key, dic_value, attr1, attr2, attr3, attr4, attr5, attr6, create_datetime, create_by, last_modify_datetime, last_modify_by)
values ('7ad3b0ed-6e9c-4eea-aacc-54e342496a5d', null, '41be792f-b6b1-43d4-b27d-1890b4aaab6e', 1, null, 'attr2', '测试2', 'sku_required_field', 'Integer', 'Y', null, null, null, to_date('06-04-2017 15:20:34', 'dd-mm-yyyy hh24:mi:ss'), null, null, null);
insert into DICT_DICTIONARY (id, dic_parent_id, dic_type_id, is_active, dic_desc, dic_key, dic_value, attr1, attr2, attr3, attr4, attr5, attr6, create_datetime, create_by, last_modify_datetime, last_modify_by)
values ('7cc54025-c6dd-4cd5-ba4a-82b292993387', null, '41be792f-b6b1-43d4-b27d-1890b4aaab6e', 1, null, 'attr9', null, 'batch_required_field', null, null, null, null, null, to_date('06-04-2017 15:20:34', 'dd-mm-yyyy hh24:mi:ss'), null, null, null);
insert into DICT_DICTIONARY (id, dic_parent_id, dic_type_id, is_active, dic_desc, dic_key, dic_value, attr1, attr2, attr3, attr4, attr5, attr6, create_datetime, create_by, last_modify_datetime, last_modify_by)
values ('7da83260-d260-4d43-a1e8-941b0c840b30', null, '41be792f-b6b1-43d4-b27d-1890b4aaab6e', 1, null, 'attr45', null, 'sku_required_field', null, null, null, null, null, to_date('06-04-2017 15:20:34', 'dd-mm-yyyy hh24:mi:ss'), null, null, null);
insert into DICT_DICTIONARY (id, dic_parent_id, dic_type_id, is_active, dic_desc, dic_key, dic_value, attr1, attr2, attr3, attr4, attr5, attr6, create_datetime, create_by, last_modify_datetime, last_modify_by)
values ('7fa78495-6ddb-4613-9df8-3d722b1ad945', null, '41be792f-b6b1-43d4-b27d-1890b4aaab6e', 1, null, 'attr12', null, 'storage_required_field', null, null, null, null, null, to_date('06-04-2017 15:20:34', 'dd-mm-yyyy hh24:mi:ss'), null, null, null);
insert into DICT_DICTIONARY (id, dic_parent_id, dic_type_id, is_active, dic_desc, dic_key, dic_value, attr1, attr2, attr3, attr4, attr5, attr6, create_datetime, create_by, last_modify_datetime, last_modify_by)
values ('83f9ebda-7f11-4789-aba3-3c3abbba2634', null, '41be792f-b6b1-43d4-b27d-1890b4aaab6e', 1, null, 'attr22', null, 'storage_required_field', null, null, null, null, null, to_date('06-04-2017 15:20:34', 'dd-mm-yyyy hh24:mi:ss'), null, null, null);
insert into DICT_DICTIONARY (id, dic_parent_id, dic_type_id, is_active, dic_desc, dic_key, dic_value, attr1, attr2, attr3, attr4, attr5, attr6, create_datetime, create_by, last_modify_datetime, last_modify_by)
values ('85272ab4-8f85-46f1-9abe-87748a3c90fc', null, '41be792f-b6b1-43d4-b27d-1890b4aaab6e', 1, null, 'attr42', null, 'sku_required_field', null, null, null, null, null, to_date('06-04-2017 15:20:34', 'dd-mm-yyyy hh24:mi:ss'), null, null, null);
insert into DICT_DICTIONARY (id, dic_parent_id, dic_type_id, is_active, dic_desc, dic_key, dic_value, attr1, attr2, attr3, attr4, attr5, attr6, create_datetime, create_by, last_modify_datetime, last_modify_by)
values ('865bdfab-2e86-4a01-a9b8-cbbb3f46c700', null, '41be792f-b6b1-43d4-b27d-1890b4aaab6e', 1, null, 'attr23', null, 'storage_required_field', null, null, null, null, null, to_date('06-04-2017 15:20:34', 'dd-mm-yyyy hh24:mi:ss'), null, null, null);
insert into DICT_DICTIONARY (id, dic_parent_id, dic_type_id, is_active, dic_desc, dic_key, dic_value, attr1, attr2, attr3, attr4, attr5, attr6, create_datetime, create_by, last_modify_datetime, last_modify_by)
values ('873c487c-cf92-4a87-87b5-5c05cfb3ff7b', null, '41be792f-b6b1-43d4-b27d-1890b4aaab6e', 1, null, 'attr14', null, 'batch_required_field', null, null, null, null, null, to_date('06-04-2017 15:20:34', 'dd-mm-yyyy hh24:mi:ss'), null, null, null);
insert into DICT_DICTIONARY (id, dic_parent_id, dic_type_id, is_active, dic_desc, dic_key, dic_value, attr1, attr2, attr3, attr4, attr5, attr6, create_datetime, create_by, last_modify_datetime, last_modify_by)
values ('8742332b-f2e3-4106-801b-074a80d97474', null, '41be792f-b6b1-43d4-b27d-1890b4aaab6e', 1, null, 'attr11', null, 'batch_required_field', null, null, null, null, null, to_date('06-04-2017 15:20:34', 'dd-mm-yyyy hh24:mi:ss'), null, null, null);
insert into DICT_DICTIONARY (id, dic_parent_id, dic_type_id, is_active, dic_desc, dic_key, dic_value, attr1, attr2, attr3, attr4, attr5, attr6, create_datetime, create_by, last_modify_datetime, last_modify_by)
values ('88c8680f-e94a-4b36-919d-6158e28080d0', null, '41be792f-b6b1-43d4-b27d-1890b4aaab6e', 1, null, 'attr45', null, 'batch_required_field', null, null, null, null, null, to_date('06-04-2017 15:20:34', 'dd-mm-yyyy hh24:mi:ss'), null, null, null);
insert into DICT_DICTIONARY (id, dic_parent_id, dic_type_id, is_active, dic_desc, dic_key, dic_value, attr1, attr2, attr3, attr4, attr5, attr6, create_datetime, create_by, last_modify_datetime, last_modify_by)
values ('8d0a9e5d-505f-4d9e-bf6a-a856f8fa61a0', null, '41be792f-b6b1-43d4-b27d-1890b4aaab6e', 1, null, 'attr3', null, 'storage_required_field', null, null, null, null, null, to_date('06-04-2017 15:20:34', 'dd-mm-yyyy hh24:mi:ss'), null, null, null);
insert into DICT_DICTIONARY (id, dic_parent_id, dic_type_id, is_active, dic_desc, dic_key, dic_value, attr1, attr2, attr3, attr4, attr5, attr6, create_datetime, create_by, last_modify_datetime, last_modify_by)
values ('8f655bf6-53d2-48df-b996-edeb52ba7fb9', null, '41be792f-b6b1-43d4-b27d-1890b4aaab6e', 1, null, 'attr27', null, 'batch_required_field', null, null, null, null, null, to_date('06-04-2017 15:20:34', 'dd-mm-yyyy hh24:mi:ss'), null, null, null);
insert into DICT_DICTIONARY (id, dic_parent_id, dic_type_id, is_active, dic_desc, dic_key, dic_value, attr1, attr2, attr3, attr4, attr5, attr6, create_datetime, create_by, last_modify_datetime, last_modify_by)
values ('90942d59-4d49-44c4-baa1-6ccc5a5d2e05', null, '41be792f-b6b1-43d4-b27d-1890b4aaab6e', 1, null, 'attr5', null, 'sku_required_field', null, null, null, null, null, to_date('06-04-2017 15:20:34', 'dd-mm-yyyy hh24:mi:ss'), null, null, null);
insert into DICT_DICTIONARY (id, dic_parent_id, dic_type_id, is_active, dic_desc, dic_key, dic_value, attr1, attr2, attr3, attr4, attr5, attr6, create_datetime, create_by, last_modify_datetime, last_modify_by)
values ('91377341-e9fd-4937-839c-75c325d16c4d', null, '41be792f-b6b1-43d4-b27d-1890b4aaab6e', 1, null, 'attr32', null, 'sku_required_field', null, null, null, null, null, to_date('06-04-2017 15:20:34', 'dd-mm-yyyy hh24:mi:ss'), null, null, null);
insert into DICT_DICTIONARY (id, dic_parent_id, dic_type_id, is_active, dic_desc, dic_key, dic_value, attr1, attr2, attr3, attr4, attr5, attr6, create_datetime, create_by, last_modify_datetime, last_modify_by)
values ('913cfd3c-8c4e-4518-859d-b79c6809059a', null, '41be792f-b6b1-43d4-b27d-1890b4aaab6e', 1, null, 'attr3', null, 'batch_required_field', null, null, null, null, null, to_date('06-04-2017 15:20:34', 'dd-mm-yyyy hh24:mi:ss'), null, null, null);
insert into DICT_DICTIONARY (id, dic_parent_id, dic_type_id, is_active, dic_desc, dic_key, dic_value, attr1, attr2, attr3, attr4, attr5, attr6, create_datetime, create_by, last_modify_datetime, last_modify_by)
values ('91682946-4858-4513-ba81-cf61dc5be84c', null, '41be792f-b6b1-43d4-b27d-1890b4aaab6e', 1, null, 'attr12', null, 'batch_required_field', null, null, null, null, null, to_date('06-04-2017 15:20:34', 'dd-mm-yyyy hh24:mi:ss'), null, null, null);
insert into DICT_DICTIONARY (id, dic_parent_id, dic_type_id, is_active, dic_desc, dic_key, dic_value, attr1, attr2, attr3, attr4, attr5, attr6, create_datetime, create_by, last_modify_datetime, last_modify_by)
values ('921298ec-ae44-476d-b848-997be55958e4', null, '41be792f-b6b1-43d4-b27d-1890b4aaab6e', 1, null, 'attr26', null, 'sku_required_field', null, null, null, null, null, to_date('06-04-2017 15:20:34', 'dd-mm-yyyy hh24:mi:ss'), null, null, null);
insert into DICT_DICTIONARY (id, dic_parent_id, dic_type_id, is_active, dic_desc, dic_key, dic_value, attr1, attr2, attr3, attr4, attr5, attr6, create_datetime, create_by, last_modify_datetime, last_modify_by)
values ('93cd96c7-24bd-4c5d-9355-cc61f8fa8cee', null, '41be792f-b6b1-43d4-b27d-1890b4aaab6e', 1, null, 'attr35', null, 'storage_required_field', null, null, null, null, null, to_date('06-04-2017 15:20:34', 'dd-mm-yyyy hh24:mi:ss'), null, null, null);
insert into DICT_DICTIONARY (id, dic_parent_id, dic_type_id, is_active, dic_desc, dic_key, dic_value, attr1, attr2, attr3, attr4, attr5, attr6, create_datetime, create_by, last_modify_datetime, last_modify_by)
values ('99e26fac-16d7-4c83-9930-004685483352', null, '41be792f-b6b1-43d4-b27d-1890b4aaab6e', 1, null, 'attr43', null, 'batch_required_field', null, null, null, null, null, to_date('06-04-2017 15:20:34', 'dd-mm-yyyy hh24:mi:ss'), null, null, null);
insert into DICT_DICTIONARY (id, dic_parent_id, dic_type_id, is_active, dic_desc, dic_key, dic_value, attr1, attr2, attr3, attr4, attr5, attr6, create_datetime, create_by, last_modify_datetime, last_modify_by)
values ('9a7fb85e-c5fd-4f72-96a1-9a0245a27fc3', null, '41be792f-b6b1-43d4-b27d-1890b4aaab6e', 1, null, 'attr5', null, 'storage_required_field', null, null, null, null, null, to_date('06-04-2017 15:20:34', 'dd-mm-yyyy hh24:mi:ss'), null, null, null);
insert into DICT_DICTIONARY (id, dic_parent_id, dic_type_id, is_active, dic_desc, dic_key, dic_value, attr1, attr2, attr3, attr4, attr5, attr6, create_datetime, create_by, last_modify_datetime, last_modify_by)
values ('9bb6a212-960c-4a1d-b202-1c6656865c00', null, '41be792f-b6b1-43d4-b27d-1890b4aaab6e', 1, null, 'attr49', null, 'batch_required_field', null, null, null, null, null, to_date('06-04-2017 15:20:34', 'dd-mm-yyyy hh24:mi:ss'), null, null, null);
insert into DICT_DICTIONARY (id, dic_parent_id, dic_type_id, is_active, dic_desc, dic_key, dic_value, attr1, attr2, attr3, attr4, attr5, attr6, create_datetime, create_by, last_modify_datetime, last_modify_by)
values ('9cde3d0a-70cd-4e03-adab-526e51a721f2', null, '41be792f-b6b1-43d4-b27d-1890b4aaab6e', 1, null, 'attr33', null, 'batch_required_field', null, null, null, null, null, to_date('06-04-2017 15:20:34', 'dd-mm-yyyy hh24:mi:ss'), null, null, null);
insert into DICT_DICTIONARY (id, dic_parent_id, dic_type_id, is_active, dic_desc, dic_key, dic_value, attr1, attr2, attr3, attr4, attr5, attr6, create_datetime, create_by, last_modify_datetime, last_modify_by)
values ('9f62595b-abc7-4f58-999d-315dade58a15', null, '41be792f-b6b1-43d4-b27d-1890b4aaab6e', 1, null, 'attr47', null, 'sku_required_field', null, null, null, null, null, to_date('06-04-2017 15:20:34', 'dd-mm-yyyy hh24:mi:ss'), null, null, null);
insert into DICT_DICTIONARY (id, dic_parent_id, dic_type_id, is_active, dic_desc, dic_key, dic_value, attr1, attr2, attr3, attr4, attr5, attr6, create_datetime, create_by, last_modify_datetime, last_modify_by)
values ('9f829311-6619-48cc-95a8-389ef8247b84', null, '41be792f-b6b1-43d4-b27d-1890b4aaab6e', 1, '测试批2', 'attr2', '测试批2', 'batch_required_field', 'Date', 'Y', null, null, null, to_date('06-04-2017 15:20:34', 'dd-mm-yyyy hh24:mi:ss'), null, null, null);
insert into DICT_DICTIONARY (id, dic_parent_id, dic_type_id, is_active, dic_desc, dic_key, dic_value, attr1, attr2, attr3, attr4, attr5, attr6, create_datetime, create_by, last_modify_datetime, last_modify_by)
values ('a0495f6d-db56-4f1e-a30a-4bcb7f909a3f', null, '41be792f-b6b1-43d4-b27d-1890b4aaab6e', 1, null, 'attr7', null, 'storage_required_field', null, null, null, null, null, to_date('06-04-2017 15:20:34', 'dd-mm-yyyy hh24:mi:ss'), null, null, null);
insert into DICT_DICTIONARY (id, dic_parent_id, dic_type_id, is_active, dic_desc, dic_key, dic_value, attr1, attr2, attr3, attr4, attr5, attr6, create_datetime, create_by, last_modify_datetime, last_modify_by)
values ('a18ac683-0063-4fce-9da7-93e077f00fd4', null, '41be792f-b6b1-43d4-b27d-1890b4aaab6e', 1, null, 'attr40', null, 'storage_required_field', null, null, null, null, null, to_date('06-04-2017 15:20:34', 'dd-mm-yyyy hh24:mi:ss'), null, null, null);
insert into DICT_DICTIONARY (id, dic_parent_id, dic_type_id, is_active, dic_desc, dic_key, dic_value, attr1, attr2, attr3, attr4, attr5, attr6, create_datetime, create_by, last_modify_datetime, last_modify_by)
values ('a3429b24-b78d-4a9f-91f1-d2b6f803d060', null, '41be792f-b6b1-43d4-b27d-1890b4aaab6e', 1, null, 'attr9', null, 'sku_required_field', null, null, null, null, null, to_date('06-04-2017 15:20:34', 'dd-mm-yyyy hh24:mi:ss'), null, null, null);
insert into DICT_DICTIONARY (id, dic_parent_id, dic_type_id, is_active, dic_desc, dic_key, dic_value, attr1, attr2, attr3, attr4, attr5, attr6, create_datetime, create_by, last_modify_datetime, last_modify_by)
values ('a5aeb3fb-0471-414d-9bd1-f62cc68de01f', null, '41be792f-b6b1-43d4-b27d-1890b4aaab6e', 1, null, 'attr17', null, 'storage_required_field', null, null, null, null, null, to_date('06-04-2017 15:20:34', 'dd-mm-yyyy hh24:mi:ss'), null, null, null);
insert into DICT_DICTIONARY (id, dic_parent_id, dic_type_id, is_active, dic_desc, dic_key, dic_value, attr1, attr2, attr3, attr4, attr5, attr6, create_datetime, create_by, last_modify_datetime, last_modify_by)
values ('aa0c9625-7b8f-4483-bbb7-8e3a51402199', null, '41be792f-b6b1-43d4-b27d-1890b4aaab6e', 1, null, 'attr47', null, 'storage_required_field', null, null, null, null, null, to_date('06-04-2017 15:20:34', 'dd-mm-yyyy hh24:mi:ss'), null, null, null);
insert into DICT_DICTIONARY (id, dic_parent_id, dic_type_id, is_active, dic_desc, dic_key, dic_value, attr1, attr2, attr3, attr4, attr5, attr6, create_datetime, create_by, last_modify_datetime, last_modify_by)
values ('ab78d086-4e42-402f-bb79-52f4c2c43e68', null, '41be792f-b6b1-43d4-b27d-1890b4aaab6e', 1, null, 'attr13', null, 'sku_required_field', null, null, null, null, null, to_date('06-04-2017 15:20:34', 'dd-mm-yyyy hh24:mi:ss'), null, null, null);
insert into DICT_DICTIONARY (id, dic_parent_id, dic_type_id, is_active, dic_desc, dic_key, dic_value, attr1, attr2, attr3, attr4, attr5, attr6, create_datetime, create_by, last_modify_datetime, last_modify_by)
values ('abfa305a-bbd9-4c46-9ac5-da41fa5ad571', null, '41be792f-b6b1-43d4-b27d-1890b4aaab6e', 1, null, 'attr41', null, 'batch_required_field', null, null, null, null, null, to_date('06-04-2017 15:20:34', 'dd-mm-yyyy hh24:mi:ss'), null, null, null);
insert into DICT_DICTIONARY (id, dic_parent_id, dic_type_id, is_active, dic_desc, dic_key, dic_value, attr1, attr2, attr3, attr4, attr5, attr6, create_datetime, create_by, last_modify_datetime, last_modify_by)
values ('addc4c66-c733-4789-adab-4471ccf175b9', null, '41be792f-b6b1-43d4-b27d-1890b4aaab6e', 1, null, 'attr33', null, 'storage_required_field', null, null, null, null, null, to_date('06-04-2017 15:20:34', 'dd-mm-yyyy hh24:mi:ss'), null, null, null);
insert into DICT_DICTIONARY (id, dic_parent_id, dic_type_id, is_active, dic_desc, dic_key, dic_value, attr1, attr2, attr3, attr4, attr5, attr6, create_datetime, create_by, last_modify_datetime, last_modify_by)
values ('afbe9d70-fc60-40e8-ab2f-295c6b293e05', null, '41be792f-b6b1-43d4-b27d-1890b4aaab6e', 1, null, 'attr43', null, 'sku_required_field', null, null, null, null, null, to_date('06-04-2017 15:20:34', 'dd-mm-yyyy hh24:mi:ss'), null, null, null);
insert into DICT_DICTIONARY (id, dic_parent_id, dic_type_id, is_active, dic_desc, dic_key, dic_value, attr1, attr2, attr3, attr4, attr5, attr6, create_datetime, create_by, last_modify_datetime, last_modify_by)
values ('b1c4d0b1-2bf7-4c01-9d4c-d7929dacab93', null, '41be792f-b6b1-43d4-b27d-1890b4aaab6e', 1, null, 'attr38', null, 'batch_required_field', null, null, null, null, null, to_date('06-04-2017 15:20:34', 'dd-mm-yyyy hh24:mi:ss'), null, null, null);
insert into DICT_DICTIONARY (id, dic_parent_id, dic_type_id, is_active, dic_desc, dic_key, dic_value, attr1, attr2, attr3, attr4, attr5, attr6, create_datetime, create_by, last_modify_datetime, last_modify_by)
values ('b3486f0b-eff4-4e1c-9444-471bcb9aa592', null, '41be792f-b6b1-43d4-b27d-1890b4aaab6e', 1, null, 'attr15', null, 'batch_required_field', null, null, null, null, null, to_date('06-04-2017 15:20:34', 'dd-mm-yyyy hh24:mi:ss'), null, null, null);
insert into DICT_DICTIONARY (id, dic_parent_id, dic_type_id, is_active, dic_desc, dic_key, dic_value, attr1, attr2, attr3, attr4, attr5, attr6, create_datetime, create_by, last_modify_datetime, last_modify_by)
values ('b6d3c558-54e5-4974-a92e-341f879bf733', null, '41be792f-b6b1-43d4-b27d-1890b4aaab6e', 1, null, 'attr40', null, 'batch_required_field', null, null, null, null, null, to_date('06-04-2017 15:20:34', 'dd-mm-yyyy hh24:mi:ss'), null, null, null);
insert into DICT_DICTIONARY (id, dic_parent_id, dic_type_id, is_active, dic_desc, dic_key, dic_value, attr1, attr2, attr3, attr4, attr5, attr6, create_datetime, create_by, last_modify_datetime, last_modify_by)
values ('bc786067-09c9-4845-b124-b318809f6c1b', null, '41be792f-b6b1-43d4-b27d-1890b4aaab6e', 1, null, 'attr46', null, 'sku_required_field', null, null, null, null, null, to_date('06-04-2017 15:20:34', 'dd-mm-yyyy hh24:mi:ss'), null, null, null);
insert into DICT_DICTIONARY (id, dic_parent_id, dic_type_id, is_active, dic_desc, dic_key, dic_value, attr1, attr2, attr3, attr4, attr5, attr6, create_datetime, create_by, last_modify_datetime, last_modify_by)
values ('c4213112-d38b-47df-aa1d-a846cfce01cb', null, '41be792f-b6b1-43d4-b27d-1890b4aaab6e', 1, null, 'attr30', null, 'sku_required_field', null, null, null, null, null, to_date('06-04-2017 15:20:34', 'dd-mm-yyyy hh24:mi:ss'), null, null, null);
insert into DICT_DICTIONARY (id, dic_parent_id, dic_type_id, is_active, dic_desc, dic_key, dic_value, attr1, attr2, attr3, attr4, attr5, attr6, create_datetime, create_by, last_modify_datetime, last_modify_by)
values ('bf643d93-209f-47c1-bd96-0c165e569a17', null, '41be792f-b6b1-43d4-b27d-1890b4aaab6e', 1, '测试storage1', 'attr1', '测试storage1', 'storage_required_field', 'String', 'Y', null, null, null, to_date('06-04-2017 15:20:34', 'dd-mm-yyyy hh24:mi:ss'), null, null, null);
insert into DICT_DICTIONARY (id, dic_parent_id, dic_type_id, is_active, dic_desc, dic_key, dic_value, attr1, attr2, attr3, attr4, attr5, attr6, create_datetime, create_by, last_modify_datetime, last_modify_by)
values ('c4597ac2-6964-418d-9b59-c887e655a318', null, '41be792f-b6b1-43d4-b27d-1890b4aaab6e', 1, null, 'attr38', null, 'storage_required_field', null, null, null, null, null, to_date('06-04-2017 15:20:34', 'dd-mm-yyyy hh24:mi:ss'), null, null, null);
insert into DICT_DICTIONARY (id, dic_parent_id, dic_type_id, is_active, dic_desc, dic_key, dic_value, attr1, attr2, attr3, attr4, attr5, attr6, create_datetime, create_by, last_modify_datetime, last_modify_by)
values ('c4b9b801-39d9-4605-93f7-0e0d63d5789b', null, '41be792f-b6b1-43d4-b27d-1890b4aaab6e', 1, null, 'attr48', null, 'sku_required_field', null, null, null, null, null, to_date('06-04-2017 15:20:34', 'dd-mm-yyyy hh24:mi:ss'), null, null, null);
insert into DICT_DICTIONARY (id, dic_parent_id, dic_type_id, is_active, dic_desc, dic_key, dic_value, attr1, attr2, attr3, attr4, attr5, attr6, create_datetime, create_by, last_modify_datetime, last_modify_by)
values ('c5fbb9b2-06e0-4345-b335-a54b9630bca5', null, '41be792f-b6b1-43d4-b27d-1890b4aaab6e', 1, null, 'attr30', null, 'storage_required_field', null, null, null, null, null, to_date('06-04-2017 15:20:34', 'dd-mm-yyyy hh24:mi:ss'), null, null, null);
insert into DICT_DICTIONARY (id, dic_parent_id, dic_type_id, is_active, dic_desc, dic_key, dic_value, attr1, attr2, attr3, attr4, attr5, attr6, create_datetime, create_by, last_modify_datetime, last_modify_by)
values ('c844666c-caca-4310-8d55-98e2539524a4', null, '41be792f-b6b1-43d4-b27d-1890b4aaab6e', 1, '测试3', 'attr3', '测试3', 'sku_required_field', 'String', 'Y', null, null, null, to_date('06-04-2017 15:20:34', 'dd-mm-yyyy hh24:mi:ss'), null, null, null);
insert into DICT_DICTIONARY (id, dic_parent_id, dic_type_id, is_active, dic_desc, dic_key, dic_value, attr1, attr2, attr3, attr4, attr5, attr6, create_datetime, create_by, last_modify_datetime, last_modify_by)
values ('c8f3653d-2b3c-4aa3-85a5-e20023969b6c', null, '41be792f-b6b1-43d4-b27d-1890b4aaab6e', 1, null, 'attr25', null, 'sku_required_field', null, null, null, null, null, to_date('06-04-2017 15:20:34', 'dd-mm-yyyy hh24:mi:ss'), null, null, null);
insert into DICT_DICTIONARY (id, dic_parent_id, dic_type_id, is_active, dic_desc, dic_key, dic_value, attr1, attr2, attr3, attr4, attr5, attr6, create_datetime, create_by, last_modify_datetime, last_modify_by)
values ('ca43595e-580f-41e8-bea7-bc69b52d3bbc', null, '41be792f-b6b1-43d4-b27d-1890b4aaab6e', 1, null, 'attr25', null, 'batch_required_field', null, null, null, null, null, to_date('06-04-2017 15:20:34', 'dd-mm-yyyy hh24:mi:ss'), null, null, null);
insert into DICT_DICTIONARY (id, dic_parent_id, dic_type_id, is_active, dic_desc, dic_key, dic_value, attr1, attr2, attr3, attr4, attr5, attr6, create_datetime, create_by, last_modify_datetime, last_modify_by)
values ('cc4633a8-39db-4ea8-8689-7694e65d4910', null, '41be792f-b6b1-43d4-b27d-1890b4aaab6e', 1, null, 'attr28', null, 'storage_required_field', null, null, null, null, null, to_date('06-04-2017 15:20:34', 'dd-mm-yyyy hh24:mi:ss'), null, null, null);
insert into DICT_DICTIONARY (id, dic_parent_id, dic_type_id, is_active, dic_desc, dic_key, dic_value, attr1, attr2, attr3, attr4, attr5, attr6, create_datetime, create_by, last_modify_datetime, last_modify_by)
values ('ccab3411-bb88-42ad-9a94-397661225c22', null, '41be792f-b6b1-43d4-b27d-1890b4aaab6e', 1, null, 'attr23', null, 'batch_required_field', null, null, null, null, null, to_date('06-04-2017 15:20:34', 'dd-mm-yyyy hh24:mi:ss'), null, null, null);
insert into DICT_DICTIONARY (id, dic_parent_id, dic_type_id, is_active, dic_desc, dic_key, dic_value, attr1, attr2, attr3, attr4, attr5, attr6, create_datetime, create_by, last_modify_datetime, last_modify_by)
values ('cd95a170-930b-48ff-97c8-6e8590bb2780', null, '41be792f-b6b1-43d4-b27d-1890b4aaab6e', 1, null, 'attr4', '测试日期', 'sku_required_field', 'Date', 'Y', null, null, null, to_date('06-04-2017 15:20:34', 'dd-mm-yyyy hh24:mi:ss'), null, null, null);
insert into DICT_DICTIONARY (id, dic_parent_id, dic_type_id, is_active, dic_desc, dic_key, dic_value, attr1, attr2, attr3, attr4, attr5, attr6, create_datetime, create_by, last_modify_datetime, last_modify_by)
values ('cf480905-4891-4ca7-921f-5a5986dd3214', null, '41be792f-b6b1-43d4-b27d-1890b4aaab6e', 1, null, 'attr33', null, 'sku_required_field', null, null, null, null, null, to_date('06-04-2017 15:20:34', 'dd-mm-yyyy hh24:mi:ss'), null, null, null);
insert into DICT_DICTIONARY (id, dic_parent_id, dic_type_id, is_active, dic_desc, dic_key, dic_value, attr1, attr2, attr3, attr4, attr5, attr6, create_datetime, create_by, last_modify_datetime, last_modify_by)
values ('d0379c1f-26e9-493a-9c86-3f19cb715edd', null, '41be792f-b6b1-43d4-b27d-1890b4aaab6e', 1, null, 'attr48', null, 'storage_required_field', null, null, null, null, null, to_date('06-04-2017 15:20:34', 'dd-mm-yyyy hh24:mi:ss'), null, null, null);
insert into DICT_DICTIONARY (id, dic_parent_id, dic_type_id, is_active, dic_desc, dic_key, dic_value, attr1, attr2, attr3, attr4, attr5, attr6, create_datetime, create_by, last_modify_datetime, last_modify_by)
values ('d0f59879-0168-4b18-b11b-663dfa9eb749', null, '41be792f-b6b1-43d4-b27d-1890b4aaab6e', 1, null, 'attr36', null, 'storage_required_field', null, null, null, null, null, to_date('06-04-2017 15:20:34', 'dd-mm-yyyy hh24:mi:ss'), null, null, null);
insert into DICT_DICTIONARY (id, dic_parent_id, dic_type_id, is_active, dic_desc, dic_key, dic_value, attr1, attr2, attr3, attr4, attr5, attr6, create_datetime, create_by, last_modify_datetime, last_modify_by)
values ('d79ae059-fa82-46e7-8911-1d6aef4ffbfb', null, '41be792f-b6b1-43d4-b27d-1890b4aaab6e', 1, null, 'attr39', null, 'sku_required_field', null, null, null, null, null, to_date('06-04-2017 15:20:34', 'dd-mm-yyyy hh24:mi:ss'), null, null, null);
insert into DICT_DICTIONARY (id, dic_parent_id, dic_type_id, is_active, dic_desc, dic_key, dic_value, attr1, attr2, attr3, attr4, attr5, attr6, create_datetime, create_by, last_modify_datetime, last_modify_by)
values ('d8c8d935-21fb-4681-b48a-15f849379777', null, '41be792f-b6b1-43d4-b27d-1890b4aaab6e', 1, null, 'attr34', null, 'sku_required_field', null, null, null, null, null, to_date('06-04-2017 15:20:34', 'dd-mm-yyyy hh24:mi:ss'), null, null, null);
insert into DICT_DICTIONARY (id, dic_parent_id, dic_type_id, is_active, dic_desc, dic_key, dic_value, attr1, attr2, attr3, attr4, attr5, attr6, create_datetime, create_by, last_modify_datetime, last_modify_by)
values ('d933fc34-26d2-462f-92e4-84142ec1ae6c', null, '41be792f-b6b1-43d4-b27d-1890b4aaab6e', 1, null, 'attr30', null, 'batch_required_field', null, null, null, null, null, to_date('06-04-2017 15:20:34', 'dd-mm-yyyy hh24:mi:ss'), null, null, null);
insert into DICT_DICTIONARY (id, dic_parent_id, dic_type_id, is_active, dic_desc, dic_key, dic_value, attr1, attr2, attr3, attr4, attr5, attr6, create_datetime, create_by, last_modify_datetime, last_modify_by)
values ('db10d060-6633-4a7d-aa2f-755c9466d541', null, '41be792f-b6b1-43d4-b27d-1890b4aaab6e', 1, null, 'attr13', null, 'batch_required_field', null, null, null, null, null, to_date('06-04-2017 15:20:34', 'dd-mm-yyyy hh24:mi:ss'), null, null, null);
insert into DICT_DICTIONARY (id, dic_parent_id, dic_type_id, is_active, dic_desc, dic_key, dic_value, attr1, attr2, attr3, attr4, attr5, attr6, create_datetime, create_by, last_modify_datetime, last_modify_by)
values ('dcd1c1ea-f147-45bc-9cba-2a0f23cd4e14', null, '41be792f-b6b1-43d4-b27d-1890b4aaab6e', 1, null, 'attr50', null, 'sku_required_field', null, null, null, null, null, to_date('06-04-2017 15:20:34', 'dd-mm-yyyy hh24:mi:ss'), null, null, null);
insert into DICT_DICTIONARY (id, dic_parent_id, dic_type_id, is_active, dic_desc, dic_key, dic_value, attr1, attr2, attr3, attr4, attr5, attr6, create_datetime, create_by, last_modify_datetime, last_modify_by)
values ('de144a4f-1759-4cd9-8ca6-9b1ec081499f', null, '41be792f-b6b1-43d4-b27d-1890b4aaab6e', 1, null, 'attr35', null, 'batch_required_field', null, null, null, null, null, to_date('06-04-2017 15:20:34', 'dd-mm-yyyy hh24:mi:ss'), null, null, null);
insert into DICT_DICTIONARY (id, dic_parent_id, dic_type_id, is_active, dic_desc, dic_key, dic_value, attr1, attr2, attr3, attr4, attr5, attr6, create_datetime, create_by, last_modify_datetime, last_modify_by)
values ('df862f73-fd48-4503-91ab-2b476c76df06', null, '41be792f-b6b1-43d4-b27d-1890b4aaab6e', 1, null, 'attr19', null, 'batch_required_field', null, null, null, null, null, to_date('06-04-2017 15:20:34', 'dd-mm-yyyy hh24:mi:ss'), null, null, null);
insert into DICT_DICTIONARY (id, dic_parent_id, dic_type_id, is_active, dic_desc, dic_key, dic_value, attr1, attr2, attr3, attr4, attr5, attr6, create_datetime, create_by, last_modify_datetime, last_modify_by)
values ('e01fe7b1-b712-4e68-a45c-f1cb9a540214', null, '41be792f-b6b1-43d4-b27d-1890b4aaab6e', 1, null, 'attr15', null, 'sku_required_field', null, null, null, null, null, to_date('06-04-2017 15:20:34', 'dd-mm-yyyy hh24:mi:ss'), null, null, null);
insert into DICT_DICTIONARY (id, dic_parent_id, dic_type_id, is_active, dic_desc, dic_key, dic_value, attr1, attr2, attr3, attr4, attr5, attr6, create_datetime, create_by, last_modify_datetime, last_modify_by)
values ('e09f24bf-50ad-4f9d-ba68-e9ad5e7d4509', null, '41be792f-b6b1-43d4-b27d-1890b4aaab6e', 1, null, 'attr42', null, 'batch_required_field', null, null, null, null, null, to_date('06-04-2017 15:20:34', 'dd-mm-yyyy hh24:mi:ss'), null, null, null);
insert into DICT_DICTIONARY (id, dic_parent_id, dic_type_id, is_active, dic_desc, dic_key, dic_value, attr1, attr2, attr3, attr4, attr5, attr6, create_datetime, create_by, last_modify_datetime, last_modify_by)
values ('e1d7b2c4-9fde-4626-8e39-34eac64421ae', null, '41be792f-b6b1-43d4-b27d-1890b4aaab6e', 1, null, 'attr34', null, 'storage_required_field', null, null, null, null, null, to_date('06-04-2017 15:20:34', 'dd-mm-yyyy hh24:mi:ss'), null, null, null);
insert into DICT_DICTIONARY (id, dic_parent_id, dic_type_id, is_active, dic_desc, dic_key, dic_value, attr1, attr2, attr3, attr4, attr5, attr6, create_datetime, create_by, last_modify_datetime, last_modify_by)
values ('e4218fb0-8299-4ba3-ac29-19d3f2db04da', null, '41be792f-b6b1-43d4-b27d-1890b4aaab6e', 1, null, 'attr19', null, 'sku_required_field', null, null, null, null, null, to_date('06-04-2017 15:20:34', 'dd-mm-yyyy hh24:mi:ss'), null, null, null);
insert into DICT_DICTIONARY (id, dic_parent_id, dic_type_id, is_active, dic_desc, dic_key, dic_value, attr1, attr2, attr3, attr4, attr5, attr6, create_datetime, create_by, last_modify_datetime, last_modify_by)
values ('e49a5900-5d01-4d18-a7ed-356c886872ed', null, '41be792f-b6b1-43d4-b27d-1890b4aaab6e', 1, null, 'attr34', null, 'batch_required_field', null, null, null, null, null, to_date('06-04-2017 15:20:34', 'dd-mm-yyyy hh24:mi:ss'), null, null, null);
insert into DICT_DICTIONARY (id, dic_parent_id, dic_type_id, is_active, dic_desc, dic_key, dic_value, attr1, attr2, attr3, attr4, attr5, attr6, create_datetime, create_by, last_modify_datetime, last_modify_by)
values ('ee1caa12-f044-4e70-8151-bd34ed1a3390', null, '41be792f-b6b1-43d4-b27d-1890b4aaab6e', 1, null, 'attr31', null, 'storage_required_field', null, null, null, null, null, to_date('06-04-2017 15:20:34', 'dd-mm-yyyy hh24:mi:ss'), null, null, null);
insert into DICT_DICTIONARY (id, dic_parent_id, dic_type_id, is_active, dic_desc, dic_key, dic_value, attr1, attr2, attr3, attr4, attr5, attr6, create_datetime, create_by, last_modify_datetime, last_modify_by)
values ('f0db9999-0682-4609-af8f-20697a49ccda', null, '41be792f-b6b1-43d4-b27d-1890b4aaab6e', 1, null, 'attr27', null, 'storage_required_field', null, null, null, null, null, to_date('06-04-2017 15:20:34', 'dd-mm-yyyy hh24:mi:ss'), null, null, null);
insert into DICT_DICTIONARY (id, dic_parent_id, dic_type_id, is_active, dic_desc, dic_key, dic_value, attr1, attr2, attr3, attr4, attr5, attr6, create_datetime, create_by, last_modify_datetime, last_modify_by)
values ('f1841100-82d4-43c7-bca3-e916a443afb8', null, '41be792f-b6b1-43d4-b27d-1890b4aaab6e', 1, null, 'attr22', null, 'batch_required_field', null, null, null, null, null, to_date('06-04-2017 15:20:34', 'dd-mm-yyyy hh24:mi:ss'), null, null, null);
insert into DICT_DICTIONARY (id, dic_parent_id, dic_type_id, is_active, dic_desc, dic_key, dic_value, attr1, attr2, attr3, attr4, attr5, attr6, create_datetime, create_by, last_modify_datetime, last_modify_by)
values ('f1e890fa-1c25-4e94-9bf2-a22c11b97d22', null, '41be792f-b6b1-43d4-b27d-1890b4aaab6e', 1, null, 'attr20', null, 'sku_required_field', null, null, null, null, null, to_date('06-04-2017 15:20:34', 'dd-mm-yyyy hh24:mi:ss'), null, null, null);
insert into DICT_DICTIONARY (id, dic_parent_id, dic_type_id, is_active, dic_desc, dic_key, dic_value, attr1, attr2, attr3, attr4, attr5, attr6, create_datetime, create_by, last_modify_datetime, last_modify_by)
values ('f29c83c6-6221-4121-8a3c-397e71f6b944', null, '41be792f-b6b1-43d4-b27d-1890b4aaab6e', 1, null, 'attr25', null, 'storage_required_field', null, null, null, null, null, to_date('06-04-2017 15:20:34', 'dd-mm-yyyy hh24:mi:ss'), null, null, null);
insert into DICT_DICTIONARY (id, dic_parent_id, dic_type_id, is_active, dic_desc, dic_key, dic_value, attr1, attr2, attr3, attr4, attr5, attr6, create_datetime, create_by, last_modify_datetime, last_modify_by)
values ('f447bd91-4d7a-4a9c-97a7-f7384b403a93', null, '41be792f-b6b1-43d4-b27d-1890b4aaab6e', 1, null, 'attr12', null, 'sku_required_field', null, null, null, null, null, to_date('06-04-2017 15:20:34', 'dd-mm-yyyy hh24:mi:ss'), null, null, null);
insert into DICT_DICTIONARY (id, dic_parent_id, dic_type_id, is_active, dic_desc, dic_key, dic_value, attr1, attr2, attr3, attr4, attr5, attr6, create_datetime, create_by, last_modify_datetime, last_modify_by)
values ('f4dff0be-ffa2-4b2d-87d2-68c57fe6fc5e', null, '41be792f-b6b1-43d4-b27d-1890b4aaab6e', 1, null, 'attr13', null, 'storage_required_field', null, null, null, null, null, to_date('06-04-2017 15:20:34', 'dd-mm-yyyy hh24:mi:ss'), null, null, null);
insert into DICT_DICTIONARY (id, dic_parent_id, dic_type_id, is_active, dic_desc, dic_key, dic_value, attr1, attr2, attr3, attr4, attr5, attr6, create_datetime, create_by, last_modify_datetime, last_modify_by)
values ('f6e5bb6f-507f-4fdf-bfd0-c816149eb2f4', null, '41be792f-b6b1-43d4-b27d-1890b4aaab6e', 1, null, 'attr46', null, 'storage_required_field', null, null, null, null, null, to_date('06-04-2017 15:20:34', 'dd-mm-yyyy hh24:mi:ss'), null, null, null);
insert into DICT_DICTIONARY (id, dic_parent_id, dic_type_id, is_active, dic_desc, dic_key, dic_value, attr1, attr2, attr3, attr4, attr5, attr6, create_datetime, create_by, last_modify_datetime, last_modify_by)
values ('fa466240-9d55-4a36-89a9-95749d94b6e5', null, '41be792f-b6b1-43d4-b27d-1890b4aaab6e', 1, null, 'attr26', null, 'batch_required_field', null, null, null, null, null, to_date('06-04-2017 15:20:34', 'dd-mm-yyyy hh24:mi:ss'), null, null, null);
insert into DICT_DICTIONARY (id, dic_parent_id, dic_type_id, is_active, dic_desc, dic_key, dic_value, attr1, attr2, attr3, attr4, attr5, attr6, create_datetime, create_by, last_modify_datetime, last_modify_by)
values ('fb5aa2dd-6d03-4c02-ba0f-02ecc1c80244', null, '41be792f-b6b1-43d4-b27d-1890b4aaab6e', 1, null, 'attr7', null, 'sku_required_field', null, null, null, null, null, to_date('06-04-2017 15:20:34', 'dd-mm-yyyy hh24:mi:ss'), null, null, null);
insert into DICT_DICTIONARY (id, dic_parent_id, dic_type_id, is_active, dic_desc, dic_key, dic_value, attr1, attr2, attr3, attr4, attr5, attr6, create_datetime, create_by, last_modify_datetime, last_modify_by)
values ('fc820af2-4344-45e0-88d0-c6b88d872d6c', null, '41be792f-b6b1-43d4-b27d-1890b4aaab6e', 1, null, 'attr21', null, 'sku_required_field', null, null, null, null, null, to_date('06-04-2017 15:20:34', 'dd-mm-yyyy hh24:mi:ss'), null, null, null);
insert into DICT_DICTIONARY (id, dic_parent_id, dic_type_id, is_active, dic_desc, dic_key, dic_value, attr1, attr2, attr3, attr4, attr5, attr6, create_datetime, create_by, last_modify_datetime, last_modify_by)
values ('fe1af888-c69e-46f5-a2bf-86a59f026732', null, '41be792f-b6b1-43d4-b27d-1890b4aaab6e', 1, null, 'attr37', null, 'storage_required_field', null, null, null, null, null, to_date('06-04-2017 15:20:34', 'dd-mm-yyyy hh24:mi:ss'), null, null, null);
insert into DICT_DICTIONARY (id, dic_parent_id, dic_type_id, is_active, dic_desc, dic_key, dic_value, attr1, attr2, attr3, attr4, attr5, attr6, create_datetime, create_by, last_modify_datetime, last_modify_by)
values ('fe53a3de-caf6-4a93-93ce-9712f7616937', null, '41be792f-b6b1-43d4-b27d-1890b4aaab6e', 1, null, 'attr42', null, 'storage_required_field', null, null, null, null, null, to_date('06-04-2017 15:20:34', 'dd-mm-yyyy hh24:mi:ss'), null, null, null);
insert into DICT_DICTIONARY (id, dic_parent_id, dic_type_id, is_active, dic_desc, dic_key, dic_value, attr1, attr2, attr3, attr4, attr5, attr6, create_datetime, create_by, last_modify_datetime, last_modify_by)
values ('bd744aab-3ba1-41b0-8bab-70a04b760c18', null, '41be792f-b6b1-43d4-b27d-1890b4aaab6e', 1, null, 'attr28', null, 'sku_required_field', null, null, null, null, null, to_date('06-04-2017 15:20:34', 'dd-mm-yyyy hh24:mi:ss'), null, null, null);
insert into DICT_DICTIONARY (id, dic_parent_id, dic_type_id, is_active, dic_desc, dic_key, dic_value, attr1, attr2, attr3, attr4, attr5, attr6, create_datetime, create_by, last_modify_datetime, last_modify_by)
values ('be0b3eb1-f12e-45f8-8572-3c58c76526b8', null, '41be792f-b6b1-43d4-b27d-1890b4aaab6e', 1, null, 'attr27', null, 'sku_required_field', null, null, null, null, null, to_date('06-04-2017 15:20:34', 'dd-mm-yyyy hh24:mi:ss'), null, null, null);
insert into DICT_DICTIONARY (id, dic_parent_id, dic_type_id, is_active, dic_desc, dic_key, dic_value, attr1, attr2, attr3, attr4, attr5, attr6, create_datetime, create_by, last_modify_datetime, last_modify_by)
values ('0a45b0c1-a408-4562-90db-89584c980176', null, '41be792f-b6b1-43d4-b27d-1890b4aaab6e', 1, null, 'attr18', null, 'storage_required_field', null, null, null, null, null, to_date('06-04-2017 15:20:34', 'dd-mm-yyyy hh24:mi:ss'), null, null, null);
insert into DICT_DICTIONARY (id, dic_parent_id, dic_type_id, is_active, dic_desc, dic_key, dic_value, attr1, attr2, attr3, attr4, attr5, attr6, create_datetime, create_by, last_modify_datetime, last_modify_by)
values ('109e2124-f91f-45b8-83c2-39b38b659617', null, '41be792f-b6b1-43d4-b27d-1890b4aaab6e', 1, null, 'attr16', null, 'batch_required_field', null, null, null, null, null, to_date('06-04-2017 15:20:34', 'dd-mm-yyyy hh24:mi:ss'), null, null, null);
insert into DICT_DICTIONARY (id, dic_parent_id, dic_type_id, is_active, dic_desc, dic_key, dic_value, attr1, attr2, attr3, attr4, attr5, attr6, create_datetime, create_by, last_modify_datetime, last_modify_by)
values ('0dc405f5-5463-4205-a95a-0787f30d8f0b', null, '41be792f-b6b1-43d4-b27d-1890b4aaab6e', 1, null, 'attr43', null, 'storage_required_field', null, null, null, null, null, to_date('06-04-2017 15:20:34', 'dd-mm-yyyy hh24:mi:ss'), null, null, null);
insert into DICT_DICTIONARY (id, dic_parent_id, dic_type_id, is_active, dic_desc, dic_key, dic_value, attr1, attr2, attr3, attr4, attr5, attr6, create_datetime, create_by, last_modify_datetime, last_modify_by)
values ('1474dae1-5b51-44e4-958a-ccd24c5890f4', null, '41be792f-b6b1-43d4-b27d-1890b4aaab6e', 1, null, 'attr31', null, 'batch_required_field', null, null, null, null, null, to_date('06-04-2017 15:20:34', 'dd-mm-yyyy hh24:mi:ss'), null, null, null);
insert into DICT_DICTIONARY (id, dic_parent_id, dic_type_id, is_active, dic_desc, dic_key, dic_value, attr1, attr2, attr3, attr4, attr5, attr6, create_datetime, create_by, last_modify_datetime, last_modify_by)
values ('16416040-a245-4a2c-a5d1-257de09925cf', null, '41be792f-b6b1-43d4-b27d-1890b4aaab6e', 1, null, 'attr9', null, 'storage_required_field', null, null, null, null, null, to_date('06-04-2017 15:20:34', 'dd-mm-yyyy hh24:mi:ss'), null, null, null);
insert into DICT_DICTIONARY (id, dic_parent_id, dic_type_id, is_active, dic_desc, dic_key, dic_value, attr1, attr2, attr3, attr4, attr5, attr6, create_datetime, create_by, last_modify_datetime, last_modify_by)
values ('17dea04f-9d0d-43e4-b772-7f8b40bc9f4b', null, '41be792f-b6b1-43d4-b27d-1890b4aaab6e', 1, null, 'attr14', null, 'storage_required_field', null, null, null, null, null, to_date('06-04-2017 15:20:34', 'dd-mm-yyyy hh24:mi:ss'), null, null, null);
commit;
-- prompt 100 records committed...
insert into DICT_DICTIONARY (id, dic_parent_id, dic_type_id, is_active, dic_desc, dic_key, dic_value, attr1, attr2, attr3, attr4, attr5, attr6, create_datetime, create_by, last_modify_datetime, last_modify_by)
values ('1ba08a4b-be1f-4edf-8388-ccade62935e5', null, '41be792f-b6b1-43d4-b27d-1890b4aaab6e', 1, null, 'attr8', null, 'batch_required_field', null, null, null, null, null, to_date('06-04-2017 15:20:34', 'dd-mm-yyyy hh24:mi:ss'), null, null, null);
insert into DICT_DICTIONARY (id, dic_parent_id, dic_type_id, is_active, dic_desc, dic_key, dic_value, attr1, attr2, attr3, attr4, attr5, attr6, create_datetime, create_by, last_modify_datetime, last_modify_by)
values ('209b294d-1324-42d0-8bf0-b6556985f90a', null, '41be792f-b6b1-43d4-b27d-1890b4aaab6e', 1, null, 'attr20', null, 'batch_required_field', null, null, null, null, null, to_date('06-04-2017 15:20:34', 'dd-mm-yyyy hh24:mi:ss'), null, null, null);
insert into DICT_DICTIONARY (id, dic_parent_id, dic_type_id, is_active, dic_desc, dic_key, dic_value, attr1, attr2, attr3, attr4, attr5, attr6, create_datetime, create_by, last_modify_datetime, last_modify_by)
values ('2a711956-82a1-4b03-9ab5-25efa75ad835', null, '41be792f-b6b1-43d4-b27d-1890b4aaab6e', 1, null, 'attr6', null, 'batch_required_field', null, null, null, null, null, to_date('06-04-2017 15:20:34', 'dd-mm-yyyy hh24:mi:ss'), null, null, null);
insert into DICT_DICTIONARY (id, dic_parent_id, dic_type_id, is_active, dic_desc, dic_key, dic_value, attr1, attr2, attr3, attr4, attr5, attr6, create_datetime, create_by, last_modify_datetime, last_modify_by)
values ('2d128e42-4a4e-4389-abdf-ab1915308ddb', null, '41be792f-b6b1-43d4-b27d-1890b4aaab6e', 1, null, 'attr61', '测试4', 'sku_required_field', 'String', 'Y', null, null, null, to_date('06-04-2017 15:20:34', 'dd-mm-yyyy hh24:mi:ss'), null, null, '用户');
insert into DICT_DICTIONARY (id, dic_parent_id, dic_type_id, is_active, dic_desc, dic_key, dic_value, attr1, attr2, attr3, attr4, attr5, attr6, create_datetime, create_by, last_modify_datetime, last_modify_by)
values ('317ef581-556f-4171-a925-0743660861f0', null, '41be792f-b6b1-43d4-b27d-1890b4aaab6e', 1, null, 'attr47', null, 'batch_required_field', null, null, null, null, null, to_date('06-04-2017 15:20:34', 'dd-mm-yyyy hh24:mi:ss'), null, null, null);
insert into DICT_DICTIONARY (id, dic_parent_id, dic_type_id, is_active, dic_desc, dic_key, dic_value, attr1, attr2, attr3, attr4, attr5, attr6, create_datetime, create_by, last_modify_datetime, last_modify_by)
values ('31a7d5ba-ff43-4ef6-8b88-c28b612f69af', null, '41be792f-b6b1-43d4-b27d-1890b4aaab6e', 1, null, 'attr16', null, 'storage_required_field', null, null, null, null, null, to_date('06-04-2017 15:20:34', 'dd-mm-yyyy hh24:mi:ss'), null, null, null);
insert into DICT_DICTIONARY (id, dic_parent_id, dic_type_id, is_active, dic_desc, dic_key, dic_value, attr1, attr2, attr3, attr4, attr5, attr6, create_datetime, create_by, last_modify_datetime, last_modify_by)
values ('31e432bb-61ab-438c-a778-9fc3eae751b1', null, '41be792f-b6b1-43d4-b27d-1890b4aaab6e', 1, null, 'attr28', null, 'batch_required_field', null, null, null, null, null, to_date('06-04-2017 15:20:34', 'dd-mm-yyyy hh24:mi:ss'), null, null, null);
insert into DICT_DICTIONARY (id, dic_parent_id, dic_type_id, is_active, dic_desc, dic_key, dic_value, attr1, attr2, attr3, attr4, attr5, attr6, create_datetime, create_by, last_modify_datetime, last_modify_by)
values ('336696d2-b4eb-4a71-894e-b87bfb0cc3fd', null, '41be792f-b6b1-43d4-b27d-1890b4aaab6e', 1, null, 'attr37', null, 'batch_required_field', null, null, null, null, null, to_date('06-04-2017 15:20:34', 'dd-mm-yyyy hh24:mi:ss'), null, null, null);
insert into DICT_DICTIONARY (id, dic_parent_id, dic_type_id, is_active, dic_desc, dic_key, dic_value, attr1, attr2, attr3, attr4, attr5, attr6, create_datetime, create_by, last_modify_datetime, last_modify_by)
values ('33cc9780-921f-42a6-aaf0-caf181bca401', null, '41be792f-b6b1-43d4-b27d-1890b4aaab6e', 1, null, 'attr10', null, 'batch_required_field', null, null, null, null, null, to_date('06-04-2017 15:20:34', 'dd-mm-yyyy hh24:mi:ss'), null, null, null);
insert into DICT_DICTIONARY (id, dic_parent_id, dic_type_id, is_active, dic_desc, dic_key, dic_value, attr1, attr2, attr3, attr4, attr5, attr6, create_datetime, create_by, last_modify_datetime, last_modify_by)
values ('35648fef-1949-4651-95d5-b76df9668b6f', null, '41be792f-b6b1-43d4-b27d-1890b4aaab6e', 1, null, 'attr15', null, 'storage_required_field', null, null, null, null, null, to_date('06-04-2017 15:20:34', 'dd-mm-yyyy hh24:mi:ss'), null, null, null);
insert into DICT_DICTIONARY (id, dic_parent_id, dic_type_id, is_active, dic_desc, dic_key, dic_value, attr1, attr2, attr3, attr4, attr5, attr6, create_datetime, create_by, last_modify_datetime, last_modify_by)
values ('36b9a5a4-5b04-4cef-ab2f-b2ff4069e1a5', null, '41be792f-b6b1-43d4-b27d-1890b4aaab6e', 1, null, 'attr36', null, 'batch_required_field', null, null, null, null, null, to_date('06-04-2017 15:20:34', 'dd-mm-yyyy hh24:mi:ss'), null, null, null);
insert into DICT_DICTIONARY (id, dic_parent_id, dic_type_id, is_active, dic_desc, dic_key, dic_value, attr1, attr2, attr3, attr4, attr5, attr6, create_datetime, create_by, last_modify_datetime, last_modify_by)
values ('388a265a-1ee1-4f0d-9c97-e7df2df47637', null, '41be792f-b6b1-43d4-b27d-1890b4aaab6e', 1, null, 'attr5', null, 'batch_required_field', null, null, null, null, null, to_date('06-04-2017 15:20:34', 'dd-mm-yyyy hh24:mi:ss'), null, null, null);
insert into DICT_DICTIONARY (id, dic_parent_id, dic_type_id, is_active, dic_desc, dic_key, dic_value, attr1, attr2, attr3, attr4, attr5, attr6, create_datetime, create_by, last_modify_datetime, last_modify_by)
values ('3ce3ba49-4ab5-4066-8de1-9cabc3b37353', null, '41be792f-b6b1-43d4-b27d-1890b4aaab6e', 1, null, 'attr20', null, 'storage_required_field', null, null, null, null, null, to_date('06-04-2017 15:20:34', 'dd-mm-yyyy hh24:mi:ss'), null, null, null);
insert into DICT_DICTIONARY (id, dic_parent_id, dic_type_id, is_active, dic_desc, dic_key, dic_value, attr1, attr2, attr3, attr4, attr5, attr6, create_datetime, create_by, last_modify_datetime, last_modify_by)
values ('3ce45dcd-e06e-4f56-99e5-c560e68892ca', null, '41be792f-b6b1-43d4-b27d-1890b4aaab6e', 1, null, 'attr11', null, 'sku_required_field', null, null, null, null, null, to_date('06-04-2017 15:20:34', 'dd-mm-yyyy hh24:mi:ss'), null, null, null);
insert into DICT_DICTIONARY (id, dic_parent_id, dic_type_id, is_active, dic_desc, dic_key, dic_value, attr1, attr2, attr3, attr4, attr5, attr6, create_datetime, create_by, last_modify_datetime, last_modify_by)
values ('3d8f1a1a-4457-4d90-bf99-61da1eb62e5f', null, '41be792f-b6b1-43d4-b27d-1890b4aaab6e', 1, null, 'attr44', null, 'storage_required_field', null, null, null, null, null, to_date('06-04-2017 15:20:34', 'dd-mm-yyyy hh24:mi:ss'), null, null, null);
insert into DICT_DICTIONARY (id, dic_parent_id, dic_type_id, is_active, dic_desc, dic_key, dic_value, attr1, attr2, attr3, attr4, attr5, attr6, create_datetime, create_by, last_modify_datetime, last_modify_by)
values ('3e46afbb-9544-4e18-a7e4-8cac5f72d198', null, '41be792f-b6b1-43d4-b27d-1890b4aaab6e', 1, null, 'attr39', null, 'batch_required_field', null, null, null, null, null, to_date('06-04-2017 15:20:34', 'dd-mm-yyyy hh24:mi:ss'), null, null, null);
insert into DICT_DICTIONARY (id, dic_parent_id, dic_type_id, is_active, dic_desc, dic_key, dic_value, attr1, attr2, attr3, attr4, attr5, attr6, create_datetime, create_by, last_modify_datetime, last_modify_by)
values ('3f041a0a-a9a2-4dcc-8ca2-a62a212c1e79', null, '41be792f-b6b1-43d4-b27d-1890b4aaab6e', 1, null, 'attr21', null, 'batch_required_field', null, null, null, null, null, to_date('06-04-2017 15:20:34', 'dd-mm-yyyy hh24:mi:ss'), null, null, null);
insert into DICT_DICTIONARY (id, dic_parent_id, dic_type_id, is_active, dic_desc, dic_key, dic_value, attr1, attr2, attr3, attr4, attr5, attr6, create_datetime, create_by, last_modify_datetime, last_modify_by)
values ('4353be82-8d45-40ca-bb33-2de87a6964e6', null, '41be792f-b6b1-43d4-b27d-1890b4aaab6e', 1, '测试1', 'attr1', '测试1', null, 'string', null, null, null, null, to_date('06-04-2017 15:20:34', 'dd-mm-yyyy hh24:mi:ss'), null, null, '用户');
insert into DICT_DICTIONARY (id, dic_parent_id, dic_type_id, is_active, dic_desc, dic_key, dic_value, attr1, attr2, attr3, attr4, attr5, attr6, create_datetime, create_by, last_modify_datetime, last_modify_by)
values ('44657a89-f01a-4e8a-8ceb-dc5f4b088cd9', null, '41be792f-b6b1-43d4-b27d-1890b4aaab6e', 1, null, 'attr24', null, 'batch_required_field', null, null, null, null, null, to_date('06-04-2017 15:20:34', 'dd-mm-yyyy hh24:mi:ss'), null, null, null);
insert into DICT_DICTIONARY (id, dic_parent_id, dic_type_id, is_active, dic_desc, dic_key, dic_value, attr1, attr2, attr3, attr4, attr5, attr6, create_datetime, create_by, last_modify_datetime, last_modify_by)
values ('46ee8245-d141-4a2e-8d2d-703957d51931', null, '41be792f-b6b1-43d4-b27d-1890b4aaab6e', 1, null, 'attr32', null, 'storage_required_field', null, null, null, null, null, to_date('06-04-2017 15:20:34', 'dd-mm-yyyy hh24:mi:ss'), null, null, null);
insert into DICT_DICTIONARY (id, dic_parent_id, dic_type_id, is_active, dic_desc, dic_key, dic_value, attr1, attr2, attr3, attr4, attr5, attr6, create_datetime, create_by, last_modify_datetime, last_modify_by)
values ('4b04a19c-a6b7-440a-b6f7-814d81767baf', null, '41be792f-b6b1-43d4-b27d-1890b4aaab6e', 1, null, 'attr18', null, 'sku_required_field', null, null, null, null, null, to_date('06-04-2017 15:20:34', 'dd-mm-yyyy hh24:mi:ss'), null, null, null);
insert into DICT_DICTIONARY (id, dic_parent_id, dic_type_id, is_active, dic_desc, dic_key, dic_value, attr1, attr2, attr3, attr4, attr5, attr6, create_datetime, create_by, last_modify_datetime, last_modify_by)
values ('4b3470b0-8db4-46a3-945e-85738f87d457', null, '41be792f-b6b1-43d4-b27d-1890b4aaab6e', 1, null, 'attr29', null, 'storage_required_field', null, null, null, null, null, to_date('06-04-2017 15:20:34', 'dd-mm-yyyy hh24:mi:ss'), null, null, null);
insert into DICT_DICTIONARY (id, dic_parent_id, dic_type_id, is_active, dic_desc, dic_key, dic_value, attr1, attr2, attr3, attr4, attr5, attr6, create_datetime, create_by, last_modify_datetime, last_modify_by)
values ('4ba506c5-977e-47ee-9e58-54674fac76e3', null, '41be792f-b6b1-43d4-b27d-1890b4aaab6e', 1, '测试批1', 'attr1', '测试批1', 'batch_required_field', 'String', 'Y', null, null, null, to_date('06-04-2017 15:20:34', 'dd-mm-yyyy hh24:mi:ss'), null, null, null);
insert into DICT_DICTIONARY (id, dic_parent_id, dic_type_id, is_active, dic_desc, dic_key, dic_value, attr1, attr2, attr3, attr4, attr5, attr6, create_datetime, create_by, last_modify_datetime, last_modify_by)
values ('4d81a889-3718-4b4a-8840-56b6817fdcc4', null, '41be792f-b6b1-43d4-b27d-1890b4aaab6e', 1, null, 'attr32', null, 'batch_required_field', null, null, null, null, null, to_date('06-04-2017 15:20:34', 'dd-mm-yyyy hh24:mi:ss'), null, null, null);
insert into DICT_DICTIONARY (id, dic_parent_id, dic_type_id, is_active, dic_desc, dic_key, dic_value, attr1, attr2, attr3, attr4, attr5, attr6, create_datetime, create_by, last_modify_datetime, last_modify_by)
values ('4f3ed7e2-031b-47a3-8e7a-14f00afafaa7', null, '41be792f-b6b1-43d4-b27d-1890b4aaab6e', 1, null, 'attr8', null, 'storage_required_field', null, null, null, null, null, to_date('06-04-2017 15:20:34', 'dd-mm-yyyy hh24:mi:ss'), null, null, null);
insert into DICT_DICTIONARY (id, dic_parent_id, dic_type_id, is_active, dic_desc, dic_key, dic_value, attr1, attr2, attr3, attr4, attr5, attr6, create_datetime, create_by, last_modify_datetime, last_modify_by)
values ('4fe2bab2-5d24-4e9f-b608-e36209fcf68d', null, '41be792f-b6b1-43d4-b27d-1890b4aaab6e', 1, null, 'attr26', null, 'storage_required_field', null, null, null, null, null, to_date('06-04-2017 15:20:34', 'dd-mm-yyyy hh24:mi:ss'), null, null, null);
insert into DICT_DICTIONARY (id, dic_parent_id, dic_type_id, is_active, dic_desc, dic_key, dic_value, attr1, attr2, attr3, attr4, attr5, attr6, create_datetime, create_by, last_modify_datetime, last_modify_by)
values ('539dcd04-5f2e-4ecc-b41a-fa67bbed489c', null, '41be792f-b6b1-43d4-b27d-1890b4aaab6e', 1, '测试storage2', 'attr2', '测试storage2', 'storage_required_field', 'String', 'Y', null, null, null, to_date('06-04-2017 15:20:34', 'dd-mm-yyyy hh24:mi:ss'), null, null, null);
insert into DICT_DICTIONARY (id, dic_parent_id, dic_type_id, is_active, dic_desc, dic_key, dic_value, attr1, attr2, attr3, attr4, attr5, attr6, create_datetime, create_by, last_modify_datetime, last_modify_by)
values ('55577afb-f360-465f-a3d1-d5d4d47e9256', null, '41be792f-b6b1-43d4-b27d-1890b4aaab6e', 1, 'qqq', 'qqq', 'qqq', 'batch_required_field', '字符串（string）', 'qqq', null, null, null, to_date('06-04-2017 15:20:34', 'dd-mm-yyyy hh24:mi:ss'), '用户', null, '用户');
insert into DICT_DICTIONARY (id, dic_parent_id, dic_type_id, is_active, dic_desc, dic_key, dic_value, attr1, attr2, attr3, attr4, attr5, attr6, create_datetime, create_by, last_modify_datetime, last_modify_by)
values ('557c1efe-630c-4416-b500-45a7f972eae0', null, '41be792f-b6b1-43d4-b27d-1890b4aaab6e', 1, null, 'attr19', null, 'storage_required_field', null, null, null, null, null, to_date('06-04-2017 15:20:34', 'dd-mm-yyyy hh24:mi:ss'), null, null, null);
insert into DICT_DICTIONARY (id, dic_parent_id, dic_type_id, is_active, dic_desc, dic_key, dic_value, attr1, attr2, attr3, attr4, attr5, attr6, create_datetime, create_by, last_modify_datetime, last_modify_by)
values ('5879f76b-ec46-4812-9952-804dd6c26536', null, '41be792f-b6b1-43d4-b27d-1890b4aaab6e', 1, null, 'attr23', null, 'sku_required_field', null, null, null, null, null, to_date('06-04-2017 15:20:34', 'dd-mm-yyyy hh24:mi:ss'), null, null, null);
insert into DICT_DICTIONARY (id, dic_parent_id, dic_type_id, is_active, dic_desc, dic_key, dic_value, attr1, attr2, attr3, attr4, attr5, attr6, create_datetime, create_by, last_modify_datetime, last_modify_by)
values ('59a9623a-be0f-4a09-8b20-e5c6be235156', null, '41be792f-b6b1-43d4-b27d-1890b4aaab6e', 1, null, 'attr11', null, 'storage_required_field', null, null, null, null, null, to_date('06-04-2017 15:20:34', 'dd-mm-yyyy hh24:mi:ss'), null, null, null);
insert into DICT_DICTIONARY (id, dic_parent_id, dic_type_id, is_active, dic_desc, dic_key, dic_value, attr1, attr2, attr3, attr4, attr5, attr6, create_datetime, create_by, last_modify_datetime, last_modify_by)
values ('5a5051ba-d91f-46db-8a44-55c2ece21fce', null, '41be792f-b6b1-43d4-b27d-1890b4aaab6e', 1, null, 'attr17', null, 'sku_required_field', null, null, null, null, null, to_date('06-04-2017 15:20:34', 'dd-mm-yyyy hh24:mi:ss'), null, null, null);
insert into DICT_DICTIONARY (id, dic_parent_id, dic_type_id, is_active, dic_desc, dic_key, dic_value, attr1, attr2, attr3, attr4, attr5, attr6, create_datetime, create_by, last_modify_datetime, last_modify_by)
values ('5c855062-37d6-4b6a-9e39-f88a2ce938f0', null, '41be792f-b6b1-43d4-b27d-1890b4aaab6e', 1, null, 'attr46', '1111111111111', 'batch_required_field', 'String', null, null, null, null, to_date('06-04-2017 15:20:34', 'dd-mm-yyyy hh24:mi:ss'), null, null, '用户');
insert into DICT_DICTIONARY (id, dic_parent_id, dic_type_id, is_active, dic_desc, dic_key, dic_value, attr1, attr2, attr3, attr4, attr5, attr6, create_datetime, create_by, last_modify_datetime, last_modify_by)
values ('5d16a669-2bd7-470e-a180-cbc93d5deedb', null, '41be792f-b6b1-43d4-b27d-1890b4aaab6e', 1, null, 'attr4', null, 'batch_required_field', null, null, null, null, null, to_date('06-04-2017 15:20:34', 'dd-mm-yyyy hh24:mi:ss'), null, null, null);
insert into DICT_DICTIONARY (id, dic_parent_id, dic_type_id, is_active, dic_desc, dic_key, dic_value, attr1, attr2, attr3, attr4, attr5, attr6, create_datetime, create_by, last_modify_datetime, last_modify_by)
values ('5e085f61-aaf8-4bc7-a9cf-5c1f35b0f67b', null, '41be792f-b6b1-43d4-b27d-1890b4aaab6e', 1, null, 'attr4', null, 'storage_required_field', null, null, null, null, null, to_date('06-04-2017 15:20:34', 'dd-mm-yyyy hh24:mi:ss'), null, null, null);
insert into DICT_DICTIONARY (id, dic_parent_id, dic_type_id, is_active, dic_desc, dic_key, dic_value, attr1, attr2, attr3, attr4, attr5, attr6, create_datetime, create_by, last_modify_datetime, last_modify_by)
values ('605dec1d-0ed6-49b3-b1a9-1b75c01fc6f2', null, '41be792f-b6b1-43d4-b27d-1890b4aaab6e', 1, null, 'attr50', null, 'storage_required_field', null, null, null, null, null, to_date('06-04-2017 15:20:34', 'dd-mm-yyyy hh24:mi:ss'), null, null, null);
insert into DICT_DICTIONARY (id, dic_parent_id, dic_type_id, is_active, dic_desc, dic_key, dic_value, attr1, attr2, attr3, attr4, attr5, attr6, create_datetime, create_by, last_modify_datetime, last_modify_by)
values ('ea637682-5549-44a3-8657-0dae5549d7a8', null, '141d8895-b3ae-4bf2-a002-2f9bcf855709', 1, null, '原材料', 'material', null, null, null, null, null, null, null, null, null, null);
insert into DICT_DICTIONARY (id, dic_parent_id, dic_type_id, is_active, dic_desc, dic_key, dic_value, attr1, attr2, attr3, attr4, attr5, attr6, create_datetime, create_by, last_modify_datetime, last_modify_by)
values ('0050dd1c-227a-4534-bf19-dda7998886e7', null, '141d8895-b3ae-4bf2-a002-2f9bcf855709', 1, null, '半成品', 'semi-finished', null, null, null, null, null, null, null, null, null, null);
insert into DICT_DICTIONARY (id, dic_parent_id, dic_type_id, is_active, dic_desc, dic_key, dic_value, attr1, attr2, attr3, attr4, attr5, attr6, create_datetime, create_by, last_modify_datetime, last_modify_by)
values ('cce50b90-c844-4fc2-bab0-b0930405b318', null, '141d8895-b3ae-4bf2-a002-2f9bcf855709', 1, null, '成品', 'finished', null, null, null, null, null, null, null, null, null, null);
insert into DICT_DICTIONARY (id, dic_parent_id, dic_type_id, is_active, dic_desc, dic_key, dic_value, attr1, attr2, attr3, attr4, attr5, attr6, create_datetime, create_by, last_modify_datetime, last_modify_by)
values ('efbb4e8b-0e17-4ea3-9584-8a4ae3883c2e', null, 'b3df21ec-152c-4f9e-a79c-52516e9be599', 1, null, '箱', 'box', null, null, null, null, null, null, null, null, null, null);
insert into DICT_DICTIONARY (id, dic_parent_id, dic_type_id, is_active, dic_desc, dic_key, dic_value, attr1, attr2, attr3, attr4, attr5, attr6, create_datetime, create_by, last_modify_datetime, last_modify_by)
values ('8c761ae6-583e-4b2e-ba4b-9c3b6d50fa67', null, 'b3df21ec-152c-4f9e-a79c-52516e9be599', 1, null, '托盘', 'tray', null, null, null, null, null, null, null, null, null, null);
commit;
-- prompt 141 records loaded
-- prompt Loading FCS_ALARM_INFO...
-- prompt Table is empty
-- prompt Loading FCS_ALARM_HANDLE_INFO...
-- prompt Table is empty
-- prompt Loading FCS_ALARM_READ_STAMP...
insert into FCS_ALARM_READ_STAMP (id, user_id, last_refresh_time, is_active, create_datetime, create_by, last_modify_datetime, last_modify_by)
values ('7467dc12-5a8d-4fc4-9a79-262b311cea97', '1eef8a77-030f-4fd9-8c58-c4283460b521', to_date('27-04-2017 14:45:57', 'dd-mm-yyyy hh24:mi:ss'), 1, to_date('27-04-2017 14:45:57', 'dd-mm-yyyy hh24:mi:ss'), null, to_date('27-04-2017 14:45:57', 'dd-mm-yyyy hh24:mi:ss'), null);
insert into FCS_ALARM_READ_STAMP (id, user_id, last_refresh_time, is_active, create_datetime, create_by, last_modify_datetime, last_modify_by)
values ('3f2606ab-d2d8-4a88-916f-9fe89e7499d6', '1eef8a77-030f-4fd9-8c58-c4283460b521', to_date('27-04-2017 14:48:33', 'dd-mm-yyyy hh24:mi:ss'), 1, to_date('27-04-2017 14:48:33', 'dd-mm-yyyy hh24:mi:ss'), null, to_date('27-04-2017 14:48:33', 'dd-mm-yyyy hh24:mi:ss'), null);
insert into FCS_ALARM_READ_STAMP (id, user_id, last_refresh_time, is_active, create_datetime, create_by, last_modify_datetime, last_modify_by)
values ('65491835-8554-44ff-ae6c-aea7b369e889', '1eef8a77-030f-4fd9-8c58-c4283460b521', to_date('27-04-2017 15:12:33', 'dd-mm-yyyy hh24:mi:ss'), 1, to_date('27-04-2017 15:12:33', 'dd-mm-yyyy hh24:mi:ss'), null, to_date('27-04-2017 15:12:33', 'dd-mm-yyyy hh24:mi:ss'), null);
insert into FCS_ALARM_READ_STAMP (id, user_id, last_refresh_time, is_active, create_datetime, create_by, last_modify_datetime, last_modify_by)
values ('7abd4ec9-0029-4088-860c-6ece21138ec3', '1eef8a77-030f-4fd9-8c58-c4283460b521', to_date('27-04-2017 15:18:46', 'dd-mm-yyyy hh24:mi:ss'), 1, to_date('27-04-2017 15:18:46', 'dd-mm-yyyy hh24:mi:ss'), null, to_date('27-04-2017 15:18:46', 'dd-mm-yyyy hh24:mi:ss'), null);
insert into FCS_ALARM_READ_STAMP (id, user_id, last_refresh_time, is_active, create_datetime, create_by, last_modify_datetime, last_modify_by)
values ('e274b610-d5f3-4247-9016-356c2082a35d', '1eef8a77-030f-4fd9-8c58-c4283460b521', to_date('27-04-2017 15:18:47', 'dd-mm-yyyy hh24:mi:ss'), 1, to_date('27-04-2017 15:18:47', 'dd-mm-yyyy hh24:mi:ss'), null, to_date('27-04-2017 15:18:47', 'dd-mm-yyyy hh24:mi:ss'), null);
insert into FCS_ALARM_READ_STAMP (id, user_id, last_refresh_time, is_active, create_datetime, create_by, last_modify_datetime, last_modify_by)
values ('40d28f03-3c3d-43d2-86ea-42ec0b8be3e8', '1eef8a77-030f-4fd9-8c58-c4283460b521', to_date('27-04-2017 15:18:48', 'dd-mm-yyyy hh24:mi:ss'), 1, to_date('27-04-2017 15:18:48', 'dd-mm-yyyy hh24:mi:ss'), null, to_date('27-04-2017 15:18:48', 'dd-mm-yyyy hh24:mi:ss'), null);
insert into FCS_ALARM_READ_STAMP (id, user_id, last_refresh_time, is_active, create_datetime, create_by, last_modify_datetime, last_modify_by)
values ('13e67b8d-fe77-4fe2-a6ae-42f20afe1270', '1eef8a77-030f-4fd9-8c58-c4283460b521', to_date('27-04-2017 15:33:44', 'dd-mm-yyyy hh24:mi:ss'), 1, to_date('27-04-2017 15:33:44', 'dd-mm-yyyy hh24:mi:ss'), null, to_date('27-04-2017 15:33:44', 'dd-mm-yyyy hh24:mi:ss'), null);
insert into FCS_ALARM_READ_STAMP (id, user_id, last_refresh_time, is_active, create_datetime, create_by, last_modify_datetime, last_modify_by)
values ('f78090ef-3c37-40fc-b499-def251325044', '1eef8a77-030f-4fd9-8c58-c4283460b521', to_date('27-04-2017 15:35:43', 'dd-mm-yyyy hh24:mi:ss'), 1, to_date('27-04-2017 15:35:43', 'dd-mm-yyyy hh24:mi:ss'), null, to_date('27-04-2017 15:35:43', 'dd-mm-yyyy hh24:mi:ss'), null);
insert into FCS_ALARM_READ_STAMP (id, user_id, last_refresh_time, is_active, create_datetime, create_by, last_modify_datetime, last_modify_by)
values ('12bc9e56-44e6-4448-b530-867b6b6bea9e', '1eef8a77-030f-4fd9-8c58-c4283460b521', to_date('27-04-2017 15:36:33', 'dd-mm-yyyy hh24:mi:ss'), 1, to_date('27-04-2017 15:36:33', 'dd-mm-yyyy hh24:mi:ss'), null, to_date('27-04-2017 15:36:33', 'dd-mm-yyyy hh24:mi:ss'), null);
insert into FCS_ALARM_READ_STAMP (id, user_id, last_refresh_time, is_active, create_datetime, create_by, last_modify_datetime, last_modify_by)
values ('9a7a7b96-0e01-43ed-8212-2c201967235f', '1eef8a77-030f-4fd9-8c58-c4283460b521', to_date('27-04-2017 15:38:46', 'dd-mm-yyyy hh24:mi:ss'), 1, to_date('27-04-2017 15:38:46', 'dd-mm-yyyy hh24:mi:ss'), null, to_date('27-04-2017 15:38:46', 'dd-mm-yyyy hh24:mi:ss'), null);
insert into FCS_ALARM_READ_STAMP (id, user_id, last_refresh_time, is_active, create_datetime, create_by, last_modify_datetime, last_modify_by)
values ('75b78667-72f3-470c-8c19-a853b41a95bf', '1eef8a77-030f-4fd9-8c58-c4283460b521', to_date('27-04-2017 15:39:59', 'dd-mm-yyyy hh24:mi:ss'), 1, to_date('27-04-2017 15:39:59', 'dd-mm-yyyy hh24:mi:ss'), null, to_date('27-04-2017 15:39:59', 'dd-mm-yyyy hh24:mi:ss'), null);
insert into FCS_ALARM_READ_STAMP (id, user_id, last_refresh_time, is_active, create_datetime, create_by, last_modify_datetime, last_modify_by)
values ('113395b8-3d02-45aa-b491-84927775724f', '1eef8a77-030f-4fd9-8c58-c4283460b521', to_date('27-04-2017 15:42:10', 'dd-mm-yyyy hh24:mi:ss'), 1, to_date('27-04-2017 15:42:10', 'dd-mm-yyyy hh24:mi:ss'), null, to_date('27-04-2017 15:42:10', 'dd-mm-yyyy hh24:mi:ss'), null);
insert into FCS_ALARM_READ_STAMP (id, user_id, last_refresh_time, is_active, create_datetime, create_by, last_modify_datetime, last_modify_by)
values ('392a023d-8027-43d4-9929-fffff8f2cab4', '1eef8a77-030f-4fd9-8c58-c4283460b521', to_date('27-04-2017 15:43:04', 'dd-mm-yyyy hh24:mi:ss'), 1, to_date('27-04-2017 15:43:04', 'dd-mm-yyyy hh24:mi:ss'), null, to_date('27-04-2017 15:43:04', 'dd-mm-yyyy hh24:mi:ss'), null);
insert into FCS_ALARM_READ_STAMP (id, user_id, last_refresh_time, is_active, create_datetime, create_by, last_modify_datetime, last_modify_by)
values ('efbad72b-ef45-40eb-b00b-c637f526b983', '1eef8a77-030f-4fd9-8c58-c4283460b521', to_date('27-04-2017 15:43:15', 'dd-mm-yyyy hh24:mi:ss'), 1, to_date('27-04-2017 15:43:15', 'dd-mm-yyyy hh24:mi:ss'), null, to_date('27-04-2017 15:43:15', 'dd-mm-yyyy hh24:mi:ss'), null);
insert into FCS_ALARM_READ_STAMP (id, user_id, last_refresh_time, is_active, create_datetime, create_by, last_modify_datetime, last_modify_by)
values ('9a97f055-246e-4422-9acf-175e76d9ef14', '1eef8a77-030f-4fd9-8c58-c4283460b521', to_date('27-04-2017 15:45:11', 'dd-mm-yyyy hh24:mi:ss'), 1, to_date('27-04-2017 15:45:11', 'dd-mm-yyyy hh24:mi:ss'), null, to_date('27-04-2017 15:45:11', 'dd-mm-yyyy hh24:mi:ss'), null);
insert into FCS_ALARM_READ_STAMP (id, user_id, last_refresh_time, is_active, create_datetime, create_by, last_modify_datetime, last_modify_by)
values ('a44502dd-6ab2-4b51-949c-c4195bd3692d', '1eef8a77-030f-4fd9-8c58-c4283460b521', to_date('27-04-2017 15:45:17', 'dd-mm-yyyy hh24:mi:ss'), 1, to_date('27-04-2017 15:45:17', 'dd-mm-yyyy hh24:mi:ss'), null, to_date('27-04-2017 15:45:17', 'dd-mm-yyyy hh24:mi:ss'), null);
insert into FCS_ALARM_READ_STAMP (id, user_id, last_refresh_time, is_active, create_datetime, create_by, last_modify_datetime, last_modify_by)
values ('5933b016-43d0-4820-a6c8-69f9125ec737', '1eef8a77-030f-4fd9-8c58-c4283460b521', to_date('27-04-2017 15:45:19', 'dd-mm-yyyy hh24:mi:ss'), 1, to_date('27-04-2017 15:45:19', 'dd-mm-yyyy hh24:mi:ss'), null, to_date('27-04-2017 15:45:19', 'dd-mm-yyyy hh24:mi:ss'), null);
insert into FCS_ALARM_READ_STAMP (id, user_id, last_refresh_time, is_active, create_datetime, create_by, last_modify_datetime, last_modify_by)
values ('ad875046-cc83-49f9-8061-818fbf6f9d27', '1eef8a77-030f-4fd9-8c58-c4283460b521', to_date('27-04-2017 15:47:49', 'dd-mm-yyyy hh24:mi:ss'), 1, to_date('27-04-2017 15:47:49', 'dd-mm-yyyy hh24:mi:ss'), null, to_date('27-04-2017 15:47:49', 'dd-mm-yyyy hh24:mi:ss'), null);
insert into FCS_ALARM_READ_STAMP (id, user_id, last_refresh_time, is_active, create_datetime, create_by, last_modify_datetime, last_modify_by)
values ('1b65f088-85bd-40df-a5d5-709cb2d4327b', '1eef8a77-030f-4fd9-8c58-c4283460b521', to_date('27-04-2017 15:49:23', 'dd-mm-yyyy hh24:mi:ss'), 1, to_date('27-04-2017 15:49:23', 'dd-mm-yyyy hh24:mi:ss'), null, to_date('27-04-2017 15:49:23', 'dd-mm-yyyy hh24:mi:ss'), null);
insert into FCS_ALARM_READ_STAMP (id, user_id, last_refresh_time, is_active, create_datetime, create_by, last_modify_datetime, last_modify_by)
values ('69f018bc-4134-465e-bd0f-058fbf02a638', '1eef8a77-030f-4fd9-8c58-c4283460b521', to_date('27-04-2017 15:49:55', 'dd-mm-yyyy hh24:mi:ss'), 1, to_date('27-04-2017 15:49:55', 'dd-mm-yyyy hh24:mi:ss'), null, to_date('27-04-2017 15:49:55', 'dd-mm-yyyy hh24:mi:ss'), null);
insert into FCS_ALARM_READ_STAMP (id, user_id, last_refresh_time, is_active, create_datetime, create_by, last_modify_datetime, last_modify_by)
values ('a0246dc7-84d1-4f0c-8486-5522faddf189', '1eef8a77-030f-4fd9-8c58-c4283460b521', to_date('27-04-2017 15:51:27', 'dd-mm-yyyy hh24:mi:ss'), 1, to_date('27-04-2017 15:51:27', 'dd-mm-yyyy hh24:mi:ss'), null, to_date('27-04-2017 15:51:27', 'dd-mm-yyyy hh24:mi:ss'), null);
insert into FCS_ALARM_READ_STAMP (id, user_id, last_refresh_time, is_active, create_datetime, create_by, last_modify_datetime, last_modify_by)
values ('b45ee9eb-b5c3-4940-9e1e-3900c084ff46', '1eef8a77-030f-4fd9-8c58-c4283460b521', to_date('27-04-2017 15:53:24', 'dd-mm-yyyy hh24:mi:ss'), 1, to_date('27-04-2017 15:53:24', 'dd-mm-yyyy hh24:mi:ss'), null, to_date('27-04-2017 15:53:24', 'dd-mm-yyyy hh24:mi:ss'), null);
insert into FCS_ALARM_READ_STAMP (id, user_id, last_refresh_time, is_active, create_datetime, create_by, last_modify_datetime, last_modify_by)
values ('96bcc3d3-3ca3-4961-9e57-d4ab8a9b1ac2', '1eef8a77-030f-4fd9-8c58-c4283460b521', to_date('27-04-2017 15:54:30', 'dd-mm-yyyy hh24:mi:ss'), 1, to_date('27-04-2017 15:54:30', 'dd-mm-yyyy hh24:mi:ss'), null, to_date('27-04-2017 15:54:30', 'dd-mm-yyyy hh24:mi:ss'), null);
insert into FCS_ALARM_READ_STAMP (id, user_id, last_refresh_time, is_active, create_datetime, create_by, last_modify_datetime, last_modify_by)
values ('ed62adce-918b-4b40-b9e2-ce31c905c2ca', '1eef8a77-030f-4fd9-8c58-c4283460b521', to_date('27-04-2017 15:55:24', 'dd-mm-yyyy hh24:mi:ss'), 1, to_date('27-04-2017 15:55:24', 'dd-mm-yyyy hh24:mi:ss'), null, to_date('27-04-2017 15:55:24', 'dd-mm-yyyy hh24:mi:ss'), null);
insert into FCS_ALARM_READ_STAMP (id, user_id, last_refresh_time, is_active, create_datetime, create_by, last_modify_datetime, last_modify_by)
values ('4cdf5688-6719-42e5-9a4f-3c8679f9534a', '1eef8a77-030f-4fd9-8c58-c4283460b521', to_date('27-04-2017 15:57:24', 'dd-mm-yyyy hh24:mi:ss'), 1, to_date('27-04-2017 15:57:24', 'dd-mm-yyyy hh24:mi:ss'), null, to_date('27-04-2017 15:57:24', 'dd-mm-yyyy hh24:mi:ss'), null);
insert into FCS_ALARM_READ_STAMP (id, user_id, last_refresh_time, is_active, create_datetime, create_by, last_modify_datetime, last_modify_by)
values ('890176b4-7596-4c98-b5f2-e62464b983b7', '1eef8a77-030f-4fd9-8c58-c4283460b521', to_date('27-04-2017 15:59:24', 'dd-mm-yyyy hh24:mi:ss'), 1, to_date('27-04-2017 15:59:24', 'dd-mm-yyyy hh24:mi:ss'), null, to_date('27-04-2017 15:59:24', 'dd-mm-yyyy hh24:mi:ss'), null);
insert into FCS_ALARM_READ_STAMP (id, user_id, last_refresh_time, is_active, create_datetime, create_by, last_modify_datetime, last_modify_by)
values ('d2292e80-6988-41df-9b53-70b72be488b2', '1eef8a77-030f-4fd9-8c58-c4283460b521', to_date('27-04-2017 16:01:24', 'dd-mm-yyyy hh24:mi:ss'), 1, to_date('27-04-2017 16:01:24', 'dd-mm-yyyy hh24:mi:ss'), null, to_date('27-04-2017 16:01:24', 'dd-mm-yyyy hh24:mi:ss'), null);
insert into FCS_ALARM_READ_STAMP (id, user_id, last_refresh_time, is_active, create_datetime, create_by, last_modify_datetime, last_modify_by)
values ('3cc5d30f-1663-4336-9fb3-3b289fcc8d38', '1eef8a77-030f-4fd9-8c58-c4283460b521', to_date('27-04-2017 16:03:24', 'dd-mm-yyyy hh24:mi:ss'), 1, to_date('27-04-2017 16:03:24', 'dd-mm-yyyy hh24:mi:ss'), null, to_date('27-04-2017 16:03:24', 'dd-mm-yyyy hh24:mi:ss'), null);
insert into FCS_ALARM_READ_STAMP (id, user_id, last_refresh_time, is_active, create_datetime, create_by, last_modify_datetime, last_modify_by)
values ('bbf6d0fd-20ce-45b9-8583-e434ef40c444', '1eef8a77-030f-4fd9-8c58-c4283460b521', to_date('27-04-2017 16:04:20', 'dd-mm-yyyy hh24:mi:ss'), 1, to_date('27-04-2017 16:04:20', 'dd-mm-yyyy hh24:mi:ss'), null, to_date('27-04-2017 16:04:20', 'dd-mm-yyyy hh24:mi:ss'), null);
insert into FCS_ALARM_READ_STAMP (id, user_id, last_refresh_time, is_active, create_datetime, create_by, last_modify_datetime, last_modify_by)
values ('98145563-84ea-4c7b-87a8-412964a3c49b', '1eef8a77-030f-4fd9-8c58-c4283460b521', to_date('27-04-2017 16:05:24', 'dd-mm-yyyy hh24:mi:ss'), 1, to_date('27-04-2017 16:05:24', 'dd-mm-yyyy hh24:mi:ss'), null, to_date('27-04-2017 16:05:24', 'dd-mm-yyyy hh24:mi:ss'), null);
insert into FCS_ALARM_READ_STAMP (id, user_id, last_refresh_time, is_active, create_datetime, create_by, last_modify_datetime, last_modify_by)
values ('2339b88f-7951-4570-849e-77e38b2c713b', '1eef8a77-030f-4fd9-8c58-c4283460b521', to_date('27-04-2017 16:06:55', 'dd-mm-yyyy hh24:mi:ss'), 1, to_date('27-04-2017 16:06:55', 'dd-mm-yyyy hh24:mi:ss'), null, to_date('27-04-2017 16:06:55', 'dd-mm-yyyy hh24:mi:ss'), null);
insert into FCS_ALARM_READ_STAMP (id, user_id, last_refresh_time, is_active, create_datetime, create_by, last_modify_datetime, last_modify_by)
values ('ce1cff58-8d68-4eb7-84f7-fd369bc8aaf8', '1eef8a77-030f-4fd9-8c58-c4283460b521', to_date('27-04-2017 16:07:24', 'dd-mm-yyyy hh24:mi:ss'), 1, to_date('27-04-2017 16:07:24', 'dd-mm-yyyy hh24:mi:ss'), null, to_date('27-04-2017 16:07:24', 'dd-mm-yyyy hh24:mi:ss'), null);
insert into FCS_ALARM_READ_STAMP (id, user_id, last_refresh_time, is_active, create_datetime, create_by, last_modify_datetime, last_modify_by)
values ('5a95948b-c3d3-4095-b9af-96f13219ef9c', '1eef8a77-030f-4fd9-8c58-c4283460b521', to_date('27-04-2017 16:09:24', 'dd-mm-yyyy hh24:mi:ss'), 1, to_date('27-04-2017 16:09:24', 'dd-mm-yyyy hh24:mi:ss'), null, to_date('27-04-2017 16:09:24', 'dd-mm-yyyy hh24:mi:ss'), null);
insert into FCS_ALARM_READ_STAMP (id, user_id, last_refresh_time, is_active, create_datetime, create_by, last_modify_datetime, last_modify_by)
values ('090a42aa-8e16-4f46-9177-3a0ba0fb0acb', '1eef8a77-030f-4fd9-8c58-c4283460b521', to_date('27-04-2017 16:09:56', 'dd-mm-yyyy hh24:mi:ss'), 1, to_date('27-04-2017 16:09:56', 'dd-mm-yyyy hh24:mi:ss'), null, to_date('27-04-2017 16:09:56', 'dd-mm-yyyy hh24:mi:ss'), null);
insert into FCS_ALARM_READ_STAMP (id, user_id, last_refresh_time, is_active, create_datetime, create_by, last_modify_datetime, last_modify_by)
values ('2cb0a116-a7fd-4d6d-85f8-6284bbd4c777', '1eef8a77-030f-4fd9-8c58-c4283460b521', to_date('27-04-2017 16:10:14', 'dd-mm-yyyy hh24:mi:ss'), 1, to_date('27-04-2017 16:10:14', 'dd-mm-yyyy hh24:mi:ss'), null, to_date('27-04-2017 16:10:14', 'dd-mm-yyyy hh24:mi:ss'), null);
insert into FCS_ALARM_READ_STAMP (id, user_id, last_refresh_time, is_active, create_datetime, create_by, last_modify_datetime, last_modify_by)
values ('fb2f2212-6125-4346-aa46-f4db8e3f67f5', '1eef8a77-030f-4fd9-8c58-c4283460b521', to_date('27-04-2017 16:10:20', 'dd-mm-yyyy hh24:mi:ss'), 1, to_date('27-04-2017 16:10:20', 'dd-mm-yyyy hh24:mi:ss'), null, to_date('27-04-2017 16:10:20', 'dd-mm-yyyy hh24:mi:ss'), null);
insert into FCS_ALARM_READ_STAMP (id, user_id, last_refresh_time, is_active, create_datetime, create_by, last_modify_datetime, last_modify_by)
values ('4573d1b0-aa25-45c4-a208-344f9fde5bc0', '1eef8a77-030f-4fd9-8c58-c4283460b521', to_date('27-04-2017 16:11:24', 'dd-mm-yyyy hh24:mi:ss'), 1, to_date('27-04-2017 16:11:24', 'dd-mm-yyyy hh24:mi:ss'), null, to_date('27-04-2017 16:11:24', 'dd-mm-yyyy hh24:mi:ss'), null);
insert into FCS_ALARM_READ_STAMP (id, user_id, last_refresh_time, is_active, create_datetime, create_by, last_modify_datetime, last_modify_by)
values ('2411df69-e7f2-4bf3-bcfc-2a9af83f982d', '1eef8a77-030f-4fd9-8c58-c4283460b521', to_date('27-04-2017 16:13:24', 'dd-mm-yyyy hh24:mi:ss'), 1, to_date('27-04-2017 16:13:24', 'dd-mm-yyyy hh24:mi:ss'), null, to_date('27-04-2017 16:13:24', 'dd-mm-yyyy hh24:mi:ss'), null);
insert into FCS_ALARM_READ_STAMP (id, user_id, last_refresh_time, is_active, create_datetime, create_by, last_modify_datetime, last_modify_by)
values ('acabbfef-ae3f-4d0b-96a4-894c4e61118c', '1eef8a77-030f-4fd9-8c58-c4283460b521', to_date('27-04-2017 16:15:41', 'dd-mm-yyyy hh24:mi:ss'), 1, to_date('27-04-2017 16:15:41', 'dd-mm-yyyy hh24:mi:ss'), null, to_date('27-04-2017 16:15:41', 'dd-mm-yyyy hh24:mi:ss'), null);
insert into FCS_ALARM_READ_STAMP (id, user_id, last_refresh_time, is_active, create_datetime, create_by, last_modify_datetime, last_modify_by)
values ('75cda096-f257-4239-a043-39081ec95902', '1eef8a77-030f-4fd9-8c58-c4283460b521', to_date('27-04-2017 16:15:52', 'dd-mm-yyyy hh24:mi:ss'), 1, to_date('27-04-2017 16:15:52', 'dd-mm-yyyy hh24:mi:ss'), null, to_date('27-04-2017 16:15:52', 'dd-mm-yyyy hh24:mi:ss'), null);
insert into FCS_ALARM_READ_STAMP (id, user_id, last_refresh_time, is_active, create_datetime, create_by, last_modify_datetime, last_modify_by)
values ('3e39ca70-31ca-4c13-b242-8ccdcc162ad4', '1eef8a77-030f-4fd9-8c58-c4283460b521', to_date('27-04-2017 16:17:26', 'dd-mm-yyyy hh24:mi:ss'), 1, to_date('27-04-2017 16:17:26', 'dd-mm-yyyy hh24:mi:ss'), null, to_date('27-04-2017 16:17:26', 'dd-mm-yyyy hh24:mi:ss'), null);
insert into FCS_ALARM_READ_STAMP (id, user_id, last_refresh_time, is_active, create_datetime, create_by, last_modify_datetime, last_modify_by)
values ('95e7c8f4-b3ab-4fb1-b020-f6ac76ccfaa2', '1eef8a77-030f-4fd9-8c58-c4283460b521', to_date('27-04-2017 16:17:53', 'dd-mm-yyyy hh24:mi:ss'), 1, to_date('27-04-2017 16:17:53', 'dd-mm-yyyy hh24:mi:ss'), null, to_date('27-04-2017 16:17:53', 'dd-mm-yyyy hh24:mi:ss'), null);
insert into FCS_ALARM_READ_STAMP (id, user_id, last_refresh_time, is_active, create_datetime, create_by, last_modify_datetime, last_modify_by)
values ('56309d96-272f-4858-aac5-ede1eafd138a', '1eef8a77-030f-4fd9-8c58-c4283460b521', to_date('27-04-2017 16:19:26', 'dd-mm-yyyy hh24:mi:ss'), 1, to_date('27-04-2017 16:19:26', 'dd-mm-yyyy hh24:mi:ss'), null, to_date('27-04-2017 16:19:26', 'dd-mm-yyyy hh24:mi:ss'), null);
insert into FCS_ALARM_READ_STAMP (id, user_id, last_refresh_time, is_active, create_datetime, create_by, last_modify_datetime, last_modify_by)
values ('9d60d538-9fc1-4d6f-b2ac-004fe7b20c1b', '1eef8a77-030f-4fd9-8c58-c4283460b521', to_date('27-04-2017 16:19:52', 'dd-mm-yyyy hh24:mi:ss'), 1, to_date('27-04-2017 16:19:52', 'dd-mm-yyyy hh24:mi:ss'), null, to_date('27-04-2017 16:19:52', 'dd-mm-yyyy hh24:mi:ss'), null);
insert into FCS_ALARM_READ_STAMP (id, user_id, last_refresh_time, is_active, create_datetime, create_by, last_modify_datetime, last_modify_by)
values ('da698cae-ede3-4f24-be04-9e5624ae2aed', '1eef8a77-030f-4fd9-8c58-c4283460b521', to_date('27-04-2017 16:21:27', 'dd-mm-yyyy hh24:mi:ss'), 1, to_date('27-04-2017 16:21:27', 'dd-mm-yyyy hh24:mi:ss'), null, to_date('27-04-2017 16:21:27', 'dd-mm-yyyy hh24:mi:ss'), null);
insert into FCS_ALARM_READ_STAMP (id, user_id, last_refresh_time, is_active, create_datetime, create_by, last_modify_datetime, last_modify_by)
values ('43c550cd-97ea-4530-8128-f822115c00f0', '1eef8a77-030f-4fd9-8c58-c4283460b521', to_date('27-04-2017 16:21:52', 'dd-mm-yyyy hh24:mi:ss'), 1, to_date('27-04-2017 16:21:52', 'dd-mm-yyyy hh24:mi:ss'), null, to_date('27-04-2017 16:21:52', 'dd-mm-yyyy hh24:mi:ss'), null);
insert into FCS_ALARM_READ_STAMP (id, user_id, last_refresh_time, is_active, create_datetime, create_by, last_modify_datetime, last_modify_by)
values ('555ec825-0354-4e7d-85a4-bf2433601a67', '1eef8a77-030f-4fd9-8c58-c4283460b521', to_date('27-04-2017 16:23:28', 'dd-mm-yyyy hh24:mi:ss'), 1, to_date('27-04-2017 16:23:28', 'dd-mm-yyyy hh24:mi:ss'), null, to_date('27-04-2017 16:23:28', 'dd-mm-yyyy hh24:mi:ss'), null);
insert into FCS_ALARM_READ_STAMP (id, user_id, last_refresh_time, is_active, create_datetime, create_by, last_modify_datetime, last_modify_by)
values ('a8d61da5-39a5-41b3-9115-82142d8d04ac', '1eef8a77-030f-4fd9-8c58-c4283460b521', to_date('27-04-2017 16:23:53', 'dd-mm-yyyy hh24:mi:ss'), 1, to_date('27-04-2017 16:23:53', 'dd-mm-yyyy hh24:mi:ss'), null, to_date('27-04-2017 16:23:53', 'dd-mm-yyyy hh24:mi:ss'), null);
insert into FCS_ALARM_READ_STAMP (id, user_id, last_refresh_time, is_active, create_datetime, create_by, last_modify_datetime, last_modify_by)
values ('d543f1ed-7049-472e-9da4-a381a58f005d', '1eef8a77-030f-4fd9-8c58-c4283460b521', to_date('27-04-2017 16:25:29', 'dd-mm-yyyy hh24:mi:ss'), 1, to_date('27-04-2017 16:25:29', 'dd-mm-yyyy hh24:mi:ss'), null, to_date('27-04-2017 16:25:29', 'dd-mm-yyyy hh24:mi:ss'), null);
insert into FCS_ALARM_READ_STAMP (id, user_id, last_refresh_time, is_active, create_datetime, create_by, last_modify_datetime, last_modify_by)
values ('8defa085-c613-4daf-82b9-8702fd4bac42', '1eef8a77-030f-4fd9-8c58-c4283460b521', to_date('27-04-2017 16:25:52', 'dd-mm-yyyy hh24:mi:ss'), 1, to_date('27-04-2017 16:25:52', 'dd-mm-yyyy hh24:mi:ss'), null, to_date('27-04-2017 16:25:52', 'dd-mm-yyyy hh24:mi:ss'), null);
insert into FCS_ALARM_READ_STAMP (id, user_id, last_refresh_time, is_active, create_datetime, create_by, last_modify_datetime, last_modify_by)
values ('003c6794-040e-48c1-8716-a49761b4fe32', '1eef8a77-030f-4fd9-8c58-c4283460b521', to_date('27-04-2017 16:27:31', 'dd-mm-yyyy hh24:mi:ss'), 1, to_date('27-04-2017 16:27:31', 'dd-mm-yyyy hh24:mi:ss'), null, to_date('27-04-2017 16:27:31', 'dd-mm-yyyy hh24:mi:ss'), null);
insert into FCS_ALARM_READ_STAMP (id, user_id, last_refresh_time, is_active, create_datetime, create_by, last_modify_datetime, last_modify_by)
values ('862efa54-7352-4934-b812-5736f4bd9d5b', '1eef8a77-030f-4fd9-8c58-c4283460b521', to_date('27-04-2017 16:27:52', 'dd-mm-yyyy hh24:mi:ss'), 1, to_date('27-04-2017 16:27:52', 'dd-mm-yyyy hh24:mi:ss'), null, to_date('27-04-2017 16:27:52', 'dd-mm-yyyy hh24:mi:ss'), null);
insert into FCS_ALARM_READ_STAMP (id, user_id, last_refresh_time, is_active, create_datetime, create_by, last_modify_datetime, last_modify_by)
values ('b4aeadfe-ed35-409d-8d15-fda82a3ac5e0', '1eef8a77-030f-4fd9-8c58-c4283460b521', to_date('27-04-2017 16:28:39', 'dd-mm-yyyy hh24:mi:ss'), 1, to_date('27-04-2017 16:28:39', 'dd-mm-yyyy hh24:mi:ss'), null, to_date('27-04-2017 16:28:39', 'dd-mm-yyyy hh24:mi:ss'), null);
insert into FCS_ALARM_READ_STAMP (id, user_id, last_refresh_time, is_active, create_datetime, create_by, last_modify_datetime, last_modify_by)
values ('9ed2abc7-3872-4c55-a388-d7d4d312221c', '1eef8a77-030f-4fd9-8c58-c4283460b521', to_date('27-04-2017 16:29:31', 'dd-mm-yyyy hh24:mi:ss'), 1, to_date('27-04-2017 16:29:31', 'dd-mm-yyyy hh24:mi:ss'), null, to_date('27-04-2017 16:29:31', 'dd-mm-yyyy hh24:mi:ss'), null);
insert into FCS_ALARM_READ_STAMP (id, user_id, last_refresh_time, is_active, create_datetime, create_by, last_modify_datetime, last_modify_by)
values ('c9b5fd54-a834-47f7-b7c6-03eb11c50c72', '1eef8a77-030f-4fd9-8c58-c4283460b521', to_date('27-04-2017 16:30:26', 'dd-mm-yyyy hh24:mi:ss'), 1, to_date('27-04-2017 16:30:26', 'dd-mm-yyyy hh24:mi:ss'), null, to_date('27-04-2017 16:30:26', 'dd-mm-yyyy hh24:mi:ss'), null);
insert into FCS_ALARM_READ_STAMP (id, user_id, last_refresh_time, is_active, create_datetime, create_by, last_modify_datetime, last_modify_by)
values ('78e7f034-0b41-41f0-a396-ecabdf7f61bb', '1eef8a77-030f-4fd9-8c58-c4283460b521', to_date('27-04-2017 16:30:37', 'dd-mm-yyyy hh24:mi:ss'), 1, to_date('27-04-2017 16:30:37', 'dd-mm-yyyy hh24:mi:ss'), null, to_date('27-04-2017 16:30:37', 'dd-mm-yyyy hh24:mi:ss'), null);
insert into FCS_ALARM_READ_STAMP (id, user_id, last_refresh_time, is_active, create_datetime, create_by, last_modify_datetime, last_modify_by)
values ('22c57ce1-054c-4e71-ae23-87d564250e11', '1eef8a77-030f-4fd9-8c58-c4283460b521', to_date('27-04-2017 16:31:32', 'dd-mm-yyyy hh24:mi:ss'), 1, to_date('27-04-2017 16:31:32', 'dd-mm-yyyy hh24:mi:ss'), null, to_date('27-04-2017 16:31:32', 'dd-mm-yyyy hh24:mi:ss'), null);
insert into FCS_ALARM_READ_STAMP (id, user_id, last_refresh_time, is_active, create_datetime, create_by, last_modify_datetime, last_modify_by)
values ('40df1f2c-b317-418d-9915-c109a077a704', '1eef8a77-030f-4fd9-8c58-c4283460b521', to_date('27-04-2017 16:32:38', 'dd-mm-yyyy hh24:mi:ss'), 1, to_date('27-04-2017 16:32:38', 'dd-mm-yyyy hh24:mi:ss'), null, to_date('27-04-2017 16:32:38', 'dd-mm-yyyy hh24:mi:ss'), null);
insert into FCS_ALARM_READ_STAMP (id, user_id, last_refresh_time, is_active, create_datetime, create_by, last_modify_datetime, last_modify_by)
values ('722b9597-6dd2-4c70-aacd-a8c17fb10226', '1eef8a77-030f-4fd9-8c58-c4283460b521', to_date('27-04-2017 17:07:25', 'dd-mm-yyyy hh24:mi:ss'), 1, to_date('27-04-2017 17:07:25', 'dd-mm-yyyy hh24:mi:ss'), null, to_date('27-04-2017 17:07:25', 'dd-mm-yyyy hh24:mi:ss'), null);
insert into FCS_ALARM_READ_STAMP (id, user_id, last_refresh_time, is_active, create_datetime, create_by, last_modify_datetime, last_modify_by)
values ('79c6c5dd-c3c0-4a75-bfdd-ec3f538c38a9', '1eef8a77-030f-4fd9-8c58-c4283460b521', to_date('27-04-2017 17:07:33', 'dd-mm-yyyy hh24:mi:ss'), 1, to_date('27-04-2017 17:07:33', 'dd-mm-yyyy hh24:mi:ss'), null, to_date('27-04-2017 17:07:33', 'dd-mm-yyyy hh24:mi:ss'), null);
insert into FCS_ALARM_READ_STAMP (id, user_id, last_refresh_time, is_active, create_datetime, create_by, last_modify_datetime, last_modify_by)
values ('1df1ad4a-cc35-4aaf-b884-8e9e4852d9cc', '1eef8a77-030f-4fd9-8c58-c4283460b521', to_date('27-04-2017 17:07:39', 'dd-mm-yyyy hh24:mi:ss'), 1, to_date('27-04-2017 17:07:39', 'dd-mm-yyyy hh24:mi:ss'), null, to_date('27-04-2017 17:07:39', 'dd-mm-yyyy hh24:mi:ss'), null);
insert into FCS_ALARM_READ_STAMP (id, user_id, last_refresh_time, is_active, create_datetime, create_by, last_modify_datetime, last_modify_by)
values ('fd01b841-8a68-4893-b422-608222120a1d', '1eef8a77-030f-4fd9-8c58-c4283460b521', to_date('27-04-2017 10:18:38', 'dd-mm-yyyy hh24:mi:ss'), 1, to_date('27-04-2017 10:18:38', 'dd-mm-yyyy hh24:mi:ss'), null, to_date('27-04-2017 10:18:38', 'dd-mm-yyyy hh24:mi:ss'), null);
insert into FCS_ALARM_READ_STAMP (id, user_id, last_refresh_time, is_active, create_datetime, create_by, last_modify_datetime, last_modify_by)
values ('6d18fa29-0973-4d82-9e56-efd86f68e8b1', '1eef8a77-030f-4fd9-8c58-c4283460b521', to_date('27-04-2017 10:18:47', 'dd-mm-yyyy hh24:mi:ss'), 1, to_date('27-04-2017 10:18:47', 'dd-mm-yyyy hh24:mi:ss'), null, to_date('27-04-2017 10:18:47', 'dd-mm-yyyy hh24:mi:ss'), null);
insert into FCS_ALARM_READ_STAMP (id, user_id, last_refresh_time, is_active, create_datetime, create_by, last_modify_datetime, last_modify_by)
values ('a6a25b70-a858-4294-ae2e-248dc3ad4dd1', '1eef8a77-030f-4fd9-8c58-c4283460b521', to_date('27-04-2017 10:20:55', 'dd-mm-yyyy hh24:mi:ss'), 1, to_date('27-04-2017 10:20:55', 'dd-mm-yyyy hh24:mi:ss'), null, to_date('27-04-2017 10:20:55', 'dd-mm-yyyy hh24:mi:ss'), null);
insert into FCS_ALARM_READ_STAMP (id, user_id, last_refresh_time, is_active, create_datetime, create_by, last_modify_datetime, last_modify_by)
values ('d17f656a-69bf-4683-bb17-2956d36995b2', '1eef8a77-030f-4fd9-8c58-c4283460b521', to_date('27-04-2017 10:21:29', 'dd-mm-yyyy hh24:mi:ss'), 1, to_date('27-04-2017 10:21:29', 'dd-mm-yyyy hh24:mi:ss'), null, to_date('27-04-2017 10:21:29', 'dd-mm-yyyy hh24:mi:ss'), null);
insert into FCS_ALARM_READ_STAMP (id, user_id, last_refresh_time, is_active, create_datetime, create_by, last_modify_datetime, last_modify_by)
values ('a70c6eba-4da5-469c-925f-07913558b127', '1eef8a77-030f-4fd9-8c58-c4283460b521', to_date('27-04-2017 10:21:34', 'dd-mm-yyyy hh24:mi:ss'), 1, to_date('27-04-2017 10:21:34', 'dd-mm-yyyy hh24:mi:ss'), null, to_date('27-04-2017 10:21:34', 'dd-mm-yyyy hh24:mi:ss'), null);
insert into FCS_ALARM_READ_STAMP (id, user_id, last_refresh_time, is_active, create_datetime, create_by, last_modify_datetime, last_modify_by)
values ('1eaf35cf-e397-465f-a506-4d3df3afe7fc', '1eef8a77-030f-4fd9-8c58-c4283460b521', to_date('27-04-2017 10:21:44', 'dd-mm-yyyy hh24:mi:ss'), 1, to_date('27-04-2017 10:21:44', 'dd-mm-yyyy hh24:mi:ss'), null, to_date('27-04-2017 10:21:44', 'dd-mm-yyyy hh24:mi:ss'), null);
insert into FCS_ALARM_READ_STAMP (id, user_id, last_refresh_time, is_active, create_datetime, create_by, last_modify_datetime, last_modify_by)
values ('94a560d7-3bcb-4d2f-8565-3e4023ad8f1b', '1eef8a77-030f-4fd9-8c58-c4283460b521', to_date('27-04-2017 10:22:04', 'dd-mm-yyyy hh24:mi:ss'), 1, to_date('27-04-2017 10:22:04', 'dd-mm-yyyy hh24:mi:ss'), null, to_date('27-04-2017 10:22:04', 'dd-mm-yyyy hh24:mi:ss'), null);
insert into FCS_ALARM_READ_STAMP (id, user_id, last_refresh_time, is_active, create_datetime, create_by, last_modify_datetime, last_modify_by)
values ('8ed69c65-a68e-45e9-9256-c19a683b8e85', '1eef8a77-030f-4fd9-8c58-c4283460b521', to_date('27-04-2017 14:21:27', 'dd-mm-yyyy hh24:mi:ss'), 1, to_date('27-04-2017 14:21:27', 'dd-mm-yyyy hh24:mi:ss'), null, to_date('27-04-2017 14:21:27', 'dd-mm-yyyy hh24:mi:ss'), null);
insert into FCS_ALARM_READ_STAMP (id, user_id, last_refresh_time, is_active, create_datetime, create_by, last_modify_datetime, last_modify_by)
values ('ed7ea4cc-2f8c-4555-89b3-2e12deb75f91', '1eef8a77-030f-4fd9-8c58-c4283460b521', to_date('27-04-2017 14:21:57', 'dd-mm-yyyy hh24:mi:ss'), 1, to_date('27-04-2017 14:21:57', 'dd-mm-yyyy hh24:mi:ss'), null, to_date('27-04-2017 14:21:57', 'dd-mm-yyyy hh24:mi:ss'), null);
insert into FCS_ALARM_READ_STAMP (id, user_id, last_refresh_time, is_active, create_datetime, create_by, last_modify_datetime, last_modify_by)
values ('d2b1f7b7-6463-497b-9c58-cccb612a3788', '1eef8a77-030f-4fd9-8c58-c4283460b521', to_date('27-04-2017 14:23:06', 'dd-mm-yyyy hh24:mi:ss'), 1, to_date('27-04-2017 14:23:06', 'dd-mm-yyyy hh24:mi:ss'), null, to_date('27-04-2017 14:23:06', 'dd-mm-yyyy hh24:mi:ss'), null);
insert into FCS_ALARM_READ_STAMP (id, user_id, last_refresh_time, is_active, create_datetime, create_by, last_modify_datetime, last_modify_by)
values ('86fca525-932d-4738-b8c5-6852e193f3af', '1eef8a77-030f-4fd9-8c58-c4283460b521', to_date('27-04-2017 14:27:06', 'dd-mm-yyyy hh24:mi:ss'), 1, to_date('27-04-2017 14:27:06', 'dd-mm-yyyy hh24:mi:ss'), null, to_date('27-04-2017 14:27:06', 'dd-mm-yyyy hh24:mi:ss'), null);
insert into FCS_ALARM_READ_STAMP (id, user_id, last_refresh_time, is_active, create_datetime, create_by, last_modify_datetime, last_modify_by)
values ('8ee7f29e-809f-4564-ab2b-bd546544217d', '1eef8a77-030f-4fd9-8c58-c4283460b521', to_date('27-04-2017 14:28:32', 'dd-mm-yyyy hh24:mi:ss'), 1, to_date('27-04-2017 14:28:32', 'dd-mm-yyyy hh24:mi:ss'), null, to_date('27-04-2017 14:28:32', 'dd-mm-yyyy hh24:mi:ss'), null);
insert into FCS_ALARM_READ_STAMP (id, user_id, last_refresh_time, is_active, create_datetime, create_by, last_modify_datetime, last_modify_by)
values ('06d2631e-bdfd-4475-b74b-373496b09cfb', '1eef8a77-030f-4fd9-8c58-c4283460b521', to_date('27-04-2017 14:29:26', 'dd-mm-yyyy hh24:mi:ss'), 1, to_date('27-04-2017 14:29:26', 'dd-mm-yyyy hh24:mi:ss'), null, to_date('27-04-2017 14:29:26', 'dd-mm-yyyy hh24:mi:ss'), null);
insert into FCS_ALARM_READ_STAMP (id, user_id, last_refresh_time, is_active, create_datetime, create_by, last_modify_datetime, last_modify_by)
values ('84b6942c-1531-405d-9f33-d2b665109027', '1eef8a77-030f-4fd9-8c58-c4283460b521', to_date('27-04-2017 14:29:52', 'dd-mm-yyyy hh24:mi:ss'), 1, to_date('27-04-2017 14:29:52', 'dd-mm-yyyy hh24:mi:ss'), null, to_date('27-04-2017 14:29:52', 'dd-mm-yyyy hh24:mi:ss'), null);
insert into FCS_ALARM_READ_STAMP (id, user_id, last_refresh_time, is_active, create_datetime, create_by, last_modify_datetime, last_modify_by)
values ('4a60917d-a065-44cb-a3ce-02c9db597d6f', '1eef8a77-030f-4fd9-8c58-c4283460b521', to_date('27-04-2017 14:30:03', 'dd-mm-yyyy hh24:mi:ss'), 1, to_date('27-04-2017 14:30:03', 'dd-mm-yyyy hh24:mi:ss'), null, to_date('27-04-2017 14:30:03', 'dd-mm-yyyy hh24:mi:ss'), null);
insert into FCS_ALARM_READ_STAMP (id, user_id, last_refresh_time, is_active, create_datetime, create_by, last_modify_datetime, last_modify_by)
values ('f77e4eef-be5a-4630-84af-1fce67b11ccb', '1eef8a77-030f-4fd9-8c58-c4283460b521', to_date('27-04-2017 14:30:42', 'dd-mm-yyyy hh24:mi:ss'), 1, to_date('27-04-2017 14:30:42', 'dd-mm-yyyy hh24:mi:ss'), null, to_date('27-04-2017 14:30:42', 'dd-mm-yyyy hh24:mi:ss'), null);
insert into FCS_ALARM_READ_STAMP (id, user_id, last_refresh_time, is_active, create_datetime, create_by, last_modify_datetime, last_modify_by)
values ('d8fb9fc1-fcd4-4b5d-a293-5516266cdcbc', '1eef8a77-030f-4fd9-8c58-c4283460b521', to_date('27-04-2017 14:32:43', 'dd-mm-yyyy hh24:mi:ss'), 1, to_date('27-04-2017 14:32:43', 'dd-mm-yyyy hh24:mi:ss'), null, to_date('27-04-2017 14:32:43', 'dd-mm-yyyy hh24:mi:ss'), null);
insert into FCS_ALARM_READ_STAMP (id, user_id, last_refresh_time, is_active, create_datetime, create_by, last_modify_datetime, last_modify_by)
values ('a06b8c59-7b09-477b-833b-1de9abc10206', '1eef8a77-030f-4fd9-8c58-c4283460b521', to_date('27-04-2017 14:34:43', 'dd-mm-yyyy hh24:mi:ss'), 1, to_date('27-04-2017 14:34:43', 'dd-mm-yyyy hh24:mi:ss'), null, to_date('27-04-2017 14:34:43', 'dd-mm-yyyy hh24:mi:ss'), null);
insert into FCS_ALARM_READ_STAMP (id, user_id, last_refresh_time, is_active, create_datetime, create_by, last_modify_datetime, last_modify_by)
values ('fc8ff669-0c9d-46db-861f-32b81b6694a6', '1eef8a77-030f-4fd9-8c58-c4283460b521', to_date('27-04-2017 14:36:43', 'dd-mm-yyyy hh24:mi:ss'), 1, to_date('27-04-2017 14:36:43', 'dd-mm-yyyy hh24:mi:ss'), null, to_date('27-04-2017 14:36:43', 'dd-mm-yyyy hh24:mi:ss'), null);
insert into FCS_ALARM_READ_STAMP (id, user_id, last_refresh_time, is_active, create_datetime, create_by, last_modify_datetime, last_modify_by)
values ('d659c1cd-fd4a-42c8-9d1c-dfdef694d4ad', '1eef8a77-030f-4fd9-8c58-c4283460b521', to_date('27-04-2017 14:38:43', 'dd-mm-yyyy hh24:mi:ss'), 1, to_date('27-04-2017 14:38:43', 'dd-mm-yyyy hh24:mi:ss'), null, to_date('27-04-2017 14:38:43', 'dd-mm-yyyy hh24:mi:ss'), null);
insert into FCS_ALARM_READ_STAMP (id, user_id, last_refresh_time, is_active, create_datetime, create_by, last_modify_datetime, last_modify_by)
values ('f90ac328-31b2-41b8-a4cc-21bb112c6b0e', '1eef8a77-030f-4fd9-8c58-c4283460b521', to_date('27-04-2017 14:40:43', 'dd-mm-yyyy hh24:mi:ss'), 1, to_date('27-04-2017 14:40:43', 'dd-mm-yyyy hh24:mi:ss'), null, to_date('27-04-2017 14:40:43', 'dd-mm-yyyy hh24:mi:ss'), null);
insert into FCS_ALARM_READ_STAMP (id, user_id, last_refresh_time, is_active, create_datetime, create_by, last_modify_datetime, last_modify_by)
values ('170499b4-db58-4736-b9d8-06ce347db6ca', '1eef8a77-030f-4fd9-8c58-c4283460b521', to_date('27-04-2017 14:42:43', 'dd-mm-yyyy hh24:mi:ss'), 1, to_date('27-04-2017 14:42:43', 'dd-mm-yyyy hh24:mi:ss'), null, to_date('27-04-2017 14:42:43', 'dd-mm-yyyy hh24:mi:ss'), null);
insert into FCS_ALARM_READ_STAMP (id, user_id, last_refresh_time, is_active, create_datetime, create_by, last_modify_datetime, last_modify_by)
values ('d0c548bb-ea02-4555-a787-82aae4a58419', '1eef8a77-030f-4fd9-8c58-c4283460b521', to_date('27-04-2017 14:43:48', 'dd-mm-yyyy hh24:mi:ss'), 1, to_date('27-04-2017 14:43:48', 'dd-mm-yyyy hh24:mi:ss'), null, to_date('27-04-2017 14:43:48', 'dd-mm-yyyy hh24:mi:ss'), null);
insert into FCS_ALARM_READ_STAMP (id, user_id, last_refresh_time, is_active, create_datetime, create_by, last_modify_datetime, last_modify_by)
values ('ea71ef0b-474d-427c-8b0c-4d18ee396fcc', '1eef8a77-030f-4fd9-8c58-c4283460b521', to_date('27-04-2017 14:43:51', 'dd-mm-yyyy hh24:mi:ss'), 1, to_date('27-04-2017 14:43:51', 'dd-mm-yyyy hh24:mi:ss'), null, to_date('27-04-2017 14:43:51', 'dd-mm-yyyy hh24:mi:ss'), null);
insert into FCS_ALARM_READ_STAMP (id, user_id, last_refresh_time, is_active, create_datetime, create_by, last_modify_datetime, last_modify_by)
values ('b07b7350-c36c-4380-bad0-338e0e91ca80', '1eef8a77-030f-4fd9-8c58-c4283460b521', to_date('27-04-2017 14:43:59', 'dd-mm-yyyy hh24:mi:ss'), 1, to_date('27-04-2017 14:43:59', 'dd-mm-yyyy hh24:mi:ss'), null, to_date('27-04-2017 14:43:59', 'dd-mm-yyyy hh24:mi:ss'), null);
insert into FCS_ALARM_READ_STAMP (id, user_id, last_refresh_time, is_active, create_datetime, create_by, last_modify_datetime, last_modify_by)
values ('292b5757-95bd-43bc-81ab-10bd7573c495', '1eef8a77-030f-4fd9-8c58-c4283460b521', to_date('27-04-2017 14:45:59', 'dd-mm-yyyy hh24:mi:ss'), 1, to_date('27-04-2017 14:45:59', 'dd-mm-yyyy hh24:mi:ss'), null, to_date('27-04-2017 14:45:59', 'dd-mm-yyyy hh24:mi:ss'), null);
insert into FCS_ALARM_READ_STAMP (id, user_id, last_refresh_time, is_active, create_datetime, create_by, last_modify_datetime, last_modify_by)
values ('e32f1658-5cd9-4459-9bd2-376050a9919b', '1eef8a77-030f-4fd9-8c58-c4283460b521', to_date('27-04-2017 14:47:59', 'dd-mm-yyyy hh24:mi:ss'), 1, to_date('27-04-2017 14:47:59', 'dd-mm-yyyy hh24:mi:ss'), null, to_date('27-04-2017 14:47:59', 'dd-mm-yyyy hh24:mi:ss'), null);
insert into FCS_ALARM_READ_STAMP (id, user_id, last_refresh_time, is_active, create_datetime, create_by, last_modify_datetime, last_modify_by)
values ('760603ac-d2bb-49a5-a340-a596e613a8dd', '1eef8a77-030f-4fd9-8c58-c4283460b521', to_date('27-04-2017 14:47:57', 'dd-mm-yyyy hh24:mi:ss'), 1, to_date('27-04-2017 14:47:57', 'dd-mm-yyyy hh24:mi:ss'), null, to_date('27-04-2017 14:47:57', 'dd-mm-yyyy hh24:mi:ss'), null);
insert into FCS_ALARM_READ_STAMP (id, user_id, last_refresh_time, is_active, create_datetime, create_by, last_modify_datetime, last_modify_by)
values ('c71eca12-c378-45cd-a49d-3d881960b825', '1eef8a77-030f-4fd9-8c58-c4283460b521', to_date('27-04-2017 14:47:59', 'dd-mm-yyyy hh24:mi:ss'), 1, to_date('27-04-2017 14:47:59', 'dd-mm-yyyy hh24:mi:ss'), null, to_date('27-04-2017 14:47:59', 'dd-mm-yyyy hh24:mi:ss'), null);
insert into FCS_ALARM_READ_STAMP (id, user_id, last_refresh_time, is_active, create_datetime, create_by, last_modify_datetime, last_modify_by)
values ('990c629c-d0fb-4af0-967c-7d69d9e3f8d9', '1eef8a77-030f-4fd9-8c58-c4283460b521', to_date('27-04-2017 14:48:21', 'dd-mm-yyyy hh24:mi:ss'), 1, to_date('27-04-2017 14:48:21', 'dd-mm-yyyy hh24:mi:ss'), null, to_date('27-04-2017 14:48:21', 'dd-mm-yyyy hh24:mi:ss'), null);
insert into FCS_ALARM_READ_STAMP (id, user_id, last_refresh_time, is_active, create_datetime, create_by, last_modify_datetime, last_modify_by)
values ('7880d300-ef6a-4c2a-a717-228aa03f1fe7', '1eef8a77-030f-4fd9-8c58-c4283460b521', to_date('27-04-2017 14:48:34', 'dd-mm-yyyy hh24:mi:ss'), 1, to_date('27-04-2017 14:48:34', 'dd-mm-yyyy hh24:mi:ss'), null, to_date('27-04-2017 14:48:34', 'dd-mm-yyyy hh24:mi:ss'), null);
insert into FCS_ALARM_READ_STAMP (id, user_id, last_refresh_time, is_active, create_datetime, create_by, last_modify_datetime, last_modify_by)
values ('1ed9e0a3-e554-4622-ba19-a4b707835d5c', '1eef8a77-030f-4fd9-8c58-c4283460b521', to_date('27-04-2017 15:11:15', 'dd-mm-yyyy hh24:mi:ss'), 1, to_date('27-04-2017 15:11:15', 'dd-mm-yyyy hh24:mi:ss'), null, to_date('27-04-2017 15:11:15', 'dd-mm-yyyy hh24:mi:ss'), null);
insert into FCS_ALARM_READ_STAMP (id, user_id, last_refresh_time, is_active, create_datetime, create_by, last_modify_datetime, last_modify_by)
values ('28ce72b4-bb92-4eaa-8bca-723fa317e40e', '1eef8a77-030f-4fd9-8c58-c4283460b521', to_date('27-04-2017 15:11:24', 'dd-mm-yyyy hh24:mi:ss'), 1, to_date('27-04-2017 15:11:24', 'dd-mm-yyyy hh24:mi:ss'), null, to_date('27-04-2017 15:11:24', 'dd-mm-yyyy hh24:mi:ss'), null);
insert into FCS_ALARM_READ_STAMP (id, user_id, last_refresh_time, is_active, create_datetime, create_by, last_modify_datetime, last_modify_by)
values ('672d1e57-ec6f-4db0-b626-c43d85be5fa9', '1eef8a77-030f-4fd9-8c58-c4283460b521', to_date('27-04-2017 15:13:28', 'dd-mm-yyyy hh24:mi:ss'), 1, to_date('27-04-2017 15:13:28', 'dd-mm-yyyy hh24:mi:ss'), null, to_date('27-04-2017 15:13:28', 'dd-mm-yyyy hh24:mi:ss'), null);
insert into FCS_ALARM_READ_STAMP (id, user_id, last_refresh_time, is_active, create_datetime, create_by, last_modify_datetime, last_modify_by)
values ('a93e43cb-b976-4f82-83e4-c5a471de976f', '1eef8a77-030f-4fd9-8c58-c4283460b521', to_date('27-04-2017 15:15:23', 'dd-mm-yyyy hh24:mi:ss'), 1, to_date('27-04-2017 15:15:23', 'dd-mm-yyyy hh24:mi:ss'), null, to_date('27-04-2017 15:15:23', 'dd-mm-yyyy hh24:mi:ss'), null);
insert into FCS_ALARM_READ_STAMP (id, user_id, last_refresh_time, is_active, create_datetime, create_by, last_modify_datetime, last_modify_by)
values ('009f1b99-ce21-47da-9616-f684954354cd', '1eef8a77-030f-4fd9-8c58-c4283460b521', to_date('27-04-2017 15:17:23', 'dd-mm-yyyy hh24:mi:ss'), 1, to_date('27-04-2017 15:17:23', 'dd-mm-yyyy hh24:mi:ss'), null, to_date('27-04-2017 15:17:23', 'dd-mm-yyyy hh24:mi:ss'), null);
insert into FCS_ALARM_READ_STAMP (id, user_id, last_refresh_time, is_active, create_datetime, create_by, last_modify_datetime, last_modify_by)
values ('30aa43d8-6d32-4659-9d07-49ec8d65254d', '1eef8a77-030f-4fd9-8c58-c4283460b521', to_date('27-04-2017 15:17:44', 'dd-mm-yyyy hh24:mi:ss'), 1, to_date('27-04-2017 15:17:44', 'dd-mm-yyyy hh24:mi:ss'), null, to_date('27-04-2017 15:17:44', 'dd-mm-yyyy hh24:mi:ss'), null);
insert into FCS_ALARM_READ_STAMP (id, user_id, last_refresh_time, is_active, create_datetime, create_by, last_modify_datetime, last_modify_by)
values ('d2fb600a-a88b-45e8-ab77-571afc1e33f2', '1eef8a77-030f-4fd9-8c58-c4283460b521', to_date('27-04-2017 15:36:37', 'dd-mm-yyyy hh24:mi:ss'), 1, to_date('27-04-2017 15:36:37', 'dd-mm-yyyy hh24:mi:ss'), null, to_date('27-04-2017 15:36:37', 'dd-mm-yyyy hh24:mi:ss'), null);
insert into FCS_ALARM_READ_STAMP (id, user_id, last_refresh_time, is_active, create_datetime, create_by, last_modify_datetime, last_modify_by)
values ('8cd4ae6b-7cf8-4cb1-bf86-cbd4f61e3137', '1eef8a77-030f-4fd9-8c58-c4283460b521', to_date('27-04-2017 15:36:46', 'dd-mm-yyyy hh24:mi:ss'), 1, to_date('27-04-2017 15:36:46', 'dd-mm-yyyy hh24:mi:ss'), null, to_date('27-04-2017 15:36:46', 'dd-mm-yyyy hh24:mi:ss'), null);
commit;
-- prompt 100 records committed...
insert into FCS_ALARM_READ_STAMP (id, user_id, last_refresh_time, is_active, create_datetime, create_by, last_modify_datetime, last_modify_by)
values ('770f1f5f-587e-409f-a5e6-502366de22e6', '1eef8a77-030f-4fd9-8c58-c4283460b521', to_date('27-04-2017 15:39:50', 'dd-mm-yyyy hh24:mi:ss'), 1, to_date('27-04-2017 15:39:50', 'dd-mm-yyyy hh24:mi:ss'), null, to_date('27-04-2017 15:39:50', 'dd-mm-yyyy hh24:mi:ss'), null);
insert into FCS_ALARM_READ_STAMP (id, user_id, last_refresh_time, is_active, create_datetime, create_by, last_modify_datetime, last_modify_by)
values ('f1254900-ef6e-4d01-aca4-1990d8213560', '1eef8a77-030f-4fd9-8c58-c4283460b521', to_date('27-04-2017 15:49:09', 'dd-mm-yyyy hh24:mi:ss'), 1, to_date('27-04-2017 15:49:09', 'dd-mm-yyyy hh24:mi:ss'), null, to_date('27-04-2017 15:49:09', 'dd-mm-yyyy hh24:mi:ss'), null);
insert into FCS_ALARM_READ_STAMP (id, user_id, last_refresh_time, is_active, create_datetime, create_by, last_modify_datetime, last_modify_by)
values ('f1f9671b-182a-4672-8101-55a76135f710', '1eef8a77-030f-4fd9-8c58-c4283460b521', to_date('27-04-2017 15:53:28', 'dd-mm-yyyy hh24:mi:ss'), 1, to_date('27-04-2017 15:53:28', 'dd-mm-yyyy hh24:mi:ss'), null, to_date('27-04-2017 15:53:28', 'dd-mm-yyyy hh24:mi:ss'), null);
insert into FCS_ALARM_READ_STAMP (id, user_id, last_refresh_time, is_active, create_datetime, create_by, last_modify_datetime, last_modify_by)
values ('a37b4c90-df36-42ae-9aea-0990c2ca430c', '1eef8a77-030f-4fd9-8c58-c4283460b521', to_date('27-04-2017 15:53:58', 'dd-mm-yyyy hh24:mi:ss'), 1, to_date('27-04-2017 15:53:58', 'dd-mm-yyyy hh24:mi:ss'), null, to_date('27-04-2017 15:53:58', 'dd-mm-yyyy hh24:mi:ss'), null);
insert into FCS_ALARM_READ_STAMP (id, user_id, last_refresh_time, is_active, create_datetime, create_by, last_modify_datetime, last_modify_by)
values ('627035fe-f645-4f40-a395-5860584959e6', '1eef8a77-030f-4fd9-8c58-c4283460b521', to_date('27-04-2017 15:55:37', 'dd-mm-yyyy hh24:mi:ss'), 1, to_date('27-04-2017 15:55:37', 'dd-mm-yyyy hh24:mi:ss'), null, to_date('27-04-2017 15:55:37', 'dd-mm-yyyy hh24:mi:ss'), null);
insert into FCS_ALARM_READ_STAMP (id, user_id, last_refresh_time, is_active, create_datetime, create_by, last_modify_datetime, last_modify_by)
values ('c601864a-4058-4369-8431-9f6ee38de7a4', '1eef8a77-030f-4fd9-8c58-c4283460b521', to_date('27-04-2017 15:56:27', 'dd-mm-yyyy hh24:mi:ss'), 1, to_date('27-04-2017 15:56:27', 'dd-mm-yyyy hh24:mi:ss'), null, to_date('27-04-2017 15:56:27', 'dd-mm-yyyy hh24:mi:ss'), null);
insert into FCS_ALARM_READ_STAMP (id, user_id, last_refresh_time, is_active, create_datetime, create_by, last_modify_datetime, last_modify_by)
values ('342db100-5da1-497d-a3a1-4de0a802de64', '1eef8a77-030f-4fd9-8c58-c4283460b521', to_date('27-04-2017 15:56:32', 'dd-mm-yyyy hh24:mi:ss'), 1, to_date('27-04-2017 15:56:32', 'dd-mm-yyyy hh24:mi:ss'), null, to_date('27-04-2017 15:56:32', 'dd-mm-yyyy hh24:mi:ss'), null);
insert into FCS_ALARM_READ_STAMP (id, user_id, last_refresh_time, is_active, create_datetime, create_by, last_modify_datetime, last_modify_by)
values ('be0ccf2a-47d9-49da-96e2-d3aa3016b166', '1eef8a77-030f-4fd9-8c58-c4283460b521', to_date('27-04-2017 16:07:28', 'dd-mm-yyyy hh24:mi:ss'), 1, to_date('27-04-2017 16:07:28', 'dd-mm-yyyy hh24:mi:ss'), null, to_date('27-04-2017 16:07:28', 'dd-mm-yyyy hh24:mi:ss'), null);
insert into FCS_ALARM_READ_STAMP (id, user_id, last_refresh_time, is_active, create_datetime, create_by, last_modify_datetime, last_modify_by)
values ('595836ce-aa7f-4422-8edf-94f88071d1fa', '1eef8a77-030f-4fd9-8c58-c4283460b521', to_date('27-04-2017 16:09:01', 'dd-mm-yyyy hh24:mi:ss'), 1, to_date('27-04-2017 16:09:01', 'dd-mm-yyyy hh24:mi:ss'), null, to_date('27-04-2017 16:09:01', 'dd-mm-yyyy hh24:mi:ss'), null);
insert into FCS_ALARM_READ_STAMP (id, user_id, last_refresh_time, is_active, create_datetime, create_by, last_modify_datetime, last_modify_by)
values ('11059f98-3f3c-4ad8-80fb-cd21f426d2dc', '1eef8a77-030f-4fd9-8c58-c4283460b521', to_date('27-04-2017 16:09:04', 'dd-mm-yyyy hh24:mi:ss'), 1, to_date('27-04-2017 16:09:04', 'dd-mm-yyyy hh24:mi:ss'), null, to_date('27-04-2017 16:09:04', 'dd-mm-yyyy hh24:mi:ss'), null);
insert into FCS_ALARM_READ_STAMP (id, user_id, last_refresh_time, is_active, create_datetime, create_by, last_modify_datetime, last_modify_by)
values ('72c59485-c272-41d7-9d84-6e3eebe9c30f', '1eef8a77-030f-4fd9-8c58-c4283460b521', to_date('27-04-2017 16:10:44', 'dd-mm-yyyy hh24:mi:ss'), 1, to_date('27-04-2017 16:10:44', 'dd-mm-yyyy hh24:mi:ss'), null, to_date('27-04-2017 16:10:44', 'dd-mm-yyyy hh24:mi:ss'), null);
insert into FCS_ALARM_READ_STAMP (id, user_id, last_refresh_time, is_active, create_datetime, create_by, last_modify_datetime, last_modify_by)
values ('e16911b4-fb42-4dbb-82ae-72d4763655b6', '1eef8a77-030f-4fd9-8c58-c4283460b521', to_date('27-04-2017 16:10:54', 'dd-mm-yyyy hh24:mi:ss'), 1, to_date('27-04-2017 16:10:54', 'dd-mm-yyyy hh24:mi:ss'), null, to_date('27-04-2017 16:10:54', 'dd-mm-yyyy hh24:mi:ss'), null);
insert into FCS_ALARM_READ_STAMP (id, user_id, last_refresh_time, is_active, create_datetime, create_by, last_modify_datetime, last_modify_by)
values ('80dddea7-e152-4733-9616-5911dcaeabd1', '1eef8a77-030f-4fd9-8c58-c4283460b521', to_date('27-04-2017 16:10:57', 'dd-mm-yyyy hh24:mi:ss'), 1, to_date('27-04-2017 16:10:57', 'dd-mm-yyyy hh24:mi:ss'), null, to_date('27-04-2017 16:10:57', 'dd-mm-yyyy hh24:mi:ss'), null);
insert into FCS_ALARM_READ_STAMP (id, user_id, last_refresh_time, is_active, create_datetime, create_by, last_modify_datetime, last_modify_by)
values ('a27772db-08d2-4e65-896c-81aff1f5f598', '1eef8a77-030f-4fd9-8c58-c4283460b521', to_date('27-04-2017 16:11:05', 'dd-mm-yyyy hh24:mi:ss'), 1, to_date('27-04-2017 16:11:05', 'dd-mm-yyyy hh24:mi:ss'), null, to_date('27-04-2017 16:11:05', 'dd-mm-yyyy hh24:mi:ss'), null);
insert into FCS_ALARM_READ_STAMP (id, user_id, last_refresh_time, is_active, create_datetime, create_by, last_modify_datetime, last_modify_by)
values ('865af4ad-9e34-4868-a997-abe06c5e633e', '1eef8a77-030f-4fd9-8c58-c4283460b521', to_date('27-04-2017 16:18:10', 'dd-mm-yyyy hh24:mi:ss'), 1, to_date('27-04-2017 16:18:10', 'dd-mm-yyyy hh24:mi:ss'), null, to_date('27-04-2017 16:18:10', 'dd-mm-yyyy hh24:mi:ss'), null);
insert into FCS_ALARM_READ_STAMP (id, user_id, last_refresh_time, is_active, create_datetime, create_by, last_modify_datetime, last_modify_by)
values ('6d9175fa-2f3d-4486-a1eb-431057eed747', '1eef8a77-030f-4fd9-8c58-c4283460b521', to_date('27-04-2017 16:19:40', 'dd-mm-yyyy hh24:mi:ss'), 1, to_date('27-04-2017 16:19:40', 'dd-mm-yyyy hh24:mi:ss'), null, to_date('27-04-2017 16:19:40', 'dd-mm-yyyy hh24:mi:ss'), null);
insert into FCS_ALARM_READ_STAMP (id, user_id, last_refresh_time, is_active, create_datetime, create_by, last_modify_datetime, last_modify_by)
values ('d7980048-590d-4267-aa5e-c98b998386bd', '1eef8a77-030f-4fd9-8c58-c4283460b521', to_date('27-04-2017 16:20:10', 'dd-mm-yyyy hh24:mi:ss'), 1, to_date('27-04-2017 16:20:10', 'dd-mm-yyyy hh24:mi:ss'), null, to_date('27-04-2017 16:20:10', 'dd-mm-yyyy hh24:mi:ss'), null);
insert into FCS_ALARM_READ_STAMP (id, user_id, last_refresh_time, is_active, create_datetime, create_by, last_modify_datetime, last_modify_by)
values ('8fdcaceb-71ac-4dab-a14b-882de82c8648', '1eef8a77-030f-4fd9-8c58-c4283460b521', to_date('27-04-2017 16:21:38', 'dd-mm-yyyy hh24:mi:ss'), 1, to_date('27-04-2017 16:21:38', 'dd-mm-yyyy hh24:mi:ss'), null, to_date('27-04-2017 16:21:38', 'dd-mm-yyyy hh24:mi:ss'), null);
insert into FCS_ALARM_READ_STAMP (id, user_id, last_refresh_time, is_active, create_datetime, create_by, last_modify_datetime, last_modify_by)
values ('c38a6587-454c-4d91-8799-d7e6e30745d7', '1eef8a77-030f-4fd9-8c58-c4283460b521', to_date('27-04-2017 16:21:47', 'dd-mm-yyyy hh24:mi:ss'), 1, to_date('27-04-2017 16:21:47', 'dd-mm-yyyy hh24:mi:ss'), null, to_date('27-04-2017 16:21:47', 'dd-mm-yyyy hh24:mi:ss'), null);
insert into FCS_ALARM_READ_STAMP (id, user_id, last_refresh_time, is_active, create_datetime, create_by, last_modify_datetime, last_modify_by)
values ('6a555ca4-fb2d-4440-9929-4dd12092b2c1', '1eef8a77-030f-4fd9-8c58-c4283460b521', to_date('27-04-2017 16:26:16', 'dd-mm-yyyy hh24:mi:ss'), 1, to_date('27-04-2017 16:26:16', 'dd-mm-yyyy hh24:mi:ss'), null, to_date('27-04-2017 16:26:16', 'dd-mm-yyyy hh24:mi:ss'), null);
insert into FCS_ALARM_READ_STAMP (id, user_id, last_refresh_time, is_active, create_datetime, create_by, last_modify_datetime, last_modify_by)
values ('8ce1b7e5-ac2f-4984-acab-210b214f4772', '1eef8a77-030f-4fd9-8c58-c4283460b521', to_date('27-04-2017 16:33:33', 'dd-mm-yyyy hh24:mi:ss'), 1, to_date('27-04-2017 16:33:33', 'dd-mm-yyyy hh24:mi:ss'), null, to_date('27-04-2017 16:33:33', 'dd-mm-yyyy hh24:mi:ss'), null);
insert into FCS_ALARM_READ_STAMP (id, user_id, last_refresh_time, is_active, create_datetime, create_by, last_modify_datetime, last_modify_by)
values ('59d59e48-28b3-4563-8f3c-905190c0ba14', '1eef8a77-030f-4fd9-8c58-c4283460b521', to_date('27-04-2017 16:34:37', 'dd-mm-yyyy hh24:mi:ss'), 1, to_date('27-04-2017 16:34:37', 'dd-mm-yyyy hh24:mi:ss'), null, to_date('27-04-2017 16:34:37', 'dd-mm-yyyy hh24:mi:ss'), null);
insert into FCS_ALARM_READ_STAMP (id, user_id, last_refresh_time, is_active, create_datetime, create_by, last_modify_datetime, last_modify_by)
values ('4b5a3a70-a59d-4c09-b848-4b91527b1ec7', '1eef8a77-030f-4fd9-8c58-c4283460b521', to_date('27-04-2017 16:35:05', 'dd-mm-yyyy hh24:mi:ss'), 1, to_date('27-04-2017 16:35:05', 'dd-mm-yyyy hh24:mi:ss'), null, to_date('27-04-2017 16:35:05', 'dd-mm-yyyy hh24:mi:ss'), null);
insert into FCS_ALARM_READ_STAMP (id, user_id, last_refresh_time, is_active, create_datetime, create_by, last_modify_datetime, last_modify_by)
values ('15b56df5-7001-4ab6-8752-2f841f13046b', '1eef8a77-030f-4fd9-8c58-c4283460b521', to_date('27-04-2017 16:35:08', 'dd-mm-yyyy hh24:mi:ss'), 1, to_date('27-04-2017 16:35:08', 'dd-mm-yyyy hh24:mi:ss'), null, to_date('27-04-2017 16:35:08', 'dd-mm-yyyy hh24:mi:ss'), null);
insert into FCS_ALARM_READ_STAMP (id, user_id, last_refresh_time, is_active, create_datetime, create_by, last_modify_datetime, last_modify_by)
values ('ee8fa203-50c4-40ba-ba19-a67cedc9a36b', '1eef8a77-030f-4fd9-8c58-c4283460b521', to_date('27-04-2017 16:35:11', 'dd-mm-yyyy hh24:mi:ss'), 1, to_date('27-04-2017 16:35:11', 'dd-mm-yyyy hh24:mi:ss'), null, to_date('27-04-2017 16:35:11', 'dd-mm-yyyy hh24:mi:ss'), null);
insert into FCS_ALARM_READ_STAMP (id, user_id, last_refresh_time, is_active, create_datetime, create_by, last_modify_datetime, last_modify_by)
values ('66e09661-d68d-4359-919a-33e3f70ca2d0', '1eef8a77-030f-4fd9-8c58-c4283460b521', to_date('27-04-2017 16:35:21', 'dd-mm-yyyy hh24:mi:ss'), 1, to_date('27-04-2017 16:35:21', 'dd-mm-yyyy hh24:mi:ss'), null, to_date('27-04-2017 16:35:21', 'dd-mm-yyyy hh24:mi:ss'), null);
insert into FCS_ALARM_READ_STAMP (id, user_id, last_refresh_time, is_active, create_datetime, create_by, last_modify_datetime, last_modify_by)
values ('02475de1-8f18-4cd1-855b-230cef869526', '1eef8a77-030f-4fd9-8c58-c4283460b521', to_date('27-04-2017 16:35:34', 'dd-mm-yyyy hh24:mi:ss'), 1, to_date('27-04-2017 16:35:34', 'dd-mm-yyyy hh24:mi:ss'), null, to_date('27-04-2017 16:35:34', 'dd-mm-yyyy hh24:mi:ss'), null);
insert into FCS_ALARM_READ_STAMP (id, user_id, last_refresh_time, is_active, create_datetime, create_by, last_modify_datetime, last_modify_by)
values ('d6925f28-0da8-4c4b-82b6-68407e3467f0', '1eef8a77-030f-4fd9-8c58-c4283460b521', to_date('27-04-2017 16:36:36', 'dd-mm-yyyy hh24:mi:ss'), 1, to_date('27-04-2017 16:36:36', 'dd-mm-yyyy hh24:mi:ss'), null, to_date('27-04-2017 16:36:36', 'dd-mm-yyyy hh24:mi:ss'), null);
insert into FCS_ALARM_READ_STAMP (id, user_id, last_refresh_time, is_active, create_datetime, create_by, last_modify_datetime, last_modify_by)
values ('87e34a1b-20c9-4144-aae1-ebb13a7d2a55', '1eef8a77-030f-4fd9-8c58-c4283460b521', to_date('27-04-2017 14:22:56', 'dd-mm-yyyy hh24:mi:ss'), 1, to_date('27-04-2017 14:22:56', 'dd-mm-yyyy hh24:mi:ss'), null, to_date('27-04-2017 14:22:56', 'dd-mm-yyyy hh24:mi:ss'), null);
insert into FCS_ALARM_READ_STAMP (id, user_id, last_refresh_time, is_active, create_datetime, create_by, last_modify_datetime, last_modify_by)
values ('284dfe86-469f-4bd8-a8b6-450ae17092ff', '1eef8a77-030f-4fd9-8c58-c4283460b521', to_date('27-04-2017 14:25:06', 'dd-mm-yyyy hh24:mi:ss'), 1, to_date('27-04-2017 14:25:06', 'dd-mm-yyyy hh24:mi:ss'), null, to_date('27-04-2017 14:25:06', 'dd-mm-yyyy hh24:mi:ss'), null);
insert into FCS_ALARM_READ_STAMP (id, user_id, last_refresh_time, is_active, create_datetime, create_by, last_modify_datetime, last_modify_by)
values ('c6f866b2-3621-4e18-91d7-60091b7f40cf', '1eef8a77-030f-4fd9-8c58-c4283460b521', to_date('27-04-2017 14:28:49', 'dd-mm-yyyy hh24:mi:ss'), 1, to_date('27-04-2017 14:28:49', 'dd-mm-yyyy hh24:mi:ss'), null, to_date('27-04-2017 14:28:49', 'dd-mm-yyyy hh24:mi:ss'), null);
insert into FCS_ALARM_READ_STAMP (id, user_id, last_refresh_time, is_active, create_datetime, create_by, last_modify_datetime, last_modify_by)
values ('9c8b8ad7-2793-4839-992d-90406a643303', '1eef8a77-030f-4fd9-8c58-c4283460b521', to_date('27-04-2017 14:28:57', 'dd-mm-yyyy hh24:mi:ss'), 1, to_date('27-04-2017 14:28:57', 'dd-mm-yyyy hh24:mi:ss'), null, to_date('27-04-2017 14:28:57', 'dd-mm-yyyy hh24:mi:ss'), null);
insert into FCS_ALARM_READ_STAMP (id, user_id, last_refresh_time, is_active, create_datetime, create_by, last_modify_datetime, last_modify_by)
values ('d6f9db7a-9771-48c8-9095-d00ab1fbc39e', '1eef8a77-030f-4fd9-8c58-c4283460b521', to_date('27-04-2017 14:29:59', 'dd-mm-yyyy hh24:mi:ss'), 1, to_date('27-04-2017 14:29:59', 'dd-mm-yyyy hh24:mi:ss'), null, to_date('27-04-2017 14:29:59', 'dd-mm-yyyy hh24:mi:ss'), null);
insert into FCS_ALARM_READ_STAMP (id, user_id, last_refresh_time, is_active, create_datetime, create_by, last_modify_datetime, last_modify_by)
values ('dda2df47-bece-4ba4-95bc-365b272b14f5', '1eef8a77-030f-4fd9-8c58-c4283460b521', to_date('27-04-2017 14:29:40', 'dd-mm-yyyy hh24:mi:ss'), 1, to_date('27-04-2017 14:29:40', 'dd-mm-yyyy hh24:mi:ss'), null, to_date('27-04-2017 14:29:40', 'dd-mm-yyyy hh24:mi:ss'), null);
insert into FCS_ALARM_READ_STAMP (id, user_id, last_refresh_time, is_active, create_datetime, create_by, last_modify_datetime, last_modify_by)
values ('b0ced630-ed5f-4d8d-9cb2-6dff7383b098', '1eef8a77-030f-4fd9-8c58-c4283460b521', to_date('27-04-2017 14:29:56', 'dd-mm-yyyy hh24:mi:ss'), 1, to_date('27-04-2017 14:29:56', 'dd-mm-yyyy hh24:mi:ss'), null, to_date('27-04-2017 14:29:56', 'dd-mm-yyyy hh24:mi:ss'), null);
insert into FCS_ALARM_READ_STAMP (id, user_id, last_refresh_time, is_active, create_datetime, create_by, last_modify_datetime, last_modify_by)
values ('12cc2173-fed4-448a-a968-6eed39890372', '1eef8a77-030f-4fd9-8c58-c4283460b521', to_date('27-04-2017 14:29:58', 'dd-mm-yyyy hh24:mi:ss'), 1, to_date('27-04-2017 14:29:58', 'dd-mm-yyyy hh24:mi:ss'), null, to_date('27-04-2017 14:29:58', 'dd-mm-yyyy hh24:mi:ss'), null);
insert into FCS_ALARM_READ_STAMP (id, user_id, last_refresh_time, is_active, create_datetime, create_by, last_modify_datetime, last_modify_by)
values ('7706086f-1f84-4ea6-a253-10ef1055d93f', '1eef8a77-030f-4fd9-8c58-c4283460b521', to_date('27-04-2017 14:30:10', 'dd-mm-yyyy hh24:mi:ss'), 1, to_date('27-04-2017 14:30:10', 'dd-mm-yyyy hh24:mi:ss'), null, to_date('27-04-2017 14:30:10', 'dd-mm-yyyy hh24:mi:ss'), null);
insert into FCS_ALARM_READ_STAMP (id, user_id, last_refresh_time, is_active, create_datetime, create_by, last_modify_datetime, last_modify_by)
values ('fdf7b498-cc5f-4328-abf0-8e50e59b72ab', '1eef8a77-030f-4fd9-8c58-c4283460b521', to_date('27-04-2017 14:30:23', 'dd-mm-yyyy hh24:mi:ss'), 1, to_date('27-04-2017 14:30:23', 'dd-mm-yyyy hh24:mi:ss'), null, to_date('27-04-2017 14:30:23', 'dd-mm-yyyy hh24:mi:ss'), null);
insert into FCS_ALARM_READ_STAMP (id, user_id, last_refresh_time, is_active, create_datetime, create_by, last_modify_datetime, last_modify_by)
values ('ec3a38bd-e730-46d4-a60a-c3c85fe48882', '1eef8a77-030f-4fd9-8c58-c4283460b521', to_date('27-04-2017 14:48:45', 'dd-mm-yyyy hh24:mi:ss'), 1, to_date('27-04-2017 14:48:45', 'dd-mm-yyyy hh24:mi:ss'), null, to_date('27-04-2017 14:48:45', 'dd-mm-yyyy hh24:mi:ss'), null);
insert into FCS_ALARM_READ_STAMP (id, user_id, last_refresh_time, is_active, create_datetime, create_by, last_modify_datetime, last_modify_by)
values ('f5216cd9-c0f4-42a3-b05d-a15e6e2c6dd8', '1eef8a77-030f-4fd9-8c58-c4283460b521', to_date('27-04-2017 14:50:46', 'dd-mm-yyyy hh24:mi:ss'), 1, to_date('27-04-2017 14:50:46', 'dd-mm-yyyy hh24:mi:ss'), null, to_date('27-04-2017 14:50:46', 'dd-mm-yyyy hh24:mi:ss'), null);
insert into FCS_ALARM_READ_STAMP (id, user_id, last_refresh_time, is_active, create_datetime, create_by, last_modify_datetime, last_modify_by)
values ('011d077a-8237-4f08-8f66-df623de203da', '1eef8a77-030f-4fd9-8c58-c4283460b521', to_date('27-04-2017 14:52:46', 'dd-mm-yyyy hh24:mi:ss'), 1, to_date('27-04-2017 14:52:46', 'dd-mm-yyyy hh24:mi:ss'), null, to_date('27-04-2017 14:52:46', 'dd-mm-yyyy hh24:mi:ss'), null);
insert into FCS_ALARM_READ_STAMP (id, user_id, last_refresh_time, is_active, create_datetime, create_by, last_modify_datetime, last_modify_by)
values ('b751d04a-f02f-4c63-974f-266024c05167', '1eef8a77-030f-4fd9-8c58-c4283460b521', to_date('27-04-2017 14:54:46', 'dd-mm-yyyy hh24:mi:ss'), 1, to_date('27-04-2017 14:54:46', 'dd-mm-yyyy hh24:mi:ss'), null, to_date('27-04-2017 14:54:46', 'dd-mm-yyyy hh24:mi:ss'), null);
insert into FCS_ALARM_READ_STAMP (id, user_id, last_refresh_time, is_active, create_datetime, create_by, last_modify_datetime, last_modify_by)
values ('eea60d6f-d9c5-4702-a80d-36b956f8e003', '1eef8a77-030f-4fd9-8c58-c4283460b521', to_date('27-04-2017 14:56:33', 'dd-mm-yyyy hh24:mi:ss'), 1, to_date('27-04-2017 14:56:33', 'dd-mm-yyyy hh24:mi:ss'), null, to_date('27-04-2017 14:56:33', 'dd-mm-yyyy hh24:mi:ss'), null);
insert into FCS_ALARM_READ_STAMP (id, user_id, last_refresh_time, is_active, create_datetime, create_by, last_modify_datetime, last_modify_by)
values ('b33b02d1-2a5e-44d8-9371-c267361c14a9', '1eef8a77-030f-4fd9-8c58-c4283460b521', to_date('27-04-2017 14:58:33', 'dd-mm-yyyy hh24:mi:ss'), 1, to_date('27-04-2017 14:58:33', 'dd-mm-yyyy hh24:mi:ss'), null, to_date('27-04-2017 14:58:33', 'dd-mm-yyyy hh24:mi:ss'), null);
insert into FCS_ALARM_READ_STAMP (id, user_id, last_refresh_time, is_active, create_datetime, create_by, last_modify_datetime, last_modify_by)
values ('dfe22808-b8bb-4f0a-b100-db6ea6c2748c', '1eef8a77-030f-4fd9-8c58-c4283460b521', to_date('27-04-2017 15:00:33', 'dd-mm-yyyy hh24:mi:ss'), 1, to_date('27-04-2017 15:00:33', 'dd-mm-yyyy hh24:mi:ss'), null, to_date('27-04-2017 15:00:33', 'dd-mm-yyyy hh24:mi:ss'), null);
insert into FCS_ALARM_READ_STAMP (id, user_id, last_refresh_time, is_active, create_datetime, create_by, last_modify_datetime, last_modify_by)
values ('83d50cf1-86fc-4fed-9090-a27f687875af', '1eef8a77-030f-4fd9-8c58-c4283460b521', to_date('27-04-2017 15:02:33', 'dd-mm-yyyy hh24:mi:ss'), 1, to_date('27-04-2017 15:02:33', 'dd-mm-yyyy hh24:mi:ss'), null, to_date('27-04-2017 15:02:33', 'dd-mm-yyyy hh24:mi:ss'), null);
insert into FCS_ALARM_READ_STAMP (id, user_id, last_refresh_time, is_active, create_datetime, create_by, last_modify_datetime, last_modify_by)
values ('b81fecc3-dcac-417f-8518-b4af304b16ef', '1eef8a77-030f-4fd9-8c58-c4283460b521', to_date('27-04-2017 15:04:33', 'dd-mm-yyyy hh24:mi:ss'), 1, to_date('27-04-2017 15:04:33', 'dd-mm-yyyy hh24:mi:ss'), null, to_date('27-04-2017 15:04:33', 'dd-mm-yyyy hh24:mi:ss'), null);
insert into FCS_ALARM_READ_STAMP (id, user_id, last_refresh_time, is_active, create_datetime, create_by, last_modify_datetime, last_modify_by)
values ('ffb3b953-37ec-495d-9ca9-02743827930b', '1eef8a77-030f-4fd9-8c58-c4283460b521', to_date('27-04-2017 15:06:33', 'dd-mm-yyyy hh24:mi:ss'), 1, to_date('27-04-2017 15:06:33', 'dd-mm-yyyy hh24:mi:ss'), null, to_date('27-04-2017 15:06:33', 'dd-mm-yyyy hh24:mi:ss'), null);
insert into FCS_ALARM_READ_STAMP (id, user_id, last_refresh_time, is_active, create_datetime, create_by, last_modify_datetime, last_modify_by)
values ('3cde58db-3f94-4c4b-a8a1-06063ab1b1a3', '1eef8a77-030f-4fd9-8c58-c4283460b521', to_date('27-04-2017 15:08:33', 'dd-mm-yyyy hh24:mi:ss'), 1, to_date('27-04-2017 15:08:33', 'dd-mm-yyyy hh24:mi:ss'), null, to_date('27-04-2017 15:08:33', 'dd-mm-yyyy hh24:mi:ss'), null);
insert into FCS_ALARM_READ_STAMP (id, user_id, last_refresh_time, is_active, create_datetime, create_by, last_modify_datetime, last_modify_by)
values ('2aecb4d1-e926-496f-a175-d39defa4dfab', '1eef8a77-030f-4fd9-8c58-c4283460b521', to_date('27-04-2017 15:10:33', 'dd-mm-yyyy hh24:mi:ss'), 1, to_date('27-04-2017 15:10:33', 'dd-mm-yyyy hh24:mi:ss'), null, to_date('27-04-2017 15:10:33', 'dd-mm-yyyy hh24:mi:ss'), null);
insert into FCS_ALARM_READ_STAMP (id, user_id, last_refresh_time, is_active, create_datetime, create_by, last_modify_datetime, last_modify_by)
values ('8babd2a4-a3f4-48ef-8e58-57fe11329957', '1eef8a77-030f-4fd9-8c58-c4283460b521', to_date('27-04-2017 15:14:33', 'dd-mm-yyyy hh24:mi:ss'), 1, to_date('27-04-2017 15:14:33', 'dd-mm-yyyy hh24:mi:ss'), null, to_date('27-04-2017 15:14:33', 'dd-mm-yyyy hh24:mi:ss'), null);
insert into FCS_ALARM_READ_STAMP (id, user_id, last_refresh_time, is_active, create_datetime, create_by, last_modify_datetime, last_modify_by)
values ('de3f7c07-4367-44cb-a6bd-35af5b3c438e', '1eef8a77-030f-4fd9-8c58-c4283460b521', to_date('27-04-2017 15:15:49', 'dd-mm-yyyy hh24:mi:ss'), 1, to_date('27-04-2017 15:15:49', 'dd-mm-yyyy hh24:mi:ss'), null, to_date('27-04-2017 15:15:49', 'dd-mm-yyyy hh24:mi:ss'), null);
insert into FCS_ALARM_READ_STAMP (id, user_id, last_refresh_time, is_active, create_datetime, create_by, last_modify_datetime, last_modify_by)
values ('a55faa55-c0f7-4783-b493-516ab502813b', '1eef8a77-030f-4fd9-8c58-c4283460b521', to_date('27-04-2017 15:15:54', 'dd-mm-yyyy hh24:mi:ss'), 1, to_date('27-04-2017 15:15:54', 'dd-mm-yyyy hh24:mi:ss'), null, to_date('27-04-2017 15:15:54', 'dd-mm-yyyy hh24:mi:ss'), null);
insert into FCS_ALARM_READ_STAMP (id, user_id, last_refresh_time, is_active, create_datetime, create_by, last_modify_datetime, last_modify_by)
values ('03ddc243-2070-499e-b4dc-993dcba27053', '1eef8a77-030f-4fd9-8c58-c4283460b521', to_date('27-04-2017 15:16:24', 'dd-mm-yyyy hh24:mi:ss'), 1, to_date('27-04-2017 15:16:24', 'dd-mm-yyyy hh24:mi:ss'), null, to_date('27-04-2017 15:16:24', 'dd-mm-yyyy hh24:mi:ss'), null);
insert into FCS_ALARM_READ_STAMP (id, user_id, last_refresh_time, is_active, create_datetime, create_by, last_modify_datetime, last_modify_by)
values ('4d8d4606-c28c-49cf-868b-3f20edab8d29', '1eef8a77-030f-4fd9-8c58-c4283460b521', to_date('27-04-2017 15:17:00', 'dd-mm-yyyy hh24:mi:ss'), 1, to_date('27-04-2017 15:17:00', 'dd-mm-yyyy hh24:mi:ss'), null, to_date('27-04-2017 15:17:00', 'dd-mm-yyyy hh24:mi:ss'), null);
insert into FCS_ALARM_READ_STAMP (id, user_id, last_refresh_time, is_active, create_datetime, create_by, last_modify_datetime, last_modify_by)
values ('dee22b32-ff6e-422a-a17a-103939347160', '1eef8a77-030f-4fd9-8c58-c4283460b521', to_date('27-04-2017 15:18:33', 'dd-mm-yyyy hh24:mi:ss'), 1, to_date('27-04-2017 15:18:33', 'dd-mm-yyyy hh24:mi:ss'), null, to_date('27-04-2017 15:18:33', 'dd-mm-yyyy hh24:mi:ss'), null);
insert into FCS_ALARM_READ_STAMP (id, user_id, last_refresh_time, is_active, create_datetime, create_by, last_modify_datetime, last_modify_by)
values ('92f8c0e7-4e3a-4e80-b02d-079ef9104f0b', '1eef8a77-030f-4fd9-8c58-c4283460b521', to_date('27-04-2017 15:19:24', 'dd-mm-yyyy hh24:mi:ss'), 1, to_date('27-04-2017 15:19:24', 'dd-mm-yyyy hh24:mi:ss'), null, to_date('27-04-2017 15:19:24', 'dd-mm-yyyy hh24:mi:ss'), null);
insert into FCS_ALARM_READ_STAMP (id, user_id, last_refresh_time, is_active, create_datetime, create_by, last_modify_datetime, last_modify_by)
values ('dd824ac9-a95a-4c19-a802-a9644145398d', '1eef8a77-030f-4fd9-8c58-c4283460b521', to_date('27-04-2017 15:21:24', 'dd-mm-yyyy hh24:mi:ss'), 1, to_date('27-04-2017 15:21:24', 'dd-mm-yyyy hh24:mi:ss'), null, to_date('27-04-2017 15:21:24', 'dd-mm-yyyy hh24:mi:ss'), null);
insert into FCS_ALARM_READ_STAMP (id, user_id, last_refresh_time, is_active, create_datetime, create_by, last_modify_datetime, last_modify_by)
values ('22c0774b-6ab4-4615-8b75-fb3e6683976d', '1eef8a77-030f-4fd9-8c58-c4283460b521', to_date('27-04-2017 15:23:24', 'dd-mm-yyyy hh24:mi:ss'), 1, to_date('27-04-2017 15:23:24', 'dd-mm-yyyy hh24:mi:ss'), null, to_date('27-04-2017 15:23:24', 'dd-mm-yyyy hh24:mi:ss'), null);
insert into FCS_ALARM_READ_STAMP (id, user_id, last_refresh_time, is_active, create_datetime, create_by, last_modify_datetime, last_modify_by)
values ('2281604a-5a94-45ff-a276-646336314086', '1eef8a77-030f-4fd9-8c58-c4283460b521', to_date('27-04-2017 15:25:24', 'dd-mm-yyyy hh24:mi:ss'), 1, to_date('27-04-2017 15:25:24', 'dd-mm-yyyy hh24:mi:ss'), null, to_date('27-04-2017 15:25:24', 'dd-mm-yyyy hh24:mi:ss'), null);
insert into FCS_ALARM_READ_STAMP (id, user_id, last_refresh_time, is_active, create_datetime, create_by, last_modify_datetime, last_modify_by)
values ('d1d0a179-d13c-4466-a8d7-2baaaf42ae58', '1eef8a77-030f-4fd9-8c58-c4283460b521', to_date('27-04-2017 15:27:24', 'dd-mm-yyyy hh24:mi:ss'), 1, to_date('27-04-2017 15:27:24', 'dd-mm-yyyy hh24:mi:ss'), null, to_date('27-04-2017 15:27:24', 'dd-mm-yyyy hh24:mi:ss'), null);
insert into FCS_ALARM_READ_STAMP (id, user_id, last_refresh_time, is_active, create_datetime, create_by, last_modify_datetime, last_modify_by)
values ('4441d976-db89-4607-82d0-32f4e70363a5', '1eef8a77-030f-4fd9-8c58-c4283460b521', to_date('27-04-2017 15:29:24', 'dd-mm-yyyy hh24:mi:ss'), 1, to_date('27-04-2017 15:29:24', 'dd-mm-yyyy hh24:mi:ss'), null, to_date('27-04-2017 15:29:24', 'dd-mm-yyyy hh24:mi:ss'), null);
insert into FCS_ALARM_READ_STAMP (id, user_id, last_refresh_time, is_active, create_datetime, create_by, last_modify_datetime, last_modify_by)
values ('069d82e4-3122-4504-abc5-2d157cd32f21', '1eef8a77-030f-4fd9-8c58-c4283460b521', to_date('27-04-2017 15:31:24', 'dd-mm-yyyy hh24:mi:ss'), 1, to_date('27-04-2017 15:31:24', 'dd-mm-yyyy hh24:mi:ss'), null, to_date('27-04-2017 15:31:24', 'dd-mm-yyyy hh24:mi:ss'), null);
insert into FCS_ALARM_READ_STAMP (id, user_id, last_refresh_time, is_active, create_datetime, create_by, last_modify_datetime, last_modify_by)
values ('a689a773-beee-4d74-b3e0-330971446475', '1eef8a77-030f-4fd9-8c58-c4283460b521', to_date('27-04-2017 15:33:24', 'dd-mm-yyyy hh24:mi:ss'), 1, to_date('27-04-2017 15:33:24', 'dd-mm-yyyy hh24:mi:ss'), null, to_date('27-04-2017 15:33:24', 'dd-mm-yyyy hh24:mi:ss'), null);
insert into FCS_ALARM_READ_STAMP (id, user_id, last_refresh_time, is_active, create_datetime, create_by, last_modify_datetime, last_modify_by)
values ('a2a7a82f-2bec-4540-902a-e8708ced4d7d', '1eef8a77-030f-4fd9-8c58-c4283460b521', to_date('27-04-2017 15:35:24', 'dd-mm-yyyy hh24:mi:ss'), 1, to_date('27-04-2017 15:35:24', 'dd-mm-yyyy hh24:mi:ss'), null, to_date('27-04-2017 15:35:24', 'dd-mm-yyyy hh24:mi:ss'), null);
insert into FCS_ALARM_READ_STAMP (id, user_id, last_refresh_time, is_active, create_datetime, create_by, last_modify_datetime, last_modify_by)
values ('62acf463-0d9c-4f74-b36f-d5537d5653ae', '1eef8a77-030f-4fd9-8c58-c4283460b521', to_date('27-04-2017 15:37:24', 'dd-mm-yyyy hh24:mi:ss'), 1, to_date('27-04-2017 15:37:24', 'dd-mm-yyyy hh24:mi:ss'), null, to_date('27-04-2017 15:37:24', 'dd-mm-yyyy hh24:mi:ss'), null);
insert into FCS_ALARM_READ_STAMP (id, user_id, last_refresh_time, is_active, create_datetime, create_by, last_modify_datetime, last_modify_by)
values ('64e38606-183d-400f-ba97-b1eeee074ec3', '1eef8a77-030f-4fd9-8c58-c4283460b521', to_date('27-04-2017 15:39:24', 'dd-mm-yyyy hh24:mi:ss'), 1, to_date('27-04-2017 15:39:24', 'dd-mm-yyyy hh24:mi:ss'), null, to_date('27-04-2017 15:39:24', 'dd-mm-yyyy hh24:mi:ss'), null);
insert into FCS_ALARM_READ_STAMP (id, user_id, last_refresh_time, is_active, create_datetime, create_by, last_modify_datetime, last_modify_by)
values ('dcb4bcc9-c689-413d-bdfc-ea3fab59c563', '1eef8a77-030f-4fd9-8c58-c4283460b521', to_date('27-04-2017 15:41:24', 'dd-mm-yyyy hh24:mi:ss'), 1, to_date('27-04-2017 15:41:24', 'dd-mm-yyyy hh24:mi:ss'), null, to_date('27-04-2017 15:41:24', 'dd-mm-yyyy hh24:mi:ss'), null);
insert into FCS_ALARM_READ_STAMP (id, user_id, last_refresh_time, is_active, create_datetime, create_by, last_modify_datetime, last_modify_by)
values ('3653737d-0dee-4afb-9807-e2996d97f8e6', '1eef8a77-030f-4fd9-8c58-c4283460b521', to_date('27-04-2017 15:43:24', 'dd-mm-yyyy hh24:mi:ss'), 1, to_date('27-04-2017 15:43:24', 'dd-mm-yyyy hh24:mi:ss'), null, to_date('27-04-2017 15:43:24', 'dd-mm-yyyy hh24:mi:ss'), null);
insert into FCS_ALARM_READ_STAMP (id, user_id, last_refresh_time, is_active, create_datetime, create_by, last_modify_datetime, last_modify_by)
values ('87f0faf8-591a-47f1-a682-406ced42cf8c', '1eef8a77-030f-4fd9-8c58-c4283460b521', to_date('27-04-2017 15:45:24', 'dd-mm-yyyy hh24:mi:ss'), 1, to_date('27-04-2017 15:45:24', 'dd-mm-yyyy hh24:mi:ss'), null, to_date('27-04-2017 15:45:24', 'dd-mm-yyyy hh24:mi:ss'), null);
insert into FCS_ALARM_READ_STAMP (id, user_id, last_refresh_time, is_active, create_datetime, create_by, last_modify_datetime, last_modify_by)
values ('ac59109b-869d-487e-86c8-d36960caac3e', '1eef8a77-030f-4fd9-8c58-c4283460b521', to_date('27-04-2017 15:47:24', 'dd-mm-yyyy hh24:mi:ss'), 1, to_date('27-04-2017 15:47:24', 'dd-mm-yyyy hh24:mi:ss'), null, to_date('27-04-2017 15:47:24', 'dd-mm-yyyy hh24:mi:ss'), null);
insert into FCS_ALARM_READ_STAMP (id, user_id, last_refresh_time, is_active, create_datetime, create_by, last_modify_datetime, last_modify_by)
values ('864f8137-ee99-4cea-86f2-918c89c9bfab', '1eef8a77-030f-4fd9-8c58-c4283460b521', to_date('27-04-2017 15:49:24', 'dd-mm-yyyy hh24:mi:ss'), 1, to_date('27-04-2017 15:49:24', 'dd-mm-yyyy hh24:mi:ss'), null, to_date('27-04-2017 15:49:24', 'dd-mm-yyyy hh24:mi:ss'), null);
insert into FCS_ALARM_READ_STAMP (id, user_id, last_refresh_time, is_active, create_datetime, create_by, last_modify_datetime, last_modify_by)
values ('4c899cd4-d042-4402-9ea0-5bd8a650c451', '1eef8a77-030f-4fd9-8c58-c4283460b521', to_date('27-04-2017 15:51:32', 'dd-mm-yyyy hh24:mi:ss'), 1, to_date('27-04-2017 15:51:32', 'dd-mm-yyyy hh24:mi:ss'), null, to_date('27-04-2017 15:51:32', 'dd-mm-yyyy hh24:mi:ss'), null);
insert into FCS_ALARM_READ_STAMP (id, user_id, last_refresh_time, is_active, create_datetime, create_by, last_modify_datetime, last_modify_by)
values ('ae7ed58d-9c6c-47b5-8601-3bca93f81756', '1eef8a77-030f-4fd9-8c58-c4283460b521', to_date('27-04-2017 16:21:56', 'dd-mm-yyyy hh24:mi:ss'), 1, to_date('27-04-2017 16:21:56', 'dd-mm-yyyy hh24:mi:ss'), null, to_date('27-04-2017 16:21:56', 'dd-mm-yyyy hh24:mi:ss'), null);
insert into FCS_ALARM_READ_STAMP (id, user_id, last_refresh_time, is_active, create_datetime, create_by, last_modify_datetime, last_modify_by)
values ('c6b472ff-e5f0-4f06-9f69-9b4947298c79', '1eef8a77-030f-4fd9-8c58-c4283460b521', to_date('27-04-2017 16:23:41', 'dd-mm-yyyy hh24:mi:ss'), 1, to_date('27-04-2017 16:23:41', 'dd-mm-yyyy hh24:mi:ss'), null, to_date('27-04-2017 16:23:41', 'dd-mm-yyyy hh24:mi:ss'), null);
insert into FCS_ALARM_READ_STAMP (id, user_id, last_refresh_time, is_active, create_datetime, create_by, last_modify_datetime, last_modify_by)
values ('80810434-0cb9-4198-8f26-e1c5af9e61ef', '1eef8a77-030f-4fd9-8c58-c4283460b521', to_date('27-04-2017 16:23:55', 'dd-mm-yyyy hh24:mi:ss'), 1, to_date('27-04-2017 16:23:55', 'dd-mm-yyyy hh24:mi:ss'), null, to_date('27-04-2017 16:23:55', 'dd-mm-yyyy hh24:mi:ss'), null);
insert into FCS_ALARM_READ_STAMP (id, user_id, last_refresh_time, is_active, create_datetime, create_by, last_modify_datetime, last_modify_by)
values ('0152278b-8ef4-4389-8efd-313c9660ac4d', '1eef8a77-030f-4fd9-8c58-c4283460b521', to_date('27-04-2017 16:24:27', 'dd-mm-yyyy hh24:mi:ss'), 1, to_date('27-04-2017 16:24:27', 'dd-mm-yyyy hh24:mi:ss'), null, to_date('27-04-2017 16:24:27', 'dd-mm-yyyy hh24:mi:ss'), null);
insert into FCS_ALARM_READ_STAMP (id, user_id, last_refresh_time, is_active, create_datetime, create_by, last_modify_datetime, last_modify_by)
values ('abf9f426-c2ff-4ac0-8dec-d81abca1b292', '1eef8a77-030f-4fd9-8c58-c4283460b521', to_date('27-04-2017 16:24:35', 'dd-mm-yyyy hh24:mi:ss'), 1, to_date('27-04-2017 16:24:35', 'dd-mm-yyyy hh24:mi:ss'), null, to_date('27-04-2017 16:24:35', 'dd-mm-yyyy hh24:mi:ss'), null);
insert into FCS_ALARM_READ_STAMP (id, user_id, last_refresh_time, is_active, create_datetime, create_by, last_modify_datetime, last_modify_by)
values ('6df380a6-fd27-4af2-8014-4fe76a6c1378', '1eef8a77-030f-4fd9-8c58-c4283460b521', to_date('27-04-2017 16:24:42', 'dd-mm-yyyy hh24:mi:ss'), 1, to_date('27-04-2017 16:24:42', 'dd-mm-yyyy hh24:mi:ss'), null, to_date('27-04-2017 16:24:42', 'dd-mm-yyyy hh24:mi:ss'), null);
insert into FCS_ALARM_READ_STAMP (id, user_id, last_refresh_time, is_active, create_datetime, create_by, last_modify_datetime, last_modify_by)
values ('e2fe7c56-993e-4c13-b526-428ec124ca2b', '1eef8a77-030f-4fd9-8c58-c4283460b521', to_date('27-04-2017 16:25:42', 'dd-mm-yyyy hh24:mi:ss'), 1, to_date('27-04-2017 16:25:42', 'dd-mm-yyyy hh24:mi:ss'), null, to_date('27-04-2017 16:25:42', 'dd-mm-yyyy hh24:mi:ss'), null);
insert into FCS_ALARM_READ_STAMP (id, user_id, last_refresh_time, is_active, create_datetime, create_by, last_modify_datetime, last_modify_by)
values ('dcde6e13-7c47-4671-adac-c1b9377db6d2', '1eef8a77-030f-4fd9-8c58-c4283460b521', to_date('27-04-2017 16:26:08', 'dd-mm-yyyy hh24:mi:ss'), 1, to_date('27-04-2017 16:26:08', 'dd-mm-yyyy hh24:mi:ss'), null, to_date('27-04-2017 16:26:08', 'dd-mm-yyyy hh24:mi:ss'), null);
insert into FCS_ALARM_READ_STAMP (id, user_id, last_refresh_time, is_active, create_datetime, create_by, last_modify_datetime, last_modify_by)
values ('a33f92c6-b069-40b7-bef5-a03ce2054f08', '1eef8a77-030f-4fd9-8c58-c4283460b521', to_date('27-04-2017 16:26:12', 'dd-mm-yyyy hh24:mi:ss'), 1, to_date('27-04-2017 16:26:12', 'dd-mm-yyyy hh24:mi:ss'), null, to_date('27-04-2017 16:26:12', 'dd-mm-yyyy hh24:mi:ss'), null);
insert into FCS_ALARM_READ_STAMP (id, user_id, last_refresh_time, is_active, create_datetime, create_by, last_modify_datetime, last_modify_by)
values ('cbf7a5be-4856-4332-a135-8d803b1d55bf', '1eef8a77-030f-4fd9-8c58-c4283460b521', to_date('27-04-2017 16:26:22', 'dd-mm-yyyy hh24:mi:ss'), 1, to_date('27-04-2017 16:26:22', 'dd-mm-yyyy hh24:mi:ss'), null, to_date('27-04-2017 16:26:22', 'dd-mm-yyyy hh24:mi:ss'), null);
insert into FCS_ALARM_READ_STAMP (id, user_id, last_refresh_time, is_active, create_datetime, create_by, last_modify_datetime, last_modify_by)
values ('cbca4ebc-1fa6-47a5-a4a3-c6241784b55a', '1eef8a77-030f-4fd9-8c58-c4283460b521', to_date('27-04-2017 16:33:11', 'dd-mm-yyyy hh24:mi:ss'), 1, to_date('27-04-2017 16:33:11', 'dd-mm-yyyy hh24:mi:ss'), null, to_date('27-04-2017 16:33:11', 'dd-mm-yyyy hh24:mi:ss'), null);
insert into FCS_ALARM_READ_STAMP (id, user_id, last_refresh_time, is_active, create_datetime, create_by, last_modify_datetime, last_modify_by)
values ('e689f6b9-c164-4f3b-8447-d1e2b1000093', '1eef8a77-030f-4fd9-8c58-c4283460b521', to_date('27-04-2017 16:36:30', 'dd-mm-yyyy hh24:mi:ss'), 1, to_date('27-04-2017 16:36:30', 'dd-mm-yyyy hh24:mi:ss'), null, to_date('27-04-2017 16:36:30', 'dd-mm-yyyy hh24:mi:ss'), null);
insert into FCS_ALARM_READ_STAMP (id, user_id, last_refresh_time, is_active, create_datetime, create_by, last_modify_datetime, last_modify_by)
values ('c5798922-3214-4c94-a6e3-ab6032e2b123', '1eef8a77-030f-4fd9-8c58-c4283460b521', to_date('27-04-2017 16:36:41', 'dd-mm-yyyy hh24:mi:ss'), 1, to_date('27-04-2017 16:36:41', 'dd-mm-yyyy hh24:mi:ss'), null, to_date('27-04-2017 16:36:41', 'dd-mm-yyyy hh24:mi:ss'), null);
insert into FCS_ALARM_READ_STAMP (id, user_id, last_refresh_time, is_active, create_datetime, create_by, last_modify_datetime, last_modify_by)
values ('73d3b5df-1a85-412f-8d85-791dd93be13b', '1eef8a77-030f-4fd9-8c58-c4283460b521', to_date('27-04-2017 16:36:46', 'dd-mm-yyyy hh24:mi:ss'), 1, to_date('27-04-2017 16:36:46', 'dd-mm-yyyy hh24:mi:ss'), null, to_date('27-04-2017 16:36:46', 'dd-mm-yyyy hh24:mi:ss'), null);
insert into FCS_ALARM_READ_STAMP (id, user_id, last_refresh_time, is_active, create_datetime, create_by, last_modify_datetime, last_modify_by)
values ('81bf87e1-ce04-4557-98fb-2944921b5697', '1eef8a77-030f-4fd9-8c58-c4283460b521', to_date('27-04-2017 16:37:04', 'dd-mm-yyyy hh24:mi:ss'), 1, to_date('27-04-2017 16:37:04', 'dd-mm-yyyy hh24:mi:ss'), null, to_date('27-04-2017 16:37:04', 'dd-mm-yyyy hh24:mi:ss'), null);
insert into FCS_ALARM_READ_STAMP (id, user_id, last_refresh_time, is_active, create_datetime, create_by, last_modify_datetime, last_modify_by)
values ('442d002c-60ed-4356-9509-033a526eddef', '1eef8a77-030f-4fd9-8c58-c4283460b521', to_date('27-04-2017 16:37:35', 'dd-mm-yyyy hh24:mi:ss'), 1, to_date('27-04-2017 16:37:35', 'dd-mm-yyyy hh24:mi:ss'), null, to_date('27-04-2017 16:37:35', 'dd-mm-yyyy hh24:mi:ss'), null);
insert into FCS_ALARM_READ_STAMP (id, user_id, last_refresh_time, is_active, create_datetime, create_by, last_modify_datetime, last_modify_by)
values ('810a6864-7c55-4a98-9b2b-aefd71186e0c', '1eef8a77-030f-4fd9-8c58-c4283460b521', to_date('27-04-2017 16:37:49', 'dd-mm-yyyy hh24:mi:ss'), 1, to_date('27-04-2017 16:37:49', 'dd-mm-yyyy hh24:mi:ss'), null, to_date('27-04-2017 16:37:49', 'dd-mm-yyyy hh24:mi:ss'), null);
insert into FCS_ALARM_READ_STAMP (id, user_id, last_refresh_time, is_active, create_datetime, create_by, last_modify_datetime, last_modify_by)
values ('4265d3fe-37af-4f65-86f1-0f2880d85c72', '1eef8a77-030f-4fd9-8c58-c4283460b521', to_date('27-04-2017 16:37:51', 'dd-mm-yyyy hh24:mi:ss'), 1, to_date('27-04-2017 16:37:51', 'dd-mm-yyyy hh24:mi:ss'), null, to_date('27-04-2017 16:37:51', 'dd-mm-yyyy hh24:mi:ss'), null);
insert into FCS_ALARM_READ_STAMP (id, user_id, last_refresh_time, is_active, create_datetime, create_by, last_modify_datetime, last_modify_by)
values ('83b4575e-224c-4e5b-a616-c5d1f30a8840', '1eef8a77-030f-4fd9-8c58-c4283460b521', to_date('27-04-2017 16:38:40', 'dd-mm-yyyy hh24:mi:ss'), 1, to_date('27-04-2017 16:38:40', 'dd-mm-yyyy hh24:mi:ss'), null, to_date('27-04-2017 16:38:40', 'dd-mm-yyyy hh24:mi:ss'), null);
insert into FCS_ALARM_READ_STAMP (id, user_id, last_refresh_time, is_active, create_datetime, create_by, last_modify_datetime, last_modify_by)
values ('9d1e3d1d-59ef-4770-9ba5-685da48e6dfd', '1eef8a77-030f-4fd9-8c58-c4283460b521', to_date('27-04-2017 16:41:11', 'dd-mm-yyyy hh24:mi:ss'), 1, to_date('27-04-2017 16:41:11', 'dd-mm-yyyy hh24:mi:ss'), null, to_date('27-04-2017 16:41:11', 'dd-mm-yyyy hh24:mi:ss'), null);
insert into FCS_ALARM_READ_STAMP (id, user_id, last_refresh_time, is_active, create_datetime, create_by, last_modify_datetime, last_modify_by)
values ('d9feb124-2024-4497-ab30-2e5b378a7f3d', '1eef8a77-030f-4fd9-8c58-c4283460b521', to_date('27-04-2017 16:41:47', 'dd-mm-yyyy hh24:mi:ss'), 1, to_date('27-04-2017 16:41:47', 'dd-mm-yyyy hh24:mi:ss'), null, to_date('27-04-2017 16:41:47', 'dd-mm-yyyy hh24:mi:ss'), null);
insert into FCS_ALARM_READ_STAMP (id, user_id, last_refresh_time, is_active, create_datetime, create_by, last_modify_datetime, last_modify_by)
values ('e380b1a3-d894-470a-9160-db601203001b', '1eef8a77-030f-4fd9-8c58-c4283460b521', to_date('27-04-2017 16:43:47', 'dd-mm-yyyy hh24:mi:ss'), 1, to_date('27-04-2017 16:43:47', 'dd-mm-yyyy hh24:mi:ss'), null, to_date('27-04-2017 16:43:47', 'dd-mm-yyyy hh24:mi:ss'), null);
insert into FCS_ALARM_READ_STAMP (id, user_id, last_refresh_time, is_active, create_datetime, create_by, last_modify_datetime, last_modify_by)
values ('d62ae64e-6f8e-4ea5-92ee-2dccd85304b3', '1eef8a77-030f-4fd9-8c58-c4283460b521', to_date('27-04-2017 15:18:50', 'dd-mm-yyyy hh24:mi:ss'), 1, to_date('27-04-2017 15:18:50', 'dd-mm-yyyy hh24:mi:ss'), null, to_date('27-04-2017 15:18:50', 'dd-mm-yyyy hh24:mi:ss'), null);
insert into FCS_ALARM_READ_STAMP (id, user_id, last_refresh_time, is_active, create_datetime, create_by, last_modify_datetime, last_modify_by)
values ('ee89ac31-c15c-40a1-9a86-83afa6b60031', '1eef8a77-030f-4fd9-8c58-c4283460b521', to_date('27-04-2017 15:18:52', 'dd-mm-yyyy hh24:mi:ss'), 1, to_date('27-04-2017 15:18:52', 'dd-mm-yyyy hh24:mi:ss'), null, to_date('27-04-2017 15:18:52', 'dd-mm-yyyy hh24:mi:ss'), null);
insert into FCS_ALARM_READ_STAMP (id, user_id, last_refresh_time, is_active, create_datetime, create_by, last_modify_datetime, last_modify_by)
values ('747da8d6-3a53-4cb8-b2e2-392fa6f75477', '1eef8a77-030f-4fd9-8c58-c4283460b521', to_date('27-04-2017 15:18:53', 'dd-mm-yyyy hh24:mi:ss'), 1, to_date('27-04-2017 15:18:53', 'dd-mm-yyyy hh24:mi:ss'), null, to_date('27-04-2017 15:18:53', 'dd-mm-yyyy hh24:mi:ss'), null);
insert into FCS_ALARM_READ_STAMP (id, user_id, last_refresh_time, is_active, create_datetime, create_by, last_modify_datetime, last_modify_by)
values ('f7f18133-48e3-462e-9d59-2a263c71fdef', '1eef8a77-030f-4fd9-8c58-c4283460b521', to_date('27-04-2017 15:18:56', 'dd-mm-yyyy hh24:mi:ss'), 1, to_date('27-04-2017 15:18:56', 'dd-mm-yyyy hh24:mi:ss'), null, to_date('27-04-2017 15:18:56', 'dd-mm-yyyy hh24:mi:ss'), null);
insert into FCS_ALARM_READ_STAMP (id, user_id, last_refresh_time, is_active, create_datetime, create_by, last_modify_datetime, last_modify_by)
values ('dc9ba28d-1791-492c-aa54-7260546b97ea', '1eef8a77-030f-4fd9-8c58-c4283460b521', to_date('27-04-2017 15:18:59', 'dd-mm-yyyy hh24:mi:ss'), 1, to_date('27-04-2017 15:18:59', 'dd-mm-yyyy hh24:mi:ss'), null, to_date('27-04-2017 15:18:59', 'dd-mm-yyyy hh24:mi:ss'), null);
commit;
-- prompt 200 records committed...
insert into FCS_ALARM_READ_STAMP (id, user_id, last_refresh_time, is_active, create_datetime, create_by, last_modify_datetime, last_modify_by)
values ('f6332ec5-0b31-4b0a-8085-503a1cb63300', '1eef8a77-030f-4fd9-8c58-c4283460b521', to_date('27-04-2017 16:39:31', 'dd-mm-yyyy hh24:mi:ss'), 1, to_date('27-04-2017 16:39:31', 'dd-mm-yyyy hh24:mi:ss'), null, to_date('27-04-2017 16:39:31', 'dd-mm-yyyy hh24:mi:ss'), null);
insert into FCS_ALARM_READ_STAMP (id, user_id, last_refresh_time, is_active, create_datetime, create_by, last_modify_datetime, last_modify_by)
values ('3e0ec135-2703-4594-91a4-c4bab25a210e', '1eef8a77-030f-4fd9-8c58-c4283460b521', to_date('27-04-2017 16:39:36', 'dd-mm-yyyy hh24:mi:ss'), 1, to_date('27-04-2017 16:39:36', 'dd-mm-yyyy hh24:mi:ss'), null, to_date('27-04-2017 16:39:36', 'dd-mm-yyyy hh24:mi:ss'), null);
insert into FCS_ALARM_READ_STAMP (id, user_id, last_refresh_time, is_active, create_datetime, create_by, last_modify_datetime, last_modify_by)
values ('8d95582b-9e48-46c3-9c76-3754a2486694', '1eef8a77-030f-4fd9-8c58-c4283460b521', to_date('27-04-2017 16:39:38', 'dd-mm-yyyy hh24:mi:ss'), 1, to_date('27-04-2017 16:39:38', 'dd-mm-yyyy hh24:mi:ss'), null, to_date('27-04-2017 16:39:38', 'dd-mm-yyyy hh24:mi:ss'), null);
insert into FCS_ALARM_READ_STAMP (id, user_id, last_refresh_time, is_active, create_datetime, create_by, last_modify_datetime, last_modify_by)
values ('2d070ac7-0fbb-4ecd-b336-3667f5c9435b', '1eef8a77-030f-4fd9-8c58-c4283460b521', to_date('27-04-2017 16:41:16', 'dd-mm-yyyy hh24:mi:ss'), 1, to_date('27-04-2017 16:41:16', 'dd-mm-yyyy hh24:mi:ss'), null, to_date('27-04-2017 16:41:16', 'dd-mm-yyyy hh24:mi:ss'), null);
insert into FCS_ALARM_READ_STAMP (id, user_id, last_refresh_time, is_active, create_datetime, create_by, last_modify_datetime, last_modify_by)
values ('d66a3bde-397d-4d15-9226-4af7da826c1a', '1eef8a77-030f-4fd9-8c58-c4283460b521', to_date('27-04-2017 16:41:37', 'dd-mm-yyyy hh24:mi:ss'), 1, to_date('27-04-2017 16:41:37', 'dd-mm-yyyy hh24:mi:ss'), null, to_date('27-04-2017 16:41:37', 'dd-mm-yyyy hh24:mi:ss'), null);
insert into FCS_ALARM_READ_STAMP (id, user_id, last_refresh_time, is_active, create_datetime, create_by, last_modify_datetime, last_modify_by)
values ('77c4a5cf-d30c-4d07-b340-5999dcd516ee', '1eef8a77-030f-4fd9-8c58-c4283460b521', to_date('27-04-2017 16:43:17', 'dd-mm-yyyy hh24:mi:ss'), 1, to_date('27-04-2017 16:43:17', 'dd-mm-yyyy hh24:mi:ss'), null, to_date('27-04-2017 16:43:17', 'dd-mm-yyyy hh24:mi:ss'), null);
insert into FCS_ALARM_READ_STAMP (id, user_id, last_refresh_time, is_active, create_datetime, create_by, last_modify_datetime, last_modify_by)
values ('f6209b4d-a665-4c8b-b1d4-13f18f1a0a35', '1eef8a77-030f-4fd9-8c58-c4283460b521', to_date('27-04-2017 16:43:38', 'dd-mm-yyyy hh24:mi:ss'), 1, to_date('27-04-2017 16:43:38', 'dd-mm-yyyy hh24:mi:ss'), null, to_date('27-04-2017 16:43:38', 'dd-mm-yyyy hh24:mi:ss'), null);
insert into FCS_ALARM_READ_STAMP (id, user_id, last_refresh_time, is_active, create_datetime, create_by, last_modify_datetime, last_modify_by)
values ('24678e8a-2193-4e12-8b4b-1d567f9c8a85', '1eef8a77-030f-4fd9-8c58-c4283460b521', to_date('27-04-2017 16:44:27', 'dd-mm-yyyy hh24:mi:ss'), 1, to_date('27-04-2017 16:44:27', 'dd-mm-yyyy hh24:mi:ss'), null, to_date('27-04-2017 16:44:27', 'dd-mm-yyyy hh24:mi:ss'), null);
insert into FCS_ALARM_READ_STAMP (id, user_id, last_refresh_time, is_active, create_datetime, create_by, last_modify_datetime, last_modify_by)
values ('277319a6-1f3b-4204-8a97-1cd2765911cb', '1eef8a77-030f-4fd9-8c58-c4283460b521', to_date('27-04-2017 16:45:20', 'dd-mm-yyyy hh24:mi:ss'), 1, to_date('27-04-2017 16:45:20', 'dd-mm-yyyy hh24:mi:ss'), null, to_date('27-04-2017 16:45:20', 'dd-mm-yyyy hh24:mi:ss'), null);
insert into FCS_ALARM_READ_STAMP (id, user_id, last_refresh_time, is_active, create_datetime, create_by, last_modify_datetime, last_modify_by)
values ('94d44dd7-f3bb-4dc4-b753-9f104920a9cd', '1eef8a77-030f-4fd9-8c58-c4283460b521', to_date('27-04-2017 16:45:17', 'dd-mm-yyyy hh24:mi:ss'), 1, to_date('27-04-2017 16:45:17', 'dd-mm-yyyy hh24:mi:ss'), null, to_date('27-04-2017 16:45:17', 'dd-mm-yyyy hh24:mi:ss'), null);
insert into FCS_ALARM_READ_STAMP (id, user_id, last_refresh_time, is_active, create_datetime, create_by, last_modify_datetime, last_modify_by)
values ('f2e32a02-e483-4c89-b6c2-0ce774dee839', '1eef8a77-030f-4fd9-8c58-c4283460b521', to_date('27-04-2017 16:45:40', 'dd-mm-yyyy hh24:mi:ss'), 1, to_date('27-04-2017 16:45:40', 'dd-mm-yyyy hh24:mi:ss'), null, to_date('27-04-2017 16:45:40', 'dd-mm-yyyy hh24:mi:ss'), null);
insert into FCS_ALARM_READ_STAMP (id, user_id, last_refresh_time, is_active, create_datetime, create_by, last_modify_datetime, last_modify_by)
values ('9ef54a95-640e-4225-a356-fc597cc50ded', '1eef8a77-030f-4fd9-8c58-c4283460b521', to_date('27-04-2017 16:45:43', 'dd-mm-yyyy hh24:mi:ss'), 1, to_date('27-04-2017 16:45:43', 'dd-mm-yyyy hh24:mi:ss'), null, to_date('27-04-2017 16:45:43', 'dd-mm-yyyy hh24:mi:ss'), null);
insert into FCS_ALARM_READ_STAMP (id, user_id, last_refresh_time, is_active, create_datetime, create_by, last_modify_datetime, last_modify_by)
values ('7ef664ff-f07c-402d-adab-ebd12d5f33e5', '1eef8a77-030f-4fd9-8c58-c4283460b521', to_date('27-04-2017 16:45:39', 'dd-mm-yyyy hh24:mi:ss'), 1, to_date('27-04-2017 16:45:39', 'dd-mm-yyyy hh24:mi:ss'), null, to_date('27-04-2017 16:45:39', 'dd-mm-yyyy hh24:mi:ss'), null);
insert into FCS_ALARM_READ_STAMP (id, user_id, last_refresh_time, is_active, create_datetime, create_by, last_modify_datetime, last_modify_by)
values ('439ba7ba-04b8-4504-aa02-aed5e41a72cd', '1eef8a77-030f-4fd9-8c58-c4283460b521', to_date('27-04-2017 16:45:46', 'dd-mm-yyyy hh24:mi:ss'), 1, to_date('27-04-2017 16:45:46', 'dd-mm-yyyy hh24:mi:ss'), null, to_date('27-04-2017 16:45:46', 'dd-mm-yyyy hh24:mi:ss'), null);
insert into FCS_ALARM_READ_STAMP (id, user_id, last_refresh_time, is_active, create_datetime, create_by, last_modify_datetime, last_modify_by)
values ('36fc3c39-4444-4ae0-a32c-2d85be5efeca', '1eef8a77-030f-4fd9-8c58-c4283460b521', to_date('27-04-2017 16:46:16', 'dd-mm-yyyy hh24:mi:ss'), 1, to_date('27-04-2017 16:46:16', 'dd-mm-yyyy hh24:mi:ss'), null, to_date('27-04-2017 16:46:16', 'dd-mm-yyyy hh24:mi:ss'), null);
insert into FCS_ALARM_READ_STAMP (id, user_id, last_refresh_time, is_active, create_datetime, create_by, last_modify_datetime, last_modify_by)
values ('f79e8042-e0d3-46c2-8ada-43b0b1256186', '1eef8a77-030f-4fd9-8c58-c4283460b521', to_date('27-04-2017 16:46:29', 'dd-mm-yyyy hh24:mi:ss'), 1, to_date('27-04-2017 16:46:29', 'dd-mm-yyyy hh24:mi:ss'), null, to_date('27-04-2017 16:46:29', 'dd-mm-yyyy hh24:mi:ss'), null);
insert into FCS_ALARM_READ_STAMP (id, user_id, last_refresh_time, is_active, create_datetime, create_by, last_modify_datetime, last_modify_by)
values ('44c66c85-537e-48ec-b0b5-bb8e782f21a6', '1eef8a77-030f-4fd9-8c58-c4283460b521', to_date('27-04-2017 16:46:59', 'dd-mm-yyyy hh24:mi:ss'), 1, to_date('27-04-2017 16:46:59', 'dd-mm-yyyy hh24:mi:ss'), null, to_date('27-04-2017 16:46:59', 'dd-mm-yyyy hh24:mi:ss'), null);
insert into FCS_ALARM_READ_STAMP (id, user_id, last_refresh_time, is_active, create_datetime, create_by, last_modify_datetime, last_modify_by)
values ('61034c13-7172-4c3c-a79f-e10615f18638', '1eef8a77-030f-4fd9-8c58-c4283460b521', to_date('27-04-2017 16:47:13', 'dd-mm-yyyy hh24:mi:ss'), 1, to_date('27-04-2017 16:47:13', 'dd-mm-yyyy hh24:mi:ss'), null, to_date('27-04-2017 16:47:13', 'dd-mm-yyyy hh24:mi:ss'), null);
insert into FCS_ALARM_READ_STAMP (id, user_id, last_refresh_time, is_active, create_datetime, create_by, last_modify_datetime, last_modify_by)
values ('3ac6702e-2629-43a9-9c54-35bc617f9a8a', '1eef8a77-030f-4fd9-8c58-c4283460b521', to_date('27-04-2017 16:47:17', 'dd-mm-yyyy hh24:mi:ss'), 1, to_date('27-04-2017 16:47:17', 'dd-mm-yyyy hh24:mi:ss'), null, to_date('27-04-2017 16:47:17', 'dd-mm-yyyy hh24:mi:ss'), null);
insert into FCS_ALARM_READ_STAMP (id, user_id, last_refresh_time, is_active, create_datetime, create_by, last_modify_datetime, last_modify_by)
values ('55c57938-3aaf-445e-9004-b5711c863274', '1eef8a77-030f-4fd9-8c58-c4283460b521', to_date('27-04-2017 16:47:40', 'dd-mm-yyyy hh24:mi:ss'), 1, to_date('27-04-2017 16:47:40', 'dd-mm-yyyy hh24:mi:ss'), null, to_date('27-04-2017 16:47:40', 'dd-mm-yyyy hh24:mi:ss'), null);
insert into FCS_ALARM_READ_STAMP (id, user_id, last_refresh_time, is_active, create_datetime, create_by, last_modify_datetime, last_modify_by)
values ('87bd7750-0fab-4ec4-ad57-f2cf50d2443e', '1eef8a77-030f-4fd9-8c58-c4283460b521', to_date('27-04-2017 16:47:55', 'dd-mm-yyyy hh24:mi:ss'), 1, to_date('27-04-2017 16:47:55', 'dd-mm-yyyy hh24:mi:ss'), null, to_date('27-04-2017 16:47:55', 'dd-mm-yyyy hh24:mi:ss'), null);
insert into FCS_ALARM_READ_STAMP (id, user_id, last_refresh_time, is_active, create_datetime, create_by, last_modify_datetime, last_modify_by)
values ('dfbca628-f7d2-42d7-a617-30542b526127', '1eef8a77-030f-4fd9-8c58-c4283460b521', to_date('27-04-2017 16:48:01', 'dd-mm-yyyy hh24:mi:ss'), 1, to_date('27-04-2017 16:48:01', 'dd-mm-yyyy hh24:mi:ss'), null, to_date('27-04-2017 16:48:01', 'dd-mm-yyyy hh24:mi:ss'), null);
insert into FCS_ALARM_READ_STAMP (id, user_id, last_refresh_time, is_active, create_datetime, create_by, last_modify_datetime, last_modify_by)
values ('c72558cb-e0bd-4873-a304-47a282a48c30', '1eef8a77-030f-4fd9-8c58-c4283460b521', to_date('27-04-2017 16:49:17', 'dd-mm-yyyy hh24:mi:ss'), 1, to_date('27-04-2017 16:49:17', 'dd-mm-yyyy hh24:mi:ss'), null, to_date('27-04-2017 16:49:17', 'dd-mm-yyyy hh24:mi:ss'), null);
insert into FCS_ALARM_READ_STAMP (id, user_id, last_refresh_time, is_active, create_datetime, create_by, last_modify_datetime, last_modify_by)
values ('761a382d-0497-4f5b-aeaa-6001499ceaa4', '1eef8a77-030f-4fd9-8c58-c4283460b521', to_date('27-04-2017 16:49:41', 'dd-mm-yyyy hh24:mi:ss'), 1, to_date('27-04-2017 16:49:41', 'dd-mm-yyyy hh24:mi:ss'), null, to_date('27-04-2017 16:49:41', 'dd-mm-yyyy hh24:mi:ss'), null);
insert into FCS_ALARM_READ_STAMP (id, user_id, last_refresh_time, is_active, create_datetime, create_by, last_modify_datetime, last_modify_by)
values ('893c2cdd-5c15-4977-8674-495cad36eb1d', '1eef8a77-030f-4fd9-8c58-c4283460b521', to_date('27-04-2017 16:50:01', 'dd-mm-yyyy hh24:mi:ss'), 1, to_date('27-04-2017 16:50:01', 'dd-mm-yyyy hh24:mi:ss'), null, to_date('27-04-2017 16:50:01', 'dd-mm-yyyy hh24:mi:ss'), null);
insert into FCS_ALARM_READ_STAMP (id, user_id, last_refresh_time, is_active, create_datetime, create_by, last_modify_datetime, last_modify_by)
values ('0c53c7e9-ae13-44d8-bf1f-485ef1ee5cea', '1eef8a77-030f-4fd9-8c58-c4283460b521', to_date('27-04-2017 16:51:17', 'dd-mm-yyyy hh24:mi:ss'), 1, to_date('27-04-2017 16:51:17', 'dd-mm-yyyy hh24:mi:ss'), null, to_date('27-04-2017 16:51:17', 'dd-mm-yyyy hh24:mi:ss'), null);
insert into FCS_ALARM_READ_STAMP (id, user_id, last_refresh_time, is_active, create_datetime, create_by, last_modify_datetime, last_modify_by)
values ('ef47c14f-8ac1-469b-b578-2127ce7b1cbd', '1eef8a77-030f-4fd9-8c58-c4283460b521', to_date('27-04-2017 16:51:43', 'dd-mm-yyyy hh24:mi:ss'), 1, to_date('27-04-2017 16:51:43', 'dd-mm-yyyy hh24:mi:ss'), null, to_date('27-04-2017 16:51:43', 'dd-mm-yyyy hh24:mi:ss'), null);
insert into FCS_ALARM_READ_STAMP (id, user_id, last_refresh_time, is_active, create_datetime, create_by, last_modify_datetime, last_modify_by)
values ('aecfb474-cf42-47e9-9637-7e5b5131d9de', '1eef8a77-030f-4fd9-8c58-c4283460b521', to_date('27-04-2017 16:51:48', 'dd-mm-yyyy hh24:mi:ss'), 1, to_date('27-04-2017 16:51:48', 'dd-mm-yyyy hh24:mi:ss'), null, to_date('27-04-2017 16:51:48', 'dd-mm-yyyy hh24:mi:ss'), null);
insert into FCS_ALARM_READ_STAMP (id, user_id, last_refresh_time, is_active, create_datetime, create_by, last_modify_datetime, last_modify_by)
values ('9729bf22-b6b4-46e7-85aa-d74072401d27', '1eef8a77-030f-4fd9-8c58-c4283460b521', to_date('27-04-2017 16:52:02', 'dd-mm-yyyy hh24:mi:ss'), 1, to_date('27-04-2017 16:52:02', 'dd-mm-yyyy hh24:mi:ss'), null, to_date('27-04-2017 16:52:02', 'dd-mm-yyyy hh24:mi:ss'), null);
insert into FCS_ALARM_READ_STAMP (id, user_id, last_refresh_time, is_active, create_datetime, create_by, last_modify_datetime, last_modify_by)
values ('32884d9c-39ae-4f4b-a7f8-52cd8fdd209b', '1eef8a77-030f-4fd9-8c58-c4283460b521', to_date('27-04-2017 14:43:09', 'dd-mm-yyyy hh24:mi:ss'), 1, to_date('27-04-2017 14:43:09', 'dd-mm-yyyy hh24:mi:ss'), null, to_date('27-04-2017 14:43:09', 'dd-mm-yyyy hh24:mi:ss'), null);
insert into FCS_ALARM_READ_STAMP (id, user_id, last_refresh_time, is_active, create_datetime, create_by, last_modify_datetime, last_modify_by)
values ('2a4b89eb-caf2-482c-b6c2-2d80f587ff18', '1eef8a77-030f-4fd9-8c58-c4283460b521', to_date('27-04-2017 14:43:24', 'dd-mm-yyyy hh24:mi:ss'), 1, to_date('27-04-2017 14:43:24', 'dd-mm-yyyy hh24:mi:ss'), null, to_date('27-04-2017 14:43:24', 'dd-mm-yyyy hh24:mi:ss'), null);
insert into FCS_ALARM_READ_STAMP (id, user_id, last_refresh_time, is_active, create_datetime, create_by, last_modify_datetime, last_modify_by)
values ('4e1b180d-b9c7-4179-99b0-1fe82ee39a45', '1eef8a77-030f-4fd9-8c58-c4283460b521', to_date('27-04-2017 14:43:38', 'dd-mm-yyyy hh24:mi:ss'), 1, to_date('27-04-2017 14:43:38', 'dd-mm-yyyy hh24:mi:ss'), null, to_date('27-04-2017 14:43:38', 'dd-mm-yyyy hh24:mi:ss'), null);
insert into FCS_ALARM_READ_STAMP (id, user_id, last_refresh_time, is_active, create_datetime, create_by, last_modify_datetime, last_modify_by)
values ('d34dd94d-aa5f-47bd-819d-cf99ecaf32af', '1eef8a77-030f-4fd9-8c58-c4283460b521', to_date('27-04-2017 14:43:56', 'dd-mm-yyyy hh24:mi:ss'), 1, to_date('27-04-2017 14:43:56', 'dd-mm-yyyy hh24:mi:ss'), null, to_date('27-04-2017 14:43:56', 'dd-mm-yyyy hh24:mi:ss'), null);
insert into FCS_ALARM_READ_STAMP (id, user_id, last_refresh_time, is_active, create_datetime, create_by, last_modify_datetime, last_modify_by)
values ('227f5e21-c165-4db4-9545-382b53a8c487', '1eef8a77-030f-4fd9-8c58-c4283460b521', to_date('27-04-2017 15:40:03', 'dd-mm-yyyy hh24:mi:ss'), 1, to_date('27-04-2017 15:40:03', 'dd-mm-yyyy hh24:mi:ss'), null, to_date('27-04-2017 15:40:03', 'dd-mm-yyyy hh24:mi:ss'), null);
insert into FCS_ALARM_READ_STAMP (id, user_id, last_refresh_time, is_active, create_datetime, create_by, last_modify_datetime, last_modify_by)
values ('297455c3-814a-4ae1-b7bc-0aa8162f13ae', '1eef8a77-030f-4fd9-8c58-c4283460b521', to_date('27-04-2017 15:40:10', 'dd-mm-yyyy hh24:mi:ss'), 1, to_date('27-04-2017 15:40:10', 'dd-mm-yyyy hh24:mi:ss'), null, to_date('27-04-2017 15:40:10', 'dd-mm-yyyy hh24:mi:ss'), null);
insert into FCS_ALARM_READ_STAMP (id, user_id, last_refresh_time, is_active, create_datetime, create_by, last_modify_datetime, last_modify_by)
values ('613bb6c8-1f1c-45e3-9add-29e420fd2faa', '1eef8a77-030f-4fd9-8c58-c4283460b521', to_date('27-04-2017 15:44:49', 'dd-mm-yyyy hh24:mi:ss'), 1, to_date('27-04-2017 15:44:49', 'dd-mm-yyyy hh24:mi:ss'), null, to_date('27-04-2017 15:44:49', 'dd-mm-yyyy hh24:mi:ss'), null);
insert into FCS_ALARM_READ_STAMP (id, user_id, last_refresh_time, is_active, create_datetime, create_by, last_modify_datetime, last_modify_by)
values ('86083f65-bc06-492b-8724-20caa2edd7f1', '1eef8a77-030f-4fd9-8c58-c4283460b521', to_date('27-04-2017 15:46:35', 'dd-mm-yyyy hh24:mi:ss'), 1, to_date('27-04-2017 15:46:35', 'dd-mm-yyyy hh24:mi:ss'), null, to_date('27-04-2017 15:46:35', 'dd-mm-yyyy hh24:mi:ss'), null);
insert into FCS_ALARM_READ_STAMP (id, user_id, last_refresh_time, is_active, create_datetime, create_by, last_modify_datetime, last_modify_by)
values ('bfa422f7-f977-43f6-844e-feaa8ce51e32', '1eef8a77-030f-4fd9-8c58-c4283460b521', to_date('27-04-2017 15:46:52', 'dd-mm-yyyy hh24:mi:ss'), 1, to_date('27-04-2017 15:46:52', 'dd-mm-yyyy hh24:mi:ss'), null, to_date('27-04-2017 15:46:52', 'dd-mm-yyyy hh24:mi:ss'), null);
insert into FCS_ALARM_READ_STAMP (id, user_id, last_refresh_time, is_active, create_datetime, create_by, last_modify_datetime, last_modify_by)
values ('7b1cf66f-d3d1-489c-a7bb-cb8d626fdd66', '1eef8a77-030f-4fd9-8c58-c4283460b521', to_date('27-04-2017 15:47:08', 'dd-mm-yyyy hh24:mi:ss'), 1, to_date('27-04-2017 15:47:08', 'dd-mm-yyyy hh24:mi:ss'), null, to_date('27-04-2017 15:47:08', 'dd-mm-yyyy hh24:mi:ss'), null);
insert into FCS_ALARM_READ_STAMP (id, user_id, last_refresh_time, is_active, create_datetime, create_by, last_modify_datetime, last_modify_by)
values ('510f1785-7b6e-429a-b06b-4f93b59bcb5f', '1eef8a77-030f-4fd9-8c58-c4283460b521', to_date('27-04-2017 15:47:42', 'dd-mm-yyyy hh24:mi:ss'), 1, to_date('27-04-2017 15:47:42', 'dd-mm-yyyy hh24:mi:ss'), null, to_date('27-04-2017 15:47:42', 'dd-mm-yyyy hh24:mi:ss'), null);
insert into FCS_ALARM_READ_STAMP (id, user_id, last_refresh_time, is_active, create_datetime, create_by, last_modify_datetime, last_modify_by)
values ('abca6d20-dbc7-4d76-8491-d48f855f72e5', '1eef8a77-030f-4fd9-8c58-c4283460b521', to_date('27-04-2017 16:00:29', 'dd-mm-yyyy hh24:mi:ss'), 1, to_date('27-04-2017 16:00:29', 'dd-mm-yyyy hh24:mi:ss'), null, to_date('27-04-2017 16:00:29', 'dd-mm-yyyy hh24:mi:ss'), null);
insert into FCS_ALARM_READ_STAMP (id, user_id, last_refresh_time, is_active, create_datetime, create_by, last_modify_datetime, last_modify_by)
values ('99270050-20ad-4281-a059-91d8af862c4f', '1eef8a77-030f-4fd9-8c58-c4283460b521', to_date('27-04-2017 16:02:30', 'dd-mm-yyyy hh24:mi:ss'), 1, to_date('27-04-2017 16:02:30', 'dd-mm-yyyy hh24:mi:ss'), null, to_date('27-04-2017 16:02:30', 'dd-mm-yyyy hh24:mi:ss'), null);
insert into FCS_ALARM_READ_STAMP (id, user_id, last_refresh_time, is_active, create_datetime, create_by, last_modify_datetime, last_modify_by)
values ('3e458bcc-eb0b-44c0-aa53-2b5a2a98d4dd', '1eef8a77-030f-4fd9-8c58-c4283460b521', to_date('27-04-2017 16:02:36', 'dd-mm-yyyy hh24:mi:ss'), 1, to_date('27-04-2017 16:02:36', 'dd-mm-yyyy hh24:mi:ss'), null, to_date('27-04-2017 16:02:36', 'dd-mm-yyyy hh24:mi:ss'), null);
insert into FCS_ALARM_READ_STAMP (id, user_id, last_refresh_time, is_active, create_datetime, create_by, last_modify_datetime, last_modify_by)
values ('e74a873c-4811-4841-862d-f92fef601e3d', '1eef8a77-030f-4fd9-8c58-c4283460b521', to_date('27-04-2017 16:04:42', 'dd-mm-yyyy hh24:mi:ss'), 1, to_date('27-04-2017 16:04:42', 'dd-mm-yyyy hh24:mi:ss'), null, to_date('27-04-2017 16:04:42', 'dd-mm-yyyy hh24:mi:ss'), null);
insert into FCS_ALARM_READ_STAMP (id, user_id, last_refresh_time, is_active, create_datetime, create_by, last_modify_datetime, last_modify_by)
values ('8549a850-b14c-4779-a80c-63d9aa228826', '1eef8a77-030f-4fd9-8c58-c4283460b521', to_date('27-04-2017 16:05:43', 'dd-mm-yyyy hh24:mi:ss'), 1, to_date('27-04-2017 16:05:43', 'dd-mm-yyyy hh24:mi:ss'), null, to_date('27-04-2017 16:05:43', 'dd-mm-yyyy hh24:mi:ss'), null);
insert into FCS_ALARM_READ_STAMP (id, user_id, last_refresh_time, is_active, create_datetime, create_by, last_modify_datetime, last_modify_by)
values ('75f14d21-f048-45bb-abfb-81b09054c207', '1eef8a77-030f-4fd9-8c58-c4283460b521', to_date('27-04-2017 16:10:23', 'dd-mm-yyyy hh24:mi:ss'), 1, to_date('27-04-2017 16:10:23', 'dd-mm-yyyy hh24:mi:ss'), null, to_date('27-04-2017 16:10:23', 'dd-mm-yyyy hh24:mi:ss'), null);
insert into FCS_ALARM_READ_STAMP (id, user_id, last_refresh_time, is_active, create_datetime, create_by, last_modify_datetime, last_modify_by)
values ('26a03adf-b746-4f99-90ca-d3ae1878d7e3', '1eef8a77-030f-4fd9-8c58-c4283460b521', to_date('27-04-2017 16:10:26', 'dd-mm-yyyy hh24:mi:ss'), 1, to_date('27-04-2017 16:10:26', 'dd-mm-yyyy hh24:mi:ss'), null, to_date('27-04-2017 16:10:26', 'dd-mm-yyyy hh24:mi:ss'), null);
insert into FCS_ALARM_READ_STAMP (id, user_id, last_refresh_time, is_active, create_datetime, create_by, last_modify_datetime, last_modify_by)
values ('6cc5e987-1aa3-43a7-b61d-5e4102921247', '1eef8a77-030f-4fd9-8c58-c4283460b521', to_date('27-04-2017 16:10:30', 'dd-mm-yyyy hh24:mi:ss'), 1, to_date('27-04-2017 16:10:30', 'dd-mm-yyyy hh24:mi:ss'), null, to_date('27-04-2017 16:10:30', 'dd-mm-yyyy hh24:mi:ss'), null);
insert into FCS_ALARM_READ_STAMP (id, user_id, last_refresh_time, is_active, create_datetime, create_by, last_modify_datetime, last_modify_by)
values ('ca72cac0-85fd-4821-84fb-040c02d09780', '1eef8a77-030f-4fd9-8c58-c4283460b521', to_date('27-04-2017 16:35:10', 'dd-mm-yyyy hh24:mi:ss'), 1, to_date('27-04-2017 16:35:10', 'dd-mm-yyyy hh24:mi:ss'), null, to_date('27-04-2017 16:35:10', 'dd-mm-yyyy hh24:mi:ss'), null);
insert into FCS_ALARM_READ_STAMP (id, user_id, last_refresh_time, is_active, create_datetime, create_by, last_modify_datetime, last_modify_by)
values ('38f6e222-ef35-4464-aad4-a4c07d02ec3e', '1eef8a77-030f-4fd9-8c58-c4283460b521', to_date('27-04-2017 16:41:15', 'dd-mm-yyyy hh24:mi:ss'), 1, to_date('27-04-2017 16:41:15', 'dd-mm-yyyy hh24:mi:ss'), null, to_date('27-04-2017 16:41:15', 'dd-mm-yyyy hh24:mi:ss'), null);
insert into FCS_ALARM_READ_STAMP (id, user_id, last_refresh_time, is_active, create_datetime, create_by, last_modify_datetime, last_modify_by)
values ('18772843-57f4-4a6a-b29a-9ac813186b1b', '1eef8a77-030f-4fd9-8c58-c4283460b521', to_date('27-04-2017 16:49:30', 'dd-mm-yyyy hh24:mi:ss'), 1, to_date('27-04-2017 16:49:30', 'dd-mm-yyyy hh24:mi:ss'), null, to_date('27-04-2017 16:49:30', 'dd-mm-yyyy hh24:mi:ss'), null);
insert into FCS_ALARM_READ_STAMP (id, user_id, last_refresh_time, is_active, create_datetime, create_by, last_modify_datetime, last_modify_by)
values ('2b9ead98-f9e2-40dc-a1e7-032fb6b9eb52', '1eef8a77-030f-4fd9-8c58-c4283460b521', to_date('27-04-2017 16:51:23', 'dd-mm-yyyy hh24:mi:ss'), 1, to_date('27-04-2017 16:51:23', 'dd-mm-yyyy hh24:mi:ss'), null, to_date('27-04-2017 16:51:23', 'dd-mm-yyyy hh24:mi:ss'), null);
insert into FCS_ALARM_READ_STAMP (id, user_id, last_refresh_time, is_active, create_datetime, create_by, last_modify_datetime, last_modify_by)
values ('1bd1ac28-b396-423f-a371-21a6ccd52785', '1eef8a77-030f-4fd9-8c58-c4283460b521', to_date('27-04-2017 16:51:28', 'dd-mm-yyyy hh24:mi:ss'), 1, to_date('27-04-2017 16:51:28', 'dd-mm-yyyy hh24:mi:ss'), null, to_date('27-04-2017 16:51:28', 'dd-mm-yyyy hh24:mi:ss'), null);
insert into FCS_ALARM_READ_STAMP (id, user_id, last_refresh_time, is_active, create_datetime, create_by, last_modify_datetime, last_modify_by)
values ('8b8e8c39-6cee-4f8f-b01d-fc1862b8a766', '1eef8a77-030f-4fd9-8c58-c4283460b521', to_date('27-04-2017 10:18:43', 'dd-mm-yyyy hh24:mi:ss'), 1, to_date('27-04-2017 10:18:43', 'dd-mm-yyyy hh24:mi:ss'), null, to_date('27-04-2017 10:18:43', 'dd-mm-yyyy hh24:mi:ss'), null);
insert into FCS_ALARM_READ_STAMP (id, user_id, last_refresh_time, is_active, create_datetime, create_by, last_modify_datetime, last_modify_by)
values ('8dc41d17-bf93-4ae1-afdd-5927acd7cf24', '1eef8a77-030f-4fd9-8c58-c4283460b521', to_date('27-04-2017 10:18:56', 'dd-mm-yyyy hh24:mi:ss'), 1, to_date('27-04-2017 10:18:56', 'dd-mm-yyyy hh24:mi:ss'), null, to_date('27-04-2017 10:18:56', 'dd-mm-yyyy hh24:mi:ss'), null);
insert into FCS_ALARM_READ_STAMP (id, user_id, last_refresh_time, is_active, create_datetime, create_by, last_modify_datetime, last_modify_by)
values ('2695e8f5-7f51-40ed-b864-da31400f93aa', '1eef8a77-030f-4fd9-8c58-c4283460b521', to_date('27-04-2017 10:21:36', 'dd-mm-yyyy hh24:mi:ss'), 1, to_date('27-04-2017 10:21:36', 'dd-mm-yyyy hh24:mi:ss'), null, to_date('27-04-2017 10:21:36', 'dd-mm-yyyy hh24:mi:ss'), null);
insert into FCS_ALARM_READ_STAMP (id, user_id, last_refresh_time, is_active, create_datetime, create_by, last_modify_datetime, last_modify_by)
values ('4be7a839-509a-4651-92f3-fbb6b5a222ea', '1eef8a77-030f-4fd9-8c58-c4283460b521', to_date('27-04-2017 10:22:01', 'dd-mm-yyyy hh24:mi:ss'), 1, to_date('27-04-2017 10:22:01', 'dd-mm-yyyy hh24:mi:ss'), null, to_date('27-04-2017 10:22:01', 'dd-mm-yyyy hh24:mi:ss'), null);
insert into FCS_ALARM_READ_STAMP (id, user_id, last_refresh_time, is_active, create_datetime, create_by, last_modify_datetime, last_modify_by)
values ('459e2aec-8153-4f41-9586-2f7b2ba1068d', '1eef8a77-030f-4fd9-8c58-c4283460b521', to_date('27-04-2017 14:21:39', 'dd-mm-yyyy hh24:mi:ss'), 1, to_date('27-04-2017 14:21:39', 'dd-mm-yyyy hh24:mi:ss'), null, to_date('27-04-2017 14:21:39', 'dd-mm-yyyy hh24:mi:ss'), null);
insert into FCS_ALARM_READ_STAMP (id, user_id, last_refresh_time, is_active, create_datetime, create_by, last_modify_datetime, last_modify_by)
values ('14b8a6ef-9fc9-4623-aeae-75a5113ad82e', '1eef8a77-030f-4fd9-8c58-c4283460b521', to_date('27-04-2017 14:30:36', 'dd-mm-yyyy hh24:mi:ss'), 1, to_date('27-04-2017 14:30:36', 'dd-mm-yyyy hh24:mi:ss'), null, to_date('27-04-2017 14:30:36', 'dd-mm-yyyy hh24:mi:ss'), null);
insert into FCS_ALARM_READ_STAMP (id, user_id, last_refresh_time, is_active, create_datetime, create_by, last_modify_datetime, last_modify_by)
values ('4ffcf6bf-ddb2-4d0f-b032-17122f0fdf6e', '1eef8a77-030f-4fd9-8c58-c4283460b521', to_date('27-04-2017 14:44:43', 'dd-mm-yyyy hh24:mi:ss'), 1, to_date('27-04-2017 14:44:43', 'dd-mm-yyyy hh24:mi:ss'), null, to_date('27-04-2017 14:44:43', 'dd-mm-yyyy hh24:mi:ss'), null);
insert into FCS_ALARM_READ_STAMP (id, user_id, last_refresh_time, is_active, create_datetime, create_by, last_modify_datetime, last_modify_by)
values ('c80056ca-2b81-4711-a38f-56ae172cf6e8', '1eef8a77-030f-4fd9-8c58-c4283460b521', to_date('27-04-2017 14:44:59', 'dd-mm-yyyy hh24:mi:ss'), 1, to_date('27-04-2017 14:44:59', 'dd-mm-yyyy hh24:mi:ss'), null, to_date('27-04-2017 14:44:59', 'dd-mm-yyyy hh24:mi:ss'), null);
insert into FCS_ALARM_READ_STAMP (id, user_id, last_refresh_time, is_active, create_datetime, create_by, last_modify_datetime, last_modify_by)
values ('6c545185-10af-4bd6-bef0-1761709c01cb', '1eef8a77-030f-4fd9-8c58-c4283460b521', to_date('27-04-2017 14:45:27', 'dd-mm-yyyy hh24:mi:ss'), 1, to_date('27-04-2017 14:45:27', 'dd-mm-yyyy hh24:mi:ss'), null, to_date('27-04-2017 14:45:27', 'dd-mm-yyyy hh24:mi:ss'), null);
commit;
-- prompt 262 records loaded
-- prompt Loading FCS_BATTERY_INFO...
-- prompt Table is empty
-- prompt Loading FCS_EQUIPMENT...
-- prompt Table is empty
-- prompt Loading FCS_EQUIPMENT_EXTENSION...
-- prompt Table is empty
-- prompt Loading FCS_FM_BATTERY_IN...
-- prompt Table is empty
-- prompt Loading FCS_FM_STORAGE_OUT...
-- prompt Table is empty
-- prompt Loading FCS_INSTRUCTION...
-- prompt Table is empty
-- prompt Loading FCS_PALLET_DISPATCH...
-- prompt Table is empty
-- prompt Loading FCS_PALLET_INNER_DETAIL...
-- prompt Table is empty
-- prompt Loading FCS_PALLET_MOVE_DETAIL...
-- prompt Table is empty
-- prompt Loading FSC_FM_PALLETIZE...
-- prompt Table is empty
-- prompt Loading FSC_FM_PALLET_SPLIT...
-- prompt Table is empty
-- prompt Loading FSC_FM_PROCEDURE...
-- prompt Table is empty
-- prompt Loading SYS_FILE_INFO...
-- prompt Table is empty
-- prompt Loading SYS_MODULE_INFO...
insert into SYS_MODULE_INFO (id, is_active, module_code, module_name, module_desc, module_uri2, create_datetime, create_by, last_modify_datetime, last_modify_by, module_uri)
values ('16a84ac7-8f5d-4024-bf43-9426d631bdcb', 1, 'catl_webservice', 'webservice服务', 'webservice服务', null, to_date('19-04-2017 21:37:00', 'dd-mm-yyyy hh24:mi:ss'), null, to_date('19-04-2017 21:37:00', 'dd-mm-yyyy hh24:mi:ss'), null, '/catl_webservice');
insert into SYS_MODULE_INFO (id, is_active, module_code, module_name, module_desc, module_uri2, create_datetime, create_by, last_modify_datetime, last_modify_by, module_uri)
values ('897d667e-d14c-469a-bfed-bd85175c280d', 1, 'core', '仓库管理', '仓库管理', null, to_date('20-03-2017 09:16:05', 'dd-mm-yyyy hh24:mi:ss'), null, to_date('20-03-2017 09:16:05', 'dd-mm-yyyy hh24:mi:ss'), null, '/core');
insert into SYS_MODULE_INFO (id, is_active, module_code, module_name, module_desc, module_uri2, create_datetime, create_by, last_modify_datetime, last_modify_by, module_uri)
values ('3f4dde52-2014-4936-97f8-20b439c60ab5', 1, 'dict', '数据字典', '数据字典', null, to_date('13-03-2017 16:04:45', 'dd-mm-yyyy hh24:mi:ss'), null, to_date('13-03-2017 16:04:45', 'dd-mm-yyyy hh24:mi:ss'), null, '/dict');
insert into SYS_MODULE_INFO (id, is_active, module_code, module_name, module_desc, module_uri2, create_datetime, create_by, last_modify_datetime, last_modify_by, module_uri)
values ('1023728d-5431-4089-acee-a648b765b31a', 1, 'system', '系统管理', '系统管理', null, to_date('15-03-2017 17:29:00', 'dd-mm-yyyy hh24:mi:ss'), null, to_date('15-03-2017 17:29:00', 'dd-mm-yyyy hh24:mi:ss'), null, '/system');
insert into SYS_MODULE_INFO (id, is_active, module_code, module_name, module_desc, module_uri2, create_datetime, create_by, last_modify_datetime, last_modify_by, module_uri)
values ('e9d29ad1-b2ac-4654-b156-d47524f7458d', 1, 'wcs_dispatcher', 'wcs通信模块', 'wcs通信模块', null, to_date('19-04-2017 21:37:00', 'dd-mm-yyyy hh24:mi:ss'), null, to_date('19-04-2017 21:37:00', 'dd-mm-yyyy hh24:mi:ss'), null, '/wcs_dispatcher');
insert into SYS_MODULE_INFO (id, is_active, module_code, module_name, module_desc, module_uri2, create_datetime, create_by, last_modify_datetime, last_modify_by, module_uri)
values ('c602ce45-a44d-48ca-838f-f1f462884052', 1, 'wcs_test', 'wcs_test', 'wcs_test', null, to_date('19-04-2017 21:37:00', 'dd-mm-yyyy hh24:mi:ss'), null, to_date('19-04-2017 21:37:00', 'dd-mm-yyyy hh24:mi:ss'), null, '/wcs_test');
insert into SYS_MODULE_INFO (id, is_active, module_code, module_name, module_desc, module_uri2, create_datetime, create_by, last_modify_datetime, last_modify_by, module_uri)
values ('bddf0d86-67f3-4630-8976-09329869e8af', 1, 'efcs_alarm', '警告', '警告', null, null, null, to_date('24-04-2017 18:17:22', 'dd-mm-yyyy hh24:mi:ss'), null, '/efcs_alarm');
insert into SYS_MODULE_INFO (id, is_active, module_code, module_name, module_desc, module_uri2, create_datetime, create_by, last_modify_datetime, last_modify_by, module_uri)
values ('98983f4f-db45-4742-95b4-036c2a9ca881', 1, 'efcs_business', '业务管理', '业务管理', null, null, null, to_date('24-04-2017 18:18:04', 'dd-mm-yyyy hh24:mi:ss'), null, '/efcs_business');
insert into SYS_MODULE_INFO (id, is_active, module_code, module_name, module_desc, module_uri2, create_datetime, create_by, last_modify_datetime, last_modify_by, module_uri)
values ('eefd73cd-9459-4310-ae5c-00326eaeb162', 1, 'efcs_dashboard', '仪表盘', '仪表盘', null, null, null, to_date('24-04-2017 18:18:25', 'dd-mm-yyyy hh24:mi:ss'), null, '/efcs_dashboard');
insert into SYS_MODULE_INFO (id, is_active, module_code, module_name, module_desc, module_uri2, create_datetime, create_by, last_modify_datetime, last_modify_by, module_uri)
values ('24db86c3-705e-4c6f-acca-beb24606a341', 1, 'efcs_equipment', '设备管理', '设备管理', null, null, null, to_date('24-04-2017 18:18:12', 'dd-mm-yyyy hh24:mi:ss'), null, '/efcs_equipment');
insert into SYS_MODULE_INFO (id, is_active, module_code, module_name, module_desc, module_uri2, create_datetime, create_by, last_modify_datetime, last_modify_by, module_uri)
values ('0dd286ef-1b9a-4916-9d16-49343038e3ef', 1, 'efcs_report', '统计分析', '统计分析', null, null, null, to_date('24-04-2017 18:18:19', 'dd-mm-yyyy hh24:mi:ss'), null, '/efcs_report');
commit;
-- prompt 11 records loaded
-- prompt Loading SYS_MODULE_FUNCTION...
insert into SYS_MODULE_FUNCTION (id, module_id, is_active, module_code, controller_uri, controller_name, type_1, type_2, type_3, type_4, type_5, type_6, func_uri, func_desc, func_name, create_datetime, create_by, last_modify_datetime, last_modify_by)
values ('5eece1f4-0077-4ce9-ae8a-f46b66ec20cd', '897d667e-d14c-469a-bfed-bd85175c280d', 1, 'core', 'warehouse', '仓库', null, null, null, null, null, null, 'index_view', '展示页面', '仓库', null, null, null, null);
insert into SYS_MODULE_FUNCTION (id, module_id, is_active, module_code, controller_uri, controller_name, type_1, type_2, type_3, type_4, type_5, type_6, func_uri, func_desc, func_name, create_datetime, create_by, last_modify_datetime, last_modify_by)
values ('5f041e7c-1224-483f-b37c-846516821204', '897d667e-d14c-469a-bfed-bd85175c280d', 1, 'core', 'storageLocation', '库位状态', null, null, null, null, null, null, 'status_view', null, '库位状态', null, null, null, null);
insert into SYS_MODULE_FUNCTION (id, module_id, is_active, module_code, controller_uri, controller_name, type_1, type_2, type_3, type_4, type_5, type_6, func_uri, func_desc, func_name, create_datetime, create_by, last_modify_datetime, last_modify_by)
values ('c64eafc0-6158-46bf-ac01-ed2ad01de7e2', '897d667e-d14c-469a-bfed-bd85175c280d', 1, 'core', 'storageLocation', '库位管理', null, null, null, null, null, null, 'index_view', '展示页面', '库位', null, null, null, null);
insert into SYS_MODULE_FUNCTION (id, module_id, is_active, module_code, controller_uri, controller_name, type_1, type_2, type_3, type_4, type_5, type_6, func_uri, func_desc, func_name, create_datetime, create_by, last_modify_datetime, last_modify_by)
values ('e0477f13-5088-4b88-8833-c21bf5a4208b', '897d667e-d14c-469a-bfed-bd85175c280d', 1, 'core', 'sku', 'sku', null, null, null, null, null, null, 'index_view', 'sku', 'sku', null, null, null, null);
insert into SYS_MODULE_FUNCTION (id, module_id, is_active, module_code, controller_uri, controller_name, type_1, type_2, type_3, type_4, type_5, type_6, func_uri, func_desc, func_name, create_datetime, create_by, last_modify_datetime, last_modify_by)
values ('e43e176c-bf7e-42c0-9a4c-a0bf58e1df15', '897d667e-d14c-469a-bfed-bd85175c280d', 1, 'core', 'region', '区', null, null, null, null, null, null, 'index_view', '区首页', '区', null, null, null, null);
insert into SYS_MODULE_FUNCTION (id, module_id, is_active, module_code, controller_uri, controller_name, type_1, type_2, type_3, type_4, type_5, type_6, func_uri, func_desc, func_name, create_datetime, create_by, last_modify_datetime, last_modify_by)
values ('ed6390b6-f730-42fb-9b86-e292a547206e', '897d667e-d14c-469a-bfed-bd85175c280d', 1, 'core', 'region', '库位到区', null, null, null, null, null, null, 'mappedtoregion_view', null, '库位到区', null, null, null, null);
insert into SYS_MODULE_FUNCTION (id, module_id, is_active, module_code, controller_uri, controller_name, type_1, type_2, type_3, type_4, type_5, type_6, func_uri, func_desc, func_name, create_datetime, create_by, last_modify_datetime, last_modify_by)
values ('f091b390-ecba-4456-8865-0b0b93207305', '897d667e-d14c-469a-bfed-bd85175c280d', 1, 'core', 'region', '区到库', null, null, null, null, null, null, 'mappedtostorage_view', null, '区到库', null, null, null, null);
insert into SYS_MODULE_FUNCTION (id, module_id, is_active, module_code, controller_uri, controller_name, type_1, type_2, type_3, type_4, type_5, type_6, func_uri, func_desc, func_name, create_datetime, create_by, last_modify_datetime, last_modify_by)
values ('fca526d0-7967-477c-9c87-2b520b2511c2', '897d667e-d14c-469a-bfed-bd85175c280d', 1, 'core', 'sku', '品类', null, null, null, null, null, null, 'skucategory_view', null, '品类', null, null, null, null);
insert into SYS_MODULE_FUNCTION (id, module_id, is_active, module_code, controller_uri, controller_name, type_1, type_2, type_3, type_4, type_5, type_6, func_uri, func_desc, func_name, create_datetime, create_by, last_modify_datetime, last_modify_by)
values ('28d846dd-9498-4c43-b967-3d8ea05e8d90', '3f4dde52-2014-4936-97f8-20b439c60ab5', 1, 'dict', 'dictionary', '数据字典管理', null, null, null, null, null, null, 'index_view', '数据字典类型管理', '数据字典类型管理', null, null, null, null);
insert into SYS_MODULE_FUNCTION (id, module_id, is_active, module_code, controller_uri, controller_name, type_1, type_2, type_3, type_4, type_5, type_6, func_uri, func_desc, func_name, create_datetime, create_by, last_modify_datetime, last_modify_by)
values ('bb3619f3-fb0d-41ef-a370-956b11f4592c', '3f4dde52-2014-4936-97f8-20b439c60ab5', 1, 'dict', 'dictionary', '数据字典管理', null, null, null, null, null, null, 'detail_view', '数据字典明细', '数据字典明细', null, null, null, null);
insert into SYS_MODULE_FUNCTION (id, module_id, is_active, module_code, controller_uri, controller_name, type_1, type_2, type_3, type_4, type_5, type_6, func_uri, func_desc, func_name, create_datetime, create_by, last_modify_datetime, last_modify_by)
values ('088b0ddc-4119-4c9d-a70f-bd75ec38b056', '1023728d-5431-4089-acee-a648b765b31a', 1, 'system', 'org', '组织机构管理', null, null, null, null, null, null, 'index_view', '组织机构管理', '组织机构管理', null, '用户', null, '用户');
insert into SYS_MODULE_FUNCTION (id, module_id, is_active, module_code, controller_uri, controller_name, type_1, type_2, type_3, type_4, type_5, type_6, func_uri, func_desc, func_name, create_datetime, create_by, last_modify_datetime, last_modify_by)
values ('0bcae09e-75bd-4e7f-ae58-c9246a93a45c', '1023728d-5431-4089-acee-a648b765b31a', 1, 'system', 'user', '用户管理', null, null, null, null, null, null, 'index_view', '用户管理', '用户管理', null, '用户', null, '用户');
insert into SYS_MODULE_FUNCTION (id, module_id, is_active, module_code, controller_uri, controller_name, type_1, type_2, type_3, type_4, type_5, type_6, func_uri, func_desc, func_name, create_datetime, create_by, last_modify_datetime, last_modify_by)
values ('2b668671-4fbd-4d55-b41c-0398f18aafd1', '1023728d-5431-4089-acee-a648b765b31a', 1, 'system', 'resource', '菜单管理', null, null, null, null, null, null, 'index_view', '菜单管理', '菜单管理', null, '用户', null, '用户');
insert into SYS_MODULE_FUNCTION (id, module_id, is_active, module_code, controller_uri, controller_name, type_1, type_2, type_3, type_4, type_5, type_6, func_uri, func_desc, func_name, create_datetime, create_by, last_modify_datetime, last_modify_by)
values ('42296972-4535-47e2-8e55-2447b2a4eb08', '1023728d-5431-4089-acee-a648b765b31a', 1, 'system', 'dictionary', '数据字典管理', null, null, null, null, null, null, 'detail_view', '数据字典明细', '数据字典明细', null, '用户', null, '用户');
insert into SYS_MODULE_FUNCTION (id, module_id, is_active, module_code, controller_uri, controller_name, type_1, type_2, type_3, type_4, type_5, type_6, func_uri, func_desc, func_name, create_datetime, create_by, last_modify_datetime, last_modify_by)
values ('446aa162-9d06-4d05-9df6-10c7d5845ba0', '1023728d-5431-4089-acee-a648b765b31a', 1, 'system', 'role', '角色管理', null, null, null, null, null, null, 'index_view', '角色管理', '角色管理', null, '用户', null, '用户');
insert into SYS_MODULE_FUNCTION (id, module_id, is_active, module_code, controller_uri, controller_name, type_1, type_2, type_3, type_4, type_5, type_6, func_uri, func_desc, func_name, create_datetime, create_by, last_modify_datetime, last_modify_by)
values ('5090a56d-82c1-4f01-aa80-45e60ca0a269', '1023728d-5431-4089-acee-a648b765b31a', 1, 'system', 'module', '模块管理', null, null, null, null, null, null, 'index_view', '模块管理', '模块管理', null, null, null, null);
insert into SYS_MODULE_FUNCTION (id, module_id, is_active, module_code, controller_uri, controller_name, type_1, type_2, type_3, type_4, type_5, type_6, func_uri, func_desc, func_name, create_datetime, create_by, last_modify_datetime, last_modify_by)
values ('d79e1184-7187-4658-b2af-017c73c64c65', 'bddf0d86-67f3-4630-8976-09329869e8af', 1, 'efcs_alarm', 'errorInfo', '异常信息查询', null, null, null, null, null, null, 'index_view', '异常信息查询', '异常信息查询', null, null, to_date('24-04-2017 18:17:45', 'dd-mm-yyyy hh24:mi:ss'), null);
insert into SYS_MODULE_FUNCTION (id, module_id, is_active, module_code, controller_uri, controller_name, type_1, type_2, type_3, type_4, type_5, type_6, func_uri, func_desc, func_name, create_datetime, create_by, last_modify_datetime, last_modify_by)
values ('bf108457-5e77-43fc-bf28-26d85f1044c0', 'bddf0d86-67f3-4630-8976-09329869e8af', 1, 'efcs_alarm', 'fireInfo', '火警信息', null, null, null, null, null, null, 'index_view', '火警信息', '火警信息', null, null, to_date('24-04-2017 18:17:50', 'dd-mm-yyyy hh24:mi:ss'), null);
insert into SYS_MODULE_FUNCTION (id, module_id, is_active, module_code, controller_uri, controller_name, type_1, type_2, type_3, type_4, type_5, type_6, func_uri, func_desc, func_name, create_datetime, create_by, last_modify_datetime, last_modify_by)
values ('639972a5-d97f-4624-bfb1-720acfc328b6', 'bddf0d86-67f3-4630-8976-09329869e8af', 1, 'efcs_alarm', 'temperature', '库位温度', null, null, null, null, null, null, 'index_view', '库位温度', '库位温度', null, null, to_date('24-04-2017 18:17:54', 'dd-mm-yyyy hh24:mi:ss'), null);
insert into SYS_MODULE_FUNCTION (id, module_id, is_active, module_code, controller_uri, controller_name, type_1, type_2, type_3, type_4, type_5, type_6, func_uri, func_desc, func_name, create_datetime, create_by, last_modify_datetime, last_modify_by)
values ('5a6752a4-d33d-4781-af75-79995ce1db46', '0dd286ef-1b9a-4916-9d16-49343038e3ef', 1, 'efcs_report', 'pallet', '托盘查询', null, null, null, null, null, null, 'index_view', '托盘查询', '托盘查询', to_date('24-04-2017 18:21:09', 'dd-mm-yyyy hh24:mi:ss'), null, to_date('24-04-2017 18:21:09', 'dd-mm-yyyy hh24:mi:ss'), null);
insert into SYS_MODULE_FUNCTION (id, module_id, is_active, module_code, controller_uri, controller_name, type_1, type_2, type_3, type_4, type_5, type_6, func_uri, func_desc, func_name, create_datetime, create_by, last_modify_datetime, last_modify_by)
values ('b5594067-e561-4de0-bd7a-83b15d3f2a53', '0dd286ef-1b9a-4916-9d16-49343038e3ef', 1, 'efcs_report', 'storeDetail', '库位详情', null, null, null, null, null, null, 'index_view', '库位详情', '库位详情', to_date('24-04-2017 18:21:32', 'dd-mm-yyyy hh24:mi:ss'), null, to_date('24-04-2017 18:21:32', 'dd-mm-yyyy hh24:mi:ss'), null);
insert into SYS_MODULE_FUNCTION (id, module_id, is_active, module_code, controller_uri, controller_name, type_1, type_2, type_3, type_4, type_5, type_6, func_uri, func_desc, func_name, create_datetime, create_by, last_modify_datetime, last_modify_by)
values ('c692d754-8ff4-4a47-875d-91944ca2c2e8', '98983f4f-db45-4742-95b4-036c2a9ca881', 1, 'efcs_business', 'palletize', '组盘', null, null, null, null, null, null, 'index_view', '组盘', '组盘', to_date('24-04-2017 18:19:04', 'dd-mm-yyyy hh24:mi:ss'), null, to_date('24-04-2017 18:19:04', 'dd-mm-yyyy hh24:mi:ss'), null);
insert into SYS_MODULE_FUNCTION (id, module_id, is_active, module_code, controller_uri, controller_name, type_1, type_2, type_3, type_4, type_5, type_6, func_uri, func_desc, func_name, create_datetime, create_by, last_modify_datetime, last_modify_by)
values ('b21347e7-c37c-4fe2-a481-0618cb58ecd1', 'eefd73cd-9459-4310-ae5c-00326eaeb162', 1, 'efcs_dashboard', 'production', '生产仪表盘', null, null, null, null, null, null, 'index_view', '生产仪表盘', '生产仪表盘', to_date('24-04-2017 18:19:37', 'dd-mm-yyyy hh24:mi:ss'), null, to_date('24-04-2017 18:19:37', 'dd-mm-yyyy hh24:mi:ss'), null);
insert into SYS_MODULE_FUNCTION (id, module_id, is_active, module_code, controller_uri, controller_name, type_1, type_2, type_3, type_4, type_5, type_6, func_uri, func_desc, func_name, create_datetime, create_by, last_modify_datetime, last_modify_by)
values ('ceb9fd4a-1803-4391-a128-b79d81e80020', '24db86c3-705e-4c6f-acca-beb24606a341', 1, 'efcs_equipment', 'manage', '设备管理', null, null, null, null, null, null, 'index_view', '设备管理', '设备管理', to_date('24-04-2017 18:20:17', 'dd-mm-yyyy hh24:mi:ss'), null, to_date('24-04-2017 18:20:17', 'dd-mm-yyyy hh24:mi:ss'), null);
insert into SYS_MODULE_FUNCTION (id, module_id, is_active, module_code, controller_uri, controller_name, type_1, type_2, type_3, type_4, type_5, type_6, func_uri, func_desc, func_name, create_datetime, create_by, last_modify_datetime, last_modify_by)
values ('ab335a34-0378-4e16-a6b2-b3070c61a7a7', '0dd286ef-1b9a-4916-9d16-49343038e3ef', 1, 'efcs_report', 'battery', '电池查询', null, null, null, null, null, null, 'index_view', '电池查询', '电池查询', to_date('24-04-2017 18:20:45', 'dd-mm-yyyy hh24:mi:ss'), null, to_date('24-04-2017 18:20:45', 'dd-mm-yyyy hh24:mi:ss'), null);
insert into SYS_MODULE_FUNCTION (id, module_id, is_active, module_code, controller_uri, controller_name, type_1, type_2, type_3, type_4, type_5, type_6, func_uri, func_desc, func_name, create_datetime, create_by, last_modify_datetime, last_modify_by)
values ('da1bcad4-fb0c-4e1f-a41d-9135774b0cef', '0dd286ef-1b9a-4916-9d16-49343038e3ef', 1, 'efcs_report', 'storeQuery', '库位查询', null, null, null, null, null, null, 'index_view', '库位查询', '库位查询', to_date('24-04-2017 18:21:55', 'dd-mm-yyyy hh24:mi:ss'), null, to_date('24-04-2017 18:21:55', 'dd-mm-yyyy hh24:mi:ss'), null);
insert into SYS_MODULE_FUNCTION (id, module_id, is_active, module_code, controller_uri, controller_name, type_1, type_2, type_3, type_4, type_5, type_6, func_uri, func_desc, func_name, create_datetime, create_by, last_modify_datetime, last_modify_by)
values ('0bb51a11-ff2a-44e2-a1a2-22224070eeec', '897d667e-d14c-469a-bfed-bd85175c280d', 1, 'core', 'warehouserow', '排管理', null, null, null, null, null, null, 'index_view', '排管理', '排管理', to_date('24-04-2017 18:22:41', 'dd-mm-yyyy hh24:mi:ss'), null, to_date('24-04-2017 18:22:41', 'dd-mm-yyyy hh24:mi:ss'), null);
insert into SYS_MODULE_FUNCTION (id, module_id, is_active, module_code, controller_uri, controller_name, type_1, type_2, type_3, type_4, type_5, type_6, func_uri, func_desc, func_name, create_datetime, create_by, last_modify_datetime, last_modify_by)
values ('234beba7-a386-4ac3-9b9b-e1cc585f0922', '897d667e-d14c-469a-bfed-bd85175c280d', 1, 'core', 'container', '容器管理', null, null, null, null, null, null, 'index_view', '容器管理', '容器管理', to_date('24-04-2017 18:23:21', 'dd-mm-yyyy hh24:mi:ss'), null, to_date('24-04-2017 18:23:21', 'dd-mm-yyyy hh24:mi:ss'), null);
insert into SYS_MODULE_FUNCTION (id, module_id, is_active, module_code, controller_uri, controller_name, type_1, type_2, type_3, type_4, type_5, type_6, func_uri, func_desc, func_name, create_datetime, create_by, last_modify_datetime, last_modify_by)
values ('7adb7d9a-8468-4e4f-a38f-c07962e8c99c', '897d667e-d14c-469a-bfed-bd85175c280d', 1, 'core', 'containerType', '容器类型', null, null, null, null, null, null, 'index_view', '容器类型', '容器类型', to_date('24-04-2017 18:23:58', 'dd-mm-yyyy hh24:mi:ss'), null, to_date('24-04-2017 18:23:58', 'dd-mm-yyyy hh24:mi:ss'), null);
insert into SYS_MODULE_FUNCTION (id, module_id, is_active, module_code, controller_uri, controller_name, type_1, type_2, type_3, type_4, type_5, type_6, func_uri, func_desc, func_name, create_datetime, create_by, last_modify_datetime, last_modify_by)
values ('a50069d4-5924-439b-804f-082445d3d915', '98983f4f-db45-4742-95b4-036c2a9ca881', 1, 'efcs_business', 'palletSplit', '拆盘', null, null, null, null, null, null, 'index_view', '拆盘', '拆盘', to_date('24-04-2017 18:24:50', 'dd-mm-yyyy hh24:mi:ss'), null, to_date('24-04-2017 18:24:50', 'dd-mm-yyyy hh24:mi:ss'), null);
insert into SYS_MODULE_FUNCTION (id, module_id, is_active, module_code, controller_uri, controller_name, type_1, type_2, type_3, type_4, type_5, type_6, func_uri, func_desc, func_name, create_datetime, create_by, last_modify_datetime, last_modify_by)
values ('3dfc26df-4c4f-405f-88f3-c75ea6daf37d', '3f4dde52-2014-4936-97f8-20b439c60ab5', 1, 'dict', 'dictionary', '数据字典管理', null, null, null, null, null, null, 'requirement_detail_view', '属性要求管理', '属性要求管理', to_date('27-04-2017 16:44:13', 'dd-mm-yyyy hh24:mi:ss'), null, to_date('27-04-2017 16:44:13', 'dd-mm-yyyy hh24:mi:ss'), null);
commit;
-- prompt 31 records loaded
-- prompt Loading SYS_MODULE_FUNC_PERMIT...
insert into SYS_MODULE_FUNC_PERMIT (id, func_id, is_active, permit_name, permit_code, permit_desc, create_datetime, create_by, last_modify_datetime, last_modify_by)
values ('5fbd9570-f0e3-485f-8f16-71264df9a0d4', '5eece1f4-0077-4ce9-ae8a-f46b66ec20cd', 1, '锁', '/core/warehouse/lock', null, null, null, null, null);
insert into SYS_MODULE_FUNC_PERMIT (id, func_id, is_active, permit_name, permit_code, permit_desc, create_datetime, create_by, last_modify_datetime, last_modify_by)
values ('66228888-58f9-41c0-a368-0c2dd3979642', '5eece1f4-0077-4ce9-ae8a-f46b66ec20cd', 1, '禁用启用', '/core/warehouse/disabled', null, null, null, null, null);
insert into SYS_MODULE_FUNC_PERMIT (id, func_id, is_active, permit_name, permit_code, permit_desc, create_datetime, create_by, last_modify_datetime, last_modify_by)
values ('1927a661-35d5-4c43-9bf3-5468d77cd875', '5eece1f4-0077-4ce9-ae8a-f46b66ec20cd', 1, '新增', '/core/warehouse/addorupdate', null, null, null, null, null);
insert into SYS_MODULE_FUNC_PERMIT (id, func_id, is_active, permit_name, permit_code, permit_desc, create_datetime, create_by, last_modify_datetime, last_modify_by)
values ('108920a4-e6ad-4ba6-8780-f57c6f3b95f9', 'c64eafc0-6158-46bf-ac01-ed2ad01de7e2', 1, '设置异常', '/core/storageLocation/setnormal', null, null, null, null, null);
insert into SYS_MODULE_FUNC_PERMIT (id, func_id, is_active, permit_name, permit_code, permit_desc, create_datetime, create_by, last_modify_datetime, last_modify_by)
values ('a711f0e4-df5f-485d-b03d-df7355d0566e', 'c64eafc0-6158-46bf-ac01-ed2ad01de7e2', 1, '锁', '/core/storageLocation/lock', null, null, null, null, null);
insert into SYS_MODULE_FUNC_PERMIT (id, func_id, is_active, permit_name, permit_code, permit_desc, create_datetime, create_by, last_modify_datetime, last_modify_by)
values ('f7c9f2f3-0c1e-43c7-87d6-ed2cd23bdc48', 'e0477f13-5088-4b88-8833-c21bf5a4208b', 1, '品类新增', '/core/sku/addorupdate_product', null, null, null, null, null);
insert into SYS_MODULE_FUNC_PERMIT (id, func_id, is_active, permit_name, permit_code, permit_desc, create_datetime, create_by, last_modify_datetime, last_modify_by)
values ('8450f147-d29a-47a3-a732-b472a3e5d1e6', 'e0477f13-5088-4b88-8833-c21bf5a4208b', 1, '启用禁用', '/core/sku/disabled', null, null, null, null, null);
insert into SYS_MODULE_FUNC_PERMIT (id, func_id, is_active, permit_name, permit_code, permit_desc, create_datetime, create_by, last_modify_datetime, last_modify_by)
values ('324e4355-d79e-44da-b7de-0c2dc95a3915', 'e0477f13-5088-4b88-8833-c21bf5a4208b', 1, '新增修改', '/core/sku/addorupdate', null, null, null, null, null);
insert into SYS_MODULE_FUNC_PERMIT (id, func_id, is_active, permit_name, permit_code, permit_desc, create_datetime, create_by, last_modify_datetime, last_modify_by)
values ('042d049f-34b8-4677-a89f-538360a5bec4', 'e43e176c-bf7e-42c0-9a4c-a0bf58e1df15', 1, '新增修改', '/core/region/addorupdate', null, null, null, null, null);
insert into SYS_MODULE_FUNC_PERMIT (id, func_id, is_active, permit_name, permit_code, permit_desc, create_datetime, create_by, last_modify_datetime, last_modify_by)
values ('727cdbf0-a38f-47e5-88fc-1c85a5e97ae6', 'fca526d0-7967-477c-9c87-2b520b2511c2', 1, '新增', '/core/sku/addorupdate_skucategory_view', null, null, null, null, null);
insert into SYS_MODULE_FUNC_PERMIT (id, func_id, is_active, permit_name, permit_code, permit_desc, create_datetime, create_by, last_modify_datetime, last_modify_by)
values ('831943b5-49e9-40af-80f3-325170b2d058', 'c64eafc0-6158-46bf-ac01-ed2ad01de7e2', 1, '新增修改', '/core/storageLocation/addorupdate', null, null, null, null, null);
insert into SYS_MODULE_FUNC_PERMIT (id, func_id, is_active, permit_name, permit_code, permit_desc, create_datetime, create_by, last_modify_datetime, last_modify_by)
values ('cf8a5937-58f5-46c7-a25e-cfd2358dc656', 'e0477f13-5088-4b88-8833-c21bf5a4208b', 1, '品类删除', '/core/sku/del_product', null, null, null, null, null);
insert into SYS_MODULE_FUNC_PERMIT (id, func_id, is_active, permit_name, permit_code, permit_desc, create_datetime, create_by, last_modify_datetime, last_modify_by)
values ('529937c9-a2d1-4c9e-8462-cf746bb20368', 'e43e176c-bf7e-42c0-9a4c-a0bf58e1df15', 1, '分区新增', '/core/region/addorupdate_sub', null, null, null, null, null);
insert into SYS_MODULE_FUNC_PERMIT (id, func_id, is_active, permit_name, permit_code, permit_desc, create_datetime, create_by, last_modify_datetime, last_modify_by)
values ('ca7c76c5-6916-450f-a608-3913584e47ea', 'e43e176c-bf7e-42c0-9a4c-a0bf58e1df15', 1, '锁', '/core/region/lock', null, null, null, null, null);
insert into SYS_MODULE_FUNC_PERMIT (id, func_id, is_active, permit_name, permit_code, permit_desc, create_datetime, create_by, last_modify_datetime, last_modify_by)
values ('0922f4de-465d-4a31-8c00-f0082015cba7', '5090a56d-82c1-4f01-aa80-45e60ca0a269', 1, '删除', '/system/module/del', null, null, null, null, null);
insert into SYS_MODULE_FUNC_PERMIT (id, func_id, is_active, permit_name, permit_code, permit_desc, create_datetime, create_by, last_modify_datetime, last_modify_by)
values ('184b4754-e352-4668-ad25-87dfdfd6dba8', '0bcae09e-75bd-4e7f-ae58-c9246a93a45c', 1, '更改用户状态', '/system/user/grid_auth', null, null, null, null, null);
insert into SYS_MODULE_FUNC_PERMIT (id, func_id, is_active, permit_name, permit_code, permit_desc, create_datetime, create_by, last_modify_datetime, last_modify_by)
values ('1fc17b14-4b92-4865-8f9c-defdc1a0c7dd', '446aa162-9d06-4d05-9df6-10c7d5845ba0', 1, '设置角色权限', '/system/role/setroleresource', null, null, null, null, null);
insert into SYS_MODULE_FUNC_PERMIT (id, func_id, is_active, permit_name, permit_code, permit_desc, create_datetime, create_by, last_modify_datetime, last_modify_by)
values ('24aceff1-19cd-47c0-bcef-750424e6c2cc', '0bcae09e-75bd-4e7f-ae58-c9246a93a45c', 1, '删除用户', '/system/user/grid_del', null, null, null, null, null);
insert into SYS_MODULE_FUNC_PERMIT (id, func_id, is_active, permit_name, permit_code, permit_desc, create_datetime, create_by, last_modify_datetime, last_modify_by)
values ('2da949ab-4471-4a80-8c34-7518051c4cba', '5090a56d-82c1-4f01-aa80-45e60ca0a269', 1, '新增模块', '/system/module/addorupdate_module', null, null, null, null, null);
insert into SYS_MODULE_FUNC_PERMIT (id, func_id, is_active, permit_name, permit_code, permit_desc, create_datetime, create_by, last_modify_datetime, last_modify_by)
values ('45d16f15-1756-4623-8e58-d2d8b1d76da8', '0bcae09e-75bd-4e7f-ae58-c9246a93a45c', 1, '新增用户', '/system/user/form_submit', null, null, null, null, null);
insert into SYS_MODULE_FUNC_PERMIT (id, func_id, is_active, permit_name, permit_code, permit_desc, create_datetime, create_by, last_modify_datetime, last_modify_by)
values ('4d5ff928-6f79-4a00-8fc5-b7745389d786', '5090a56d-82c1-4f01-aa80-45e60ca0a269', 1, '新增功能', '/system/module/addorupdate_function', null, null, null, null, null);
insert into SYS_MODULE_FUNC_PERMIT (id, func_id, is_active, permit_name, permit_code, permit_desc, create_datetime, create_by, last_modify_datetime, last_modify_by)
values ('5bf89532-7a9e-48bd-9ec0-237d245fa2bd', '0bcae09e-75bd-4e7f-ae58-c9246a93a45c', 1, '用户授权', '/system/user/auth', null, null, null, null, null);
insert into SYS_MODULE_FUNC_PERMIT (id, func_id, is_active, permit_name, permit_code, permit_desc, create_datetime, create_by, last_modify_datetime, last_modify_by)
values ('6da1b667-a88e-428f-877a-f3a5ec65b2a3', '088b0ddc-4119-4c9d-a70f-bd75ec38b056', 1, '新增/修改组织机构', '/system/org/form_save_update', null, null, null, null, null);
insert into SYS_MODULE_FUNC_PERMIT (id, func_id, is_active, permit_name, permit_code, permit_desc, create_datetime, create_by, last_modify_datetime, last_modify_by)
values ('84ed4df6-e31d-4fa0-adfd-c10458a4a2a0', '5090a56d-82c1-4f01-aa80-45e60ca0a269', 1, '新增权限项', '/system/module/addorupdate_permit', null, null, null, null, null);
insert into SYS_MODULE_FUNC_PERMIT (id, func_id, is_active, permit_name, permit_code, permit_desc, create_datetime, create_by, last_modify_datetime, last_modify_by)
values ('87e6360a-37f7-4ecc-86f0-052322c38980', '0bcae09e-75bd-4e7f-ae58-c9246a93a45c', 1, '重置密码', '/system/user/reset_password', null, null, null, null, null);
insert into SYS_MODULE_FUNC_PERMIT (id, func_id, is_active, permit_name, permit_code, permit_desc, create_datetime, create_by, last_modify_datetime, last_modify_by)
values ('8e113291-d839-4c86-94c9-2252de8d89fc', '2b668671-4fbd-4d55-b41c-0398f18aafd1', 1, '删除资源', '/system/resource/del', null, null, null, null, null);
insert into SYS_MODULE_FUNC_PERMIT (id, func_id, is_active, permit_name, permit_code, permit_desc, create_datetime, create_by, last_modify_datetime, last_modify_by)
values ('aace9092-b075-4c0a-9581-16962f87bd05', '2b668671-4fbd-4d55-b41c-0398f18aafd1', 1, '修增/修改资源', '/system/resource/addorupdate', null, null, null, null, null);
insert into SYS_MODULE_FUNC_PERMIT (id, func_id, is_active, permit_name, permit_code, permit_desc, create_datetime, create_by, last_modify_datetime, last_modify_by)
values ('ac57b48a-ae32-4b21-8935-b2f36fd87e90', '446aa162-9d06-4d05-9df6-10c7d5845ba0', 1, '删除角色', '/system/role/del', null, null, null, null, null);
insert into SYS_MODULE_FUNC_PERMIT (id, func_id, is_active, permit_name, permit_code, permit_desc, create_datetime, create_by, last_modify_datetime, last_modify_by)
values ('bea3e024-a263-4024-93d5-8d8e4fff4345', '0bcae09e-75bd-4e7f-ae58-c9246a93a45c', 1, '修改密码', '/system/user/pass_change', null, null, null, null, null);
insert into SYS_MODULE_FUNC_PERMIT (id, func_id, is_active, permit_name, permit_code, permit_desc, create_datetime, create_by, last_modify_datetime, last_modify_by)
values ('c9f1cadc-c567-4b88-b025-7d2e92490bca', '088b0ddc-4119-4c9d-a70f-bd75ec38b056', 1, '删除组织机构', '/system/org/deletebyid', null, null, null, null, null);
insert into SYS_MODULE_FUNC_PERMIT (id, func_id, is_active, permit_name, permit_code, permit_desc, create_datetime, create_by, last_modify_datetime, last_modify_by)
values ('fa614373-d9a3-43f3-b047-d70d2caca5db', '446aa162-9d06-4d05-9df6-10c7d5845ba0', 1, '新增/修改角色', '/system/role/addorupdate', null, null, null, null, null);
commit;
-- prompt 31 records loaded
-- prompt Loading SYS_ORGANIZATION...
insert into SYS_ORGANIZATION (id, org_parent_id, is_active, org_name, org_code, org_code_full, org_desc, create_datetime, create_by, last_modify_datetime, last_modify_by, child_count)
values ('f738280f-037e-468f-9020-a213f0f3052c', null, 1, '2011', '2011', '2011', '2009', null, null, null, '用户', 1);
commit;
-- prompt 1 records loaded
-- prompt Loading SYS_RESOURCE...
insert into SYS_RESOURCE (id, res_parent_id, is_active, res_index, res_name, res_code, res_auth_code, res_param, module_func_id, res_type, sort, res_icon, res_desc, create_datetime, create_by, last_modify_datetime, last_modify_by, child_count)
values ('6668a8b7-166c-49bc-8d13-f84eded49b49', '1bda0b1a-24be-482b-81db-a3eebfc66bc2', 1, '1bda0b1a-24be-482b-81db-a3eebfc66bc2.6668a8b7-166c-49bc-8d13-f84eded49b49', '数据字典管理', '/dict/dictionary/index_view', '/dict/dictionary/index_view', null, '28d846dd-9498-4c43-b967-3d8ea05e8d90', 'menu', 10, null, null, to_date('27-04-2017 16:09:50', 'dd-mm-yyyy hh24:mi:ss'), null, to_date('27-04-2017 16:09:50', 'dd-mm-yyyy hh24:mi:ss'), null, 0);
insert into SYS_RESOURCE (id, res_parent_id, is_active, res_index, res_name, res_code, res_auth_code, res_param, module_func_id, res_type, sort, res_icon, res_desc, create_datetime, create_by, last_modify_datetime, last_modify_by, child_count)
values ('a5b0dfc8-c588-4f9e-93e8-ec89b2724758', null, 1, 'a5b0dfc8-c588-4f9e-93e8-ec89b2724758', '系统管理', '   ', '   ', null, null, 'menu', 1000, null, null, null, null, to_date('27-04-2017 16:08:49', 'dd-mm-yyyy hh24:mi:ss'), null, 0);
insert into SYS_RESOURCE (id, res_parent_id, is_active, res_index, res_name, res_code, res_auth_code, res_param, module_func_id, res_type, sort, res_icon, res_desc, create_datetime, create_by, last_modify_datetime, last_modify_by, child_count)
values ('ca66a237-6563-4c13-83e8-02e5c814e367', 'a5b0dfc8-c588-4f9e-93e8-ec89b2724758', 1, 'a5b0dfc8-c588-4f9e-93e8-ec89b2724758.ca66a237-6563-4c13-83e8-02e5c814e367', '模块管理', '/system/module/index_view', '/system/module/index_view', null, '5090a56d-82c1-4f01-aa80-45e60ca0a269', 'menu', 5, null, null, null, null, null, null, 4);
insert into SYS_RESOURCE (id, res_parent_id, is_active, res_index, res_name, res_code, res_auth_code, res_param, module_func_id, res_type, sort, res_icon, res_desc, create_datetime, create_by, last_modify_datetime, last_modify_by, child_count)
values ('7ed2dd71-edce-4f65-bc24-1d74af0207f8', 'ca66a237-6563-4c13-83e8-02e5c814e367', 1, 'a5b0dfc8-c588-4f9e-93e8-ec89b2724758.ca66a237-6563-4c13-83e8-02e5c814e367.7ed2dd71-edce-4f65-bc24-1d74af0207f8', '新增权限项', '/system/module/addorupdate_permit', '/system/module/addorupdate_permit', null, '5090a56d-82c1-4f01-aa80-45e60ca0a269', 'permit', 0, null, null, null, null, null, null, null);
insert into SYS_RESOURCE (id, res_parent_id, is_active, res_index, res_name, res_code, res_auth_code, res_param, module_func_id, res_type, sort, res_icon, res_desc, create_datetime, create_by, last_modify_datetime, last_modify_by, child_count)
values ('ce385b86-2394-4d5f-81af-e95e7c718b1a', 'a5b0dfc8-c588-4f9e-93e8-ec89b2724758', 1, 'a5b0dfc8-c588-4f9e-93e8-ec89b2724758.ce385b86-2394-4d5f-81af-e95e7c718b1a', '用户管理', '/system/user/index_view', '/system/user/index_view', null, '0bcae09e-75bd-4e7f-ae58-c9246a93a45c', 'menu', 2, null, null, null, null, null, null, 6);
insert into SYS_RESOURCE (id, res_parent_id, is_active, res_index, res_name, res_code, res_auth_code, res_param, module_func_id, res_type, sort, res_icon, res_desc, create_datetime, create_by, last_modify_datetime, last_modify_by, child_count)
values ('5bcf2b6c-19b1-471e-ba20-b6a87f7e71ed', 'ce385b86-2394-4d5f-81af-e95e7c718b1a', 1, 'a5b0dfc8-c588-4f9e-93e8-ec89b2724758.ce385b86-2394-4d5f-81af-e95e7c718b1a.5bcf2b6c-19b1-471e-ba20-b6a87f7e71ed', '更改用户状态', '/system/user/grid_auth', '/system/user/grid_auth', null, '0bcae09e-75bd-4e7f-ae58-c9246a93a45c', 'permit', 0, null, null, null, null, null, null, null);
insert into SYS_RESOURCE (id, res_parent_id, is_active, res_index, res_name, res_code, res_auth_code, res_param, module_func_id, res_type, sort, res_icon, res_desc, create_datetime, create_by, last_modify_datetime, last_modify_by, child_count)
values ('a4c479a8-3512-43ec-a9ae-22e83aa7c1aa', 'ce385b86-2394-4d5f-81af-e95e7c718b1a', 1, 'a5b0dfc8-c588-4f9e-93e8-ec89b2724758.ce385b86-2394-4d5f-81af-e95e7c718b1a.a4c479a8-3512-43ec-a9ae-22e83aa7c1aa', '删除用户', '/system/user/grid_del', '/system/user/grid_del', null, '0bcae09e-75bd-4e7f-ae58-c9246a93a45c', 'permit', 0, null, null, null, null, null, null, null);
insert into SYS_RESOURCE (id, res_parent_id, is_active, res_index, res_name, res_code, res_auth_code, res_param, module_func_id, res_type, sort, res_icon, res_desc, create_datetime, create_by, last_modify_datetime, last_modify_by, child_count)
values ('164d6359-b016-44f3-b71a-d38f591972c3', 'ce385b86-2394-4d5f-81af-e95e7c718b1a', 1, 'a5b0dfc8-c588-4f9e-93e8-ec89b2724758.ce385b86-2394-4d5f-81af-e95e7c718b1a.164d6359-b016-44f3-b71a-d38f591972c3', '新增用户', '/system/user/form_submit', '/system/user/form_submit', null, '0bcae09e-75bd-4e7f-ae58-c9246a93a45c', 'permit', 0, null, null, null, null, null, null, null);
insert into SYS_RESOURCE (id, res_parent_id, is_active, res_index, res_name, res_code, res_auth_code, res_param, module_func_id, res_type, sort, res_icon, res_desc, create_datetime, create_by, last_modify_datetime, last_modify_by, child_count)
values ('02508d49-6c4b-4a33-a966-e1bb9f665ae8', 'ce385b86-2394-4d5f-81af-e95e7c718b1a', 1, 'a5b0dfc8-c588-4f9e-93e8-ec89b2724758.ce385b86-2394-4d5f-81af-e95e7c718b1a.02508d49-6c4b-4a33-a966-e1bb9f665ae8', '用户授权', '/system/user/auth', '/system/user/auth', null, '0bcae09e-75bd-4e7f-ae58-c9246a93a45c', 'permit', 0, null, null, null, null, null, null, null);
insert into SYS_RESOURCE (id, res_parent_id, is_active, res_index, res_name, res_code, res_auth_code, res_param, module_func_id, res_type, sort, res_icon, res_desc, create_datetime, create_by, last_modify_datetime, last_modify_by, child_count)
values ('44328b8c-7460-4126-8633-ecd87ddf42bd', 'ce385b86-2394-4d5f-81af-e95e7c718b1a', 1, 'a5b0dfc8-c588-4f9e-93e8-ec89b2724758.ce385b86-2394-4d5f-81af-e95e7c718b1a.44328b8c-7460-4126-8633-ecd87ddf42bd', '重置密码', '/system/user/reset_password', '/system/user/reset_password', null, '0bcae09e-75bd-4e7f-ae58-c9246a93a45c', 'permit', 0, null, null, null, null, null, null, null);
insert into SYS_RESOURCE (id, res_parent_id, is_active, res_index, res_name, res_code, res_auth_code, res_param, module_func_id, res_type, sort, res_icon, res_desc, create_datetime, create_by, last_modify_datetime, last_modify_by, child_count)
values ('f5a0ba17-aa20-4e03-9c61-b40169ca71c0', 'ce385b86-2394-4d5f-81af-e95e7c718b1a', 1, 'a5b0dfc8-c588-4f9e-93e8-ec89b2724758.ce385b86-2394-4d5f-81af-e95e7c718b1a.f5a0ba17-aa20-4e03-9c61-b40169ca71c0', '修改密码', '/system/user/pass_change', '/system/user/pass_change', null, '0bcae09e-75bd-4e7f-ae58-c9246a93a45c', 'permit', 0, null, null, null, null, null, null, null);
insert into SYS_RESOURCE (id, res_parent_id, is_active, res_index, res_name, res_code, res_auth_code, res_param, module_func_id, res_type, sort, res_icon, res_desc, create_datetime, create_by, last_modify_datetime, last_modify_by, child_count)
values ('95651433-e068-4a44-afec-e519a4ec1530', 'a5b0dfc8-c588-4f9e-93e8-ec89b2724758', 1, 'a5b0dfc8-c588-4f9e-93e8-ec89b2724758.95651433-e068-4a44-afec-e519a4ec1530', '菜单管理', '/system/resource/index_view', '/system/resource/index_view', null, '2b668671-4fbd-4d55-b41c-0398f18aafd1', 'menu', 0, null, null, null, null, null, null, 2);
insert into SYS_RESOURCE (id, res_parent_id, is_active, res_index, res_name, res_code, res_auth_code, res_param, module_func_id, res_type, sort, res_icon, res_desc, create_datetime, create_by, last_modify_datetime, last_modify_by, child_count)
values ('2f87d173-1585-412c-a87e-babe6cee607a', '95651433-e068-4a44-afec-e519a4ec1530', 1, 'a5b0dfc8-c588-4f9e-93e8-ec89b2724758.95651433-e068-4a44-afec-e519a4ec1530.2f87d173-1585-412c-a87e-babe6cee607a', '删除资源', '/system/resource/del', '/system/resource/del', null, '2b668671-4fbd-4d55-b41c-0398f18aafd1', 'permit', 0, null, null, null, null, null, null, null);
insert into SYS_RESOURCE (id, res_parent_id, is_active, res_index, res_name, res_code, res_auth_code, res_param, module_func_id, res_type, sort, res_icon, res_desc, create_datetime, create_by, last_modify_datetime, last_modify_by, child_count)
values ('7d9194b0-92b3-498b-93f4-1989b3648acd', '95651433-e068-4a44-afec-e519a4ec1530', 1, 'a5b0dfc8-c588-4f9e-93e8-ec89b2724758.95651433-e068-4a44-afec-e519a4ec1530.7d9194b0-92b3-498b-93f4-1989b3648acd', '修增/修改资源', '/system/resource/addorupdate', '/system/resource/addorupdate', null, '2b668671-4fbd-4d55-b41c-0398f18aafd1', 'permit', 0, null, null, null, null, null, null, null);
insert into SYS_RESOURCE (id, res_parent_id, is_active, res_index, res_name, res_code, res_auth_code, res_param, module_func_id, res_type, sort, res_icon, res_desc, create_datetime, create_by, last_modify_datetime, last_modify_by, child_count)
values ('6cc7a158-4589-451c-8d3b-27da1e15c5ee', 'a5b0dfc8-c588-4f9e-93e8-ec89b2724758', 1, 'a5b0dfc8-c588-4f9e-93e8-ec89b2724758.6cc7a158-4589-451c-8d3b-27da1e15c5ee', '组织机构管理', '/system/org/index_view', '/system/org/index_view', null, '088b0ddc-4119-4c9d-a70f-bd75ec38b056', 'menu', 1, null, null, null, null, null, null, 2);
insert into SYS_RESOURCE (id, res_parent_id, is_active, res_index, res_name, res_code, res_auth_code, res_param, module_func_id, res_type, sort, res_icon, res_desc, create_datetime, create_by, last_modify_datetime, last_modify_by, child_count)
values ('ab8b0f49-6487-4260-80fc-e4678d1c6130', '6cc7a158-4589-451c-8d3b-27da1e15c5ee', 1, 'a5b0dfc8-c588-4f9e-93e8-ec89b2724758.6cc7a158-4589-451c-8d3b-27da1e15c5ee.ab8b0f49-6487-4260-80fc-e4678d1c6130', '新增/修改组织机构', '/system/org/form_save_update', '/system/org/form_save_update', null, '088b0ddc-4119-4c9d-a70f-bd75ec38b056', 'permit', 0, null, null, null, null, null, null, null);
insert into SYS_RESOURCE (id, res_parent_id, is_active, res_index, res_name, res_code, res_auth_code, res_param, module_func_id, res_type, sort, res_icon, res_desc, create_datetime, create_by, last_modify_datetime, last_modify_by, child_count)
values ('f0ef5c6b-21a9-4ccd-953f-da3e1b4e76ab', '6cc7a158-4589-451c-8d3b-27da1e15c5ee', 1, 'a5b0dfc8-c588-4f9e-93e8-ec89b2724758.6cc7a158-4589-451c-8d3b-27da1e15c5ee.f0ef5c6b-21a9-4ccd-953f-da3e1b4e76ab', '删除组织机构', '/system/org/deletebyid', '/system/org/deletebyid', null, '088b0ddc-4119-4c9d-a70f-bd75ec38b056', 'permit', 0, null, null, null, null, null, null, null);
insert into SYS_RESOURCE (id, res_parent_id, is_active, res_index, res_name, res_code, res_auth_code, res_param, module_func_id, res_type, sort, res_icon, res_desc, create_datetime, create_by, last_modify_datetime, last_modify_by, child_count)
values ('80c3917d-1fae-4436-846c-ca4c53282803', 'a5b0dfc8-c588-4f9e-93e8-ec89b2724758', 1, 'a5b0dfc8-c588-4f9e-93e8-ec89b2724758.80c3917d-1fae-4436-846c-ca4c53282803', '角色管理', '/system/role/index_view', '/system/role/index_view', null, '446aa162-9d06-4d05-9df6-10c7d5845ba0', 'menu', 3, null, null, null, null, null, null, 3);
insert into SYS_RESOURCE (id, res_parent_id, is_active, res_index, res_name, res_code, res_auth_code, res_param, module_func_id, res_type, sort, res_icon, res_desc, create_datetime, create_by, last_modify_datetime, last_modify_by, child_count)
values ('a469727a-5dd7-4bff-b70c-818b93f0eaa7', '80c3917d-1fae-4436-846c-ca4c53282803', 1, 'a5b0dfc8-c588-4f9e-93e8-ec89b2724758.80c3917d-1fae-4436-846c-ca4c53282803.a469727a-5dd7-4bff-b70c-818b93f0eaa7', '设置角色权限', '/system/role/setroleresource', '/system/role/setroleresource', null, '446aa162-9d06-4d05-9df6-10c7d5845ba0', 'permit', 0, null, null, null, null, null, null, null);
insert into SYS_RESOURCE (id, res_parent_id, is_active, res_index, res_name, res_code, res_auth_code, res_param, module_func_id, res_type, sort, res_icon, res_desc, create_datetime, create_by, last_modify_datetime, last_modify_by, child_count)
values ('d0e84369-7116-4948-9a08-a5837392ce24', '80c3917d-1fae-4436-846c-ca4c53282803', 1, 'a5b0dfc8-c588-4f9e-93e8-ec89b2724758.80c3917d-1fae-4436-846c-ca4c53282803.d0e84369-7116-4948-9a08-a5837392ce24', '删除角色', '/system/role/del', '/system/role/del', null, '446aa162-9d06-4d05-9df6-10c7d5845ba0', 'permit', 0, null, null, null, null, null, null, null);
insert into SYS_RESOURCE (id, res_parent_id, is_active, res_index, res_name, res_code, res_auth_code, res_param, module_func_id, res_type, sort, res_icon, res_desc, create_datetime, create_by, last_modify_datetime, last_modify_by, child_count)
values ('c910671d-9bce-4ee7-9de1-2c62d96b0380', '80c3917d-1fae-4436-846c-ca4c53282803', 1, 'a5b0dfc8-c588-4f9e-93e8-ec89b2724758.80c3917d-1fae-4436-846c-ca4c53282803.c910671d-9bce-4ee7-9de1-2c62d96b0380', '新增/修改角色', '/system/role/addorupdate', '/system/role/addorupdate', null, '446aa162-9d06-4d05-9df6-10c7d5845ba0', 'permit', 0, null, null, null, null, null, null, null);
insert into SYS_RESOURCE (id, res_parent_id, is_active, res_index, res_name, res_code, res_auth_code, res_param, module_func_id, res_type, sort, res_icon, res_desc, create_datetime, create_by, last_modify_datetime, last_modify_by, child_count)
values ('31e08811-5280-4cdf-b74f-b8ed6a859b56', 'ca66a237-6563-4c13-83e8-02e5c814e367', 1, 'a5b0dfc8-c588-4f9e-93e8-ec89b2724758.ca66a237-6563-4c13-83e8-02e5c814e367.31e08811-5280-4cdf-b74f-b8ed6a859b56', '删除', '/system/module/del', '/system/module/del', null, '5090a56d-82c1-4f01-aa80-45e60ca0a269', 'permit', 0, null, null, null, null, null, null, null);
insert into SYS_RESOURCE (id, res_parent_id, is_active, res_index, res_name, res_code, res_auth_code, res_param, module_func_id, res_type, sort, res_icon, res_desc, create_datetime, create_by, last_modify_datetime, last_modify_by, child_count)
values ('77439cc8-315d-4ebf-80f7-bfd1c4eecbfe', 'ca66a237-6563-4c13-83e8-02e5c814e367', 1, 'a5b0dfc8-c588-4f9e-93e8-ec89b2724758.ca66a237-6563-4c13-83e8-02e5c814e367.77439cc8-315d-4ebf-80f7-bfd1c4eecbfe', '新增模块', '/system/module/addorupdate_module', '/system/module/addorupdate_module', null, '5090a56d-82c1-4f01-aa80-45e60ca0a269', 'permit', 0, null, null, null, null, null, null, null);
insert into SYS_RESOURCE (id, res_parent_id, is_active, res_index, res_name, res_code, res_auth_code, res_param, module_func_id, res_type, sort, res_icon, res_desc, create_datetime, create_by, last_modify_datetime, last_modify_by, child_count)
values ('de980550-ba85-44c9-a47b-9cf37c58a1ed', 'ca66a237-6563-4c13-83e8-02e5c814e367', 1, 'a5b0dfc8-c588-4f9e-93e8-ec89b2724758.ca66a237-6563-4c13-83e8-02e5c814e367.de980550-ba85-44c9-a47b-9cf37c58a1ed', '新增功能', '/system/module/addorupdate_function', '/system/module/addorupdate_function', null, '5090a56d-82c1-4f01-aa80-45e60ca0a269', 'permit', 0, null, null, null, null, null, null, null);
insert into SYS_RESOURCE (id, res_parent_id, is_active, res_index, res_name, res_code, res_auth_code, res_param, module_func_id, res_type, sort, res_icon, res_desc, create_datetime, create_by, last_modify_datetime, last_modify_by, child_count)
values ('8c6eff45-9e0d-462b-bb44-56bd0f4c98d1', null, 1, '8c6eff45-9e0d-462b-bb44-56bd0f4c98d1', '仓库管理', '     ', '     ', null, null, 'menu', 800, 'fa fa-bank', null, null, null, to_date('27-04-2017 16:23:14', 'dd-mm-yyyy hh24:mi:ss'), null, 0);
insert into SYS_RESOURCE (id, res_parent_id, is_active, res_index, res_name, res_code, res_auth_code, res_param, module_func_id, res_type, sort, res_icon, res_desc, create_datetime, create_by, last_modify_datetime, last_modify_by, child_count)
values ('fd1140c7-4f0f-476b-8005-7a7bc353381a', 'b3086a77-5ec6-49d0-afc4-b80c9139192f', 1, '8c6eff45-9e0d-462b-bb44-56bd0f4c98d1.b3086a77-5ec6-49d0-afc4-b80c9139192f.fd1140c7-4f0f-476b-8005-7a7bc353381a', '设置异常', '/core/storageLocation/setnormal', '/core/storageLocation/setnormal', null, 'c64eafc0-6158-46bf-ac01-ed2ad01de7e2', 'permit', 0, null, null, to_date('24-04-2017 18:01:56', 'dd-mm-yyyy hh24:mi:ss'), null, to_date('24-04-2017 18:01:56', 'dd-mm-yyyy hh24:mi:ss'), null, null);
insert into SYS_RESOURCE (id, res_parent_id, is_active, res_index, res_name, res_code, res_auth_code, res_param, module_func_id, res_type, sort, res_icon, res_desc, create_datetime, create_by, last_modify_datetime, last_modify_by, child_count)
values ('707403dc-1156-49ba-973b-355900e0d603', 'b3086a77-5ec6-49d0-afc4-b80c9139192f', 1, '8c6eff45-9e0d-462b-bb44-56bd0f4c98d1.b3086a77-5ec6-49d0-afc4-b80c9139192f.707403dc-1156-49ba-973b-355900e0d603', '新增修改', '/core/storageLocation/addorupdate', '/core/storageLocation/addorupdate', null, 'c64eafc0-6158-46bf-ac01-ed2ad01de7e2', 'permit', 0, null, null, to_date('24-04-2017 18:01:56', 'dd-mm-yyyy hh24:mi:ss'), null, to_date('24-04-2017 18:01:56', 'dd-mm-yyyy hh24:mi:ss'), null, null);
insert into SYS_RESOURCE (id, res_parent_id, is_active, res_index, res_name, res_code, res_auth_code, res_param, module_func_id, res_type, sort, res_icon, res_desc, create_datetime, create_by, last_modify_datetime, last_modify_by, child_count)
values ('7bfc8202-f900-4df2-a366-e6d8096d40cf', 'dbfe9ea6-605b-44a5-9cdb-9dfc15505f54', 0, '8c6eff45-9e0d-462b-bb44-56bd0f4c98d1.dbfe9ea6-605b-44a5-9cdb-9dfc15505f54.7bfc8202-f900-4df2-a366-e6d8096d40cf', '新增', '/core/warehouse/addorupdate', '/core/warehouse/addorupdate', null, '5eece1f4-0077-4ce9-ae8a-f46b66ec20cd', 'permit', 0, null, null, to_date('24-04-2017 18:01:21', 'dd-mm-yyyy hh24:mi:ss'), null, to_date('24-04-2017 18:01:21', 'dd-mm-yyyy hh24:mi:ss'), null, null);
insert into SYS_RESOURCE (id, res_parent_id, is_active, res_index, res_name, res_code, res_auth_code, res_param, module_func_id, res_type, sort, res_icon, res_desc, create_datetime, create_by, last_modify_datetime, last_modify_by, child_count)
values ('d4810094-03be-49cd-9c39-c57cefd3d6ec', 'dbfe9ea6-605b-44a5-9cdb-9dfc15505f54', 0, '8c6eff45-9e0d-462b-bb44-56bd0f4c98d1.dbfe9ea6-605b-44a5-9cdb-9dfc15505f54.d4810094-03be-49cd-9c39-c57cefd3d6ec', '锁', '/core/warehouse/lock', '/core/warehouse/lock', null, '5eece1f4-0077-4ce9-ae8a-f46b66ec20cd', 'permit', 0, null, null, to_date('24-04-2017 18:01:21', 'dd-mm-yyyy hh24:mi:ss'), null, to_date('24-04-2017 18:01:21', 'dd-mm-yyyy hh24:mi:ss'), null, null);
insert into SYS_RESOURCE (id, res_parent_id, is_active, res_index, res_name, res_code, res_auth_code, res_param, module_func_id, res_type, sort, res_icon, res_desc, create_datetime, create_by, last_modify_datetime, last_modify_by, child_count)
values ('3e69087d-2bbe-4674-9865-bb4c8115ba8b', 'dbfe9ea6-605b-44a5-9cdb-9dfc15505f54', 0, '8c6eff45-9e0d-462b-bb44-56bd0f4c98d1.dbfe9ea6-605b-44a5-9cdb-9dfc15505f54.3e69087d-2bbe-4674-9865-bb4c8115ba8b', '禁用启用', '/core/warehouse/disabled', '/core/warehouse/disabled', null, '5eece1f4-0077-4ce9-ae8a-f46b66ec20cd', 'permit', 0, null, null, to_date('24-04-2017 18:01:21', 'dd-mm-yyyy hh24:mi:ss'), null, to_date('24-04-2017 18:01:21', 'dd-mm-yyyy hh24:mi:ss'), null, null);
insert into SYS_RESOURCE (id, res_parent_id, is_active, res_index, res_name, res_code, res_auth_code, res_param, module_func_id, res_type, sort, res_icon, res_desc, create_datetime, create_by, last_modify_datetime, last_modify_by, child_count)
values ('dbfe9ea6-605b-44a5-9cdb-9dfc15505f54', '8c6eff45-9e0d-462b-bb44-56bd0f4c98d1', 1, '8c6eff45-9e0d-462b-bb44-56bd0f4c98d1.dbfe9ea6-605b-44a5-9cdb-9dfc15505f54', '仓库', '/core/warehouse/index_view', '/core/warehouse/index_view', null, '5eece1f4-0077-4ce9-ae8a-f46b66ec20cd', 'menu', 1, null, null, null, null, to_date('27-04-2017 16:22:18', 'dd-mm-yyyy hh24:mi:ss'), null, 3);
insert into SYS_RESOURCE (id, res_parent_id, is_active, res_index, res_name, res_code, res_auth_code, res_param, module_func_id, res_type, sort, res_icon, res_desc, create_datetime, create_by, last_modify_datetime, last_modify_by, child_count)
values ('f3f32ec0-901c-452e-b25b-56157990fb7a', '8c6eff45-9e0d-462b-bb44-56bd0f4c98d1', 1, '8c6eff45-9e0d-462b-bb44-56bd0f4c98d1.f3f32ec0-901c-452e-b25b-56157990fb7a', '库位状态', '/core/storageLocation/status_view', '/core/storageLocation/status_view', null, '5f041e7c-1224-483f-b37c-846516821204', 'menu', 2, null, null, to_date('24-04-2017 18:01:43', 'dd-mm-yyyy hh24:mi:ss'), null, to_date('24-04-2017 18:01:43', 'dd-mm-yyyy hh24:mi:ss'), null, 0);
insert into SYS_RESOURCE (id, res_parent_id, is_active, res_index, res_name, res_code, res_auth_code, res_param, module_func_id, res_type, sort, res_icon, res_desc, create_datetime, create_by, last_modify_datetime, last_modify_by, child_count)
values ('d337c596-3d6a-4c6e-8f62-c83f3b7b6f12', 'b3086a77-5ec6-49d0-afc4-b80c9139192f', 1, '8c6eff45-9e0d-462b-bb44-56bd0f4c98d1.b3086a77-5ec6-49d0-afc4-b80c9139192f.d337c596-3d6a-4c6e-8f62-c83f3b7b6f12', '锁', '/core/storageLocation/lock', '/core/storageLocation/lock', null, 'c64eafc0-6158-46bf-ac01-ed2ad01de7e2', 'permit', 0, null, null, to_date('24-04-2017 18:01:56', 'dd-mm-yyyy hh24:mi:ss'), null, to_date('24-04-2017 18:01:56', 'dd-mm-yyyy hh24:mi:ss'), null, null);
insert into SYS_RESOURCE (id, res_parent_id, is_active, res_index, res_name, res_code, res_auth_code, res_param, module_func_id, res_type, sort, res_icon, res_desc, create_datetime, create_by, last_modify_datetime, last_modify_by, child_count)
values ('b3086a77-5ec6-49d0-afc4-b80c9139192f', '8c6eff45-9e0d-462b-bb44-56bd0f4c98d1', 1, '8c6eff45-9e0d-462b-bb44-56bd0f4c98d1.b3086a77-5ec6-49d0-afc4-b80c9139192f', '库位', '/core/storageLocation/index_view', '/core/storageLocation/index_view', null, 'c64eafc0-6158-46bf-ac01-ed2ad01de7e2', 'menu', 3, null, null, to_date('24-04-2017 18:01:56', 'dd-mm-yyyy hh24:mi:ss'), null, to_date('24-04-2017 18:01:56', 'dd-mm-yyyy hh24:mi:ss'), null, 3);
insert into SYS_RESOURCE (id, res_parent_id, is_active, res_index, res_name, res_code, res_auth_code, res_param, module_func_id, res_type, sort, res_icon, res_desc, create_datetime, create_by, last_modify_datetime, last_modify_by, child_count)
values ('5dbbd832-b734-418f-8eba-7e08584c5a2d', 'df7bda90-86db-44fd-9faa-542b3596fd76', 1, '8c6eff45-9e0d-462b-bb44-56bd0f4c98d1.df7bda90-86db-44fd-9faa-542b3596fd76.5dbbd832-b734-418f-8eba-7e08584c5a2d', '新增修改', '/core/sku/addorupdate', '/core/sku/addorupdate', null, 'e0477f13-5088-4b88-8833-c21bf5a4208b', 'permit', 0, null, null, to_date('24-04-2017 18:02:13', 'dd-mm-yyyy hh24:mi:ss'), null, to_date('24-04-2017 18:02:13', 'dd-mm-yyyy hh24:mi:ss'), null, null);
insert into SYS_RESOURCE (id, res_parent_id, is_active, res_index, res_name, res_code, res_auth_code, res_param, module_func_id, res_type, sort, res_icon, res_desc, create_datetime, create_by, last_modify_datetime, last_modify_by, child_count)
values ('58ca80ae-35a6-4f11-a3ab-407d6c591311', 'df7bda90-86db-44fd-9faa-542b3596fd76', 1, '8c6eff45-9e0d-462b-bb44-56bd0f4c98d1.df7bda90-86db-44fd-9faa-542b3596fd76.58ca80ae-35a6-4f11-a3ab-407d6c591311', '启用禁用', '/core/sku/disabled', '/core/sku/disabled', null, 'e0477f13-5088-4b88-8833-c21bf5a4208b', 'permit', 0, null, null, to_date('24-04-2017 18:02:13', 'dd-mm-yyyy hh24:mi:ss'), null, to_date('24-04-2017 18:02:13', 'dd-mm-yyyy hh24:mi:ss'), null, null);
insert into SYS_RESOURCE (id, res_parent_id, is_active, res_index, res_name, res_code, res_auth_code, res_param, module_func_id, res_type, sort, res_icon, res_desc, create_datetime, create_by, last_modify_datetime, last_modify_by, child_count)
values ('ca3c1b7d-57b7-4d27-a27f-e198bf865ccd', 'df7bda90-86db-44fd-9faa-542b3596fd76', 1, '8c6eff45-9e0d-462b-bb44-56bd0f4c98d1.df7bda90-86db-44fd-9faa-542b3596fd76.ca3c1b7d-57b7-4d27-a27f-e198bf865ccd', '品类删除', '/core/sku/del_product', '/core/sku/del_product', null, 'e0477f13-5088-4b88-8833-c21bf5a4208b', 'permit', 0, null, null, to_date('24-04-2017 18:02:13', 'dd-mm-yyyy hh24:mi:ss'), null, to_date('24-04-2017 18:02:13', 'dd-mm-yyyy hh24:mi:ss'), null, null);
insert into SYS_RESOURCE (id, res_parent_id, is_active, res_index, res_name, res_code, res_auth_code, res_param, module_func_id, res_type, sort, res_icon, res_desc, create_datetime, create_by, last_modify_datetime, last_modify_by, child_count)
values ('5f3579da-dea2-479b-87fb-b413fc7b285d', 'df7bda90-86db-44fd-9faa-542b3596fd76', 1, '8c6eff45-9e0d-462b-bb44-56bd0f4c98d1.df7bda90-86db-44fd-9faa-542b3596fd76.5f3579da-dea2-479b-87fb-b413fc7b285d', '品类新增', '/core/sku/addorupdate_product', '/core/sku/addorupdate_product', null, 'e0477f13-5088-4b88-8833-c21bf5a4208b', 'permit', 0, null, null, to_date('24-04-2017 18:02:13', 'dd-mm-yyyy hh24:mi:ss'), null, to_date('24-04-2017 18:02:13', 'dd-mm-yyyy hh24:mi:ss'), null, null);
insert into SYS_RESOURCE (id, res_parent_id, is_active, res_index, res_name, res_code, res_auth_code, res_param, module_func_id, res_type, sort, res_icon, res_desc, create_datetime, create_by, last_modify_datetime, last_modify_by, child_count)
values ('df7bda90-86db-44fd-9faa-542b3596fd76', '8c6eff45-9e0d-462b-bb44-56bd0f4c98d1', 1, '8c6eff45-9e0d-462b-bb44-56bd0f4c98d1.df7bda90-86db-44fd-9faa-542b3596fd76', 'sku', '/core/sku/index_view', '/core/sku/index_view', null, 'e0477f13-5088-4b88-8833-c21bf5a4208b', 'menu', 4, null, null, to_date('24-04-2017 18:02:13', 'dd-mm-yyyy hh24:mi:ss'), null, to_date('24-04-2017 18:02:13', 'dd-mm-yyyy hh24:mi:ss'), null, 4);
insert into SYS_RESOURCE (id, res_parent_id, is_active, res_index, res_name, res_code, res_auth_code, res_param, module_func_id, res_type, sort, res_icon, res_desc, create_datetime, create_by, last_modify_datetime, last_modify_by, child_count)
values ('c099921e-9e11-40a7-b784-dd71e50ccb88', 'e96a3adb-c384-4317-88c9-8020dcc0b224', 1, '8c6eff45-9e0d-462b-bb44-56bd0f4c98d1.e96a3adb-c384-4317-88c9-8020dcc0b224.c099921e-9e11-40a7-b784-dd71e50ccb88', '新增修改', '/core/region/addorupdate', '/core/region/addorupdate', null, 'e43e176c-bf7e-42c0-9a4c-a0bf58e1df15', 'permit', 0, null, null, to_date('24-04-2017 18:02:28', 'dd-mm-yyyy hh24:mi:ss'), null, to_date('24-04-2017 18:02:29', 'dd-mm-yyyy hh24:mi:ss'), null, null);
insert into SYS_RESOURCE (id, res_parent_id, is_active, res_index, res_name, res_code, res_auth_code, res_param, module_func_id, res_type, sort, res_icon, res_desc, create_datetime, create_by, last_modify_datetime, last_modify_by, child_count)
values ('c08ad733-325b-4158-aab8-14b9f7dccb40', 'e96a3adb-c384-4317-88c9-8020dcc0b224', 1, '8c6eff45-9e0d-462b-bb44-56bd0f4c98d1.e96a3adb-c384-4317-88c9-8020dcc0b224.c08ad733-325b-4158-aab8-14b9f7dccb40', '分区新增', '/core/region/addorupdate_sub', '/core/region/addorupdate_sub', null, 'e43e176c-bf7e-42c0-9a4c-a0bf58e1df15', 'permit', 0, null, null, to_date('24-04-2017 18:02:28', 'dd-mm-yyyy hh24:mi:ss'), null, to_date('24-04-2017 18:02:29', 'dd-mm-yyyy hh24:mi:ss'), null, null);
insert into SYS_RESOURCE (id, res_parent_id, is_active, res_index, res_name, res_code, res_auth_code, res_param, module_func_id, res_type, sort, res_icon, res_desc, create_datetime, create_by, last_modify_datetime, last_modify_by, child_count)
values ('91e82edd-eb7f-49d2-b35b-7652806be47e', 'e96a3adb-c384-4317-88c9-8020dcc0b224', 1, '8c6eff45-9e0d-462b-bb44-56bd0f4c98d1.e96a3adb-c384-4317-88c9-8020dcc0b224.91e82edd-eb7f-49d2-b35b-7652806be47e', '锁', '/core/region/lock', '/core/region/lock', null, 'e43e176c-bf7e-42c0-9a4c-a0bf58e1df15', 'permit', 0, null, null, to_date('24-04-2017 18:02:28', 'dd-mm-yyyy hh24:mi:ss'), null, to_date('24-04-2017 18:02:29', 'dd-mm-yyyy hh24:mi:ss'), null, null);
insert into SYS_RESOURCE (id, res_parent_id, is_active, res_index, res_name, res_code, res_auth_code, res_param, module_func_id, res_type, sort, res_icon, res_desc, create_datetime, create_by, last_modify_datetime, last_modify_by, child_count)
values ('e96a3adb-c384-4317-88c9-8020dcc0b224', '8c6eff45-9e0d-462b-bb44-56bd0f4c98d1', 1, '8c6eff45-9e0d-462b-bb44-56bd0f4c98d1.e96a3adb-c384-4317-88c9-8020dcc0b224', '区', '/core/region/index_view', '/core/region/index_view', null, 'e43e176c-bf7e-42c0-9a4c-a0bf58e1df15', 'menu', 5, null, null, to_date('24-04-2017 18:02:28', 'dd-mm-yyyy hh24:mi:ss'), null, to_date('24-04-2017 18:02:29', 'dd-mm-yyyy hh24:mi:ss'), null, 3);
insert into SYS_RESOURCE (id, res_parent_id, is_active, res_index, res_name, res_code, res_auth_code, res_param, module_func_id, res_type, sort, res_icon, res_desc, create_datetime, create_by, last_modify_datetime, last_modify_by, child_count)
values ('a125b41b-eddc-42af-973d-14f998f9ecc6', '8c6eff45-9e0d-462b-bb44-56bd0f4c98d1', 1, '8c6eff45-9e0d-462b-bb44-56bd0f4c98d1.a125b41b-eddc-42af-973d-14f998f9ecc6', '库位到区', '/core/region/mappedtoregion_view', '/core/region/mappedtoregion_view', null, 'ed6390b6-f730-42fb-9b86-e292a547206e', 'menu', 6, null, null, to_date('24-04-2017 18:02:47', 'dd-mm-yyyy hh24:mi:ss'), null, to_date('24-04-2017 18:02:47', 'dd-mm-yyyy hh24:mi:ss'), null, 0);
insert into SYS_RESOURCE (id, res_parent_id, is_active, res_index, res_name, res_code, res_auth_code, res_param, module_func_id, res_type, sort, res_icon, res_desc, create_datetime, create_by, last_modify_datetime, last_modify_by, child_count)
values ('fea4b7f9-a6ae-428e-b5df-201657cfbdcb', '8c6eff45-9e0d-462b-bb44-56bd0f4c98d1', 1, '8c6eff45-9e0d-462b-bb44-56bd0f4c98d1.fea4b7f9-a6ae-428e-b5df-201657cfbdcb', '区到库', '/core/region/mappedtostorage_view', '/core/region/mappedtostorage_view', null, 'f091b390-ecba-4456-8865-0b0b93207305', 'menu', 7, null, null, to_date('24-04-2017 18:03:00', 'dd-mm-yyyy hh24:mi:ss'), null, to_date('24-04-2017 18:03:01', 'dd-mm-yyyy hh24:mi:ss'), null, 0);
insert into SYS_RESOURCE (id, res_parent_id, is_active, res_index, res_name, res_code, res_auth_code, res_param, module_func_id, res_type, sort, res_icon, res_desc, create_datetime, create_by, last_modify_datetime, last_modify_by, child_count)
values ('c04d7a8a-e928-45f3-9df4-504abdd754af', 'eb878e8f-593c-4c77-9e99-ce7abc5dbcea', 1, '8c6eff45-9e0d-462b-bb44-56bd0f4c98d1.eb878e8f-593c-4c77-9e99-ce7abc5dbcea.c04d7a8a-e928-45f3-9df4-504abdd754af', '新增', '/core/sku/addorupdate_skucategory_view', '/core/sku/addorupdate_skucategory_view', null, 'fca526d0-7967-477c-9c87-2b520b2511c2', 'permit', 0, null, null, to_date('24-04-2017 18:03:13', 'dd-mm-yyyy hh24:mi:ss'), null, to_date('24-04-2017 18:03:14', 'dd-mm-yyyy hh24:mi:ss'), null, null);
insert into SYS_RESOURCE (id, res_parent_id, is_active, res_index, res_name, res_code, res_auth_code, res_param, module_func_id, res_type, sort, res_icon, res_desc, create_datetime, create_by, last_modify_datetime, last_modify_by, child_count)
values ('eb878e8f-593c-4c77-9e99-ce7abc5dbcea', '8c6eff45-9e0d-462b-bb44-56bd0f4c98d1', 1, '8c6eff45-9e0d-462b-bb44-56bd0f4c98d1.eb878e8f-593c-4c77-9e99-ce7abc5dbcea', '品类', '/core/sku/skucategory_view', '/core/sku/skucategory_view', null, 'fca526d0-7967-477c-9c87-2b520b2511c2', 'menu', 8, null, null, to_date('24-04-2017 18:03:13', 'dd-mm-yyyy hh24:mi:ss'), null, to_date('24-04-2017 18:03:14', 'dd-mm-yyyy hh24:mi:ss'), null, 1);
insert into SYS_RESOURCE (id, res_parent_id, is_active, res_index, res_name, res_code, res_auth_code, res_param, module_func_id, res_type, sort, res_icon, res_desc, create_datetime, create_by, last_modify_datetime, last_modify_by, child_count)
values ('6440bd27-6b36-497e-9e02-a9424a1cd774', '9fc794b9-8553-4d21-8ce1-6cf15aad85b8', 1, '9fc794b9-8553-4d21-8ce1-6cf15aad85b8.6440bd27-6b36-497e-9e02-a9424a1cd774', '拆盘', '/efcs_business/palletSplit/index_view', '/efcs_business/palletSplit/index_view', null, 'a50069d4-5924-439b-804f-082445d3d915', 'menu', 2, null, null, to_date('24-04-2017 18:29:10', 'dd-mm-yyyy hh24:mi:ss'), null, to_date('24-04-2017 18:29:10', 'dd-mm-yyyy hh24:mi:ss'), null, 0);
insert into SYS_RESOURCE (id, res_parent_id, is_active, res_index, res_name, res_code, res_auth_code, res_param, module_func_id, res_type, sort, res_icon, res_desc, create_datetime, create_by, last_modify_datetime, last_modify_by, child_count)
values ('c528df0e-198c-4e2b-afed-d2378d630146', null, 1, 'c528df0e-198c-4e2b-afed-d2378d630146', '仪表盘', '   ', '   ', null, null, 'menu', 100, null, null, null, null, to_date('27-04-2017 15:38:08', 'dd-mm-yyyy hh24:mi:ss'), null, 0);
insert into SYS_RESOURCE (id, res_parent_id, is_active, res_index, res_name, res_code, res_auth_code, res_param, module_func_id, res_type, sort, res_icon, res_desc, create_datetime, create_by, last_modify_datetime, last_modify_by, child_count)
values ('40dbc283-c775-4245-983d-3308eb2b9c88', 'c528df0e-198c-4e2b-afed-d2378d630146', 1, 'c528df0e-198c-4e2b-afed-d2378d630146.40dbc283-c775-4245-983d-3308eb2b9c88', '生产仪表盘', '/efcs_dashboard/production/index_view', '/efcs_dashboard/production/index_view', null, 'b21347e7-c37c-4fe2-a481-0618cb58ecd1', 'menu', 1, null, null, to_date('24-04-2017 18:29:46', 'dd-mm-yyyy hh24:mi:ss'), null, to_date('24-04-2017 18:29:47', 'dd-mm-yyyy hh24:mi:ss'), null, 0);
insert into SYS_RESOURCE (id, res_parent_id, is_active, res_index, res_name, res_code, res_auth_code, res_param, module_func_id, res_type, sort, res_icon, res_desc, create_datetime, create_by, last_modify_datetime, last_modify_by, child_count)
values ('25ab7b0e-fe15-430d-b21f-63ecc6141e51', null, 1, '25ab7b0e-fe15-430d-b21f-63ecc6141e51', '设备管理', '  ', '  ', null, null, 'menu', 500, null, null, null, null, to_date('27-04-2017 15:37:46', 'dd-mm-yyyy hh24:mi:ss'), null, 0);
insert into SYS_RESOURCE (id, res_parent_id, is_active, res_index, res_name, res_code, res_auth_code, res_param, module_func_id, res_type, sort, res_icon, res_desc, create_datetime, create_by, last_modify_datetime, last_modify_by, child_count)
values ('71d2a7e9-4686-43c9-a73a-2bc6e934c75c', 'dbfe9ea6-605b-44a5-9cdb-9dfc15505f54', 1, '8c6eff45-9e0d-462b-bb44-56bd0f4c98d1.dbfe9ea6-605b-44a5-9cdb-9dfc15505f54.71d2a7e9-4686-43c9-a73a-2bc6e934c75c', '新增', '/core/warehouse/addorupdate', '/core/warehouse/addorupdate', null, '5eece1f4-0077-4ce9-ae8a-f46b66ec20cd', 'permit', 0, null, null, to_date('27-04-2017 16:22:18', 'dd-mm-yyyy hh24:mi:ss'), null, to_date('27-04-2017 16:22:18', 'dd-mm-yyyy hh24:mi:ss'), null, null);
insert into SYS_RESOURCE (id, res_parent_id, is_active, res_index, res_name, res_code, res_auth_code, res_param, module_func_id, res_type, sort, res_icon, res_desc, create_datetime, create_by, last_modify_datetime, last_modify_by, child_count)
values ('4297894d-cc72-432e-8ddb-288c2d1cc2dc', 'dbfe9ea6-605b-44a5-9cdb-9dfc15505f54', 1, '8c6eff45-9e0d-462b-bb44-56bd0f4c98d1.dbfe9ea6-605b-44a5-9cdb-9dfc15505f54.4297894d-cc72-432e-8ddb-288c2d1cc2dc', '锁', '/core/warehouse/lock', '/core/warehouse/lock', null, '5eece1f4-0077-4ce9-ae8a-f46b66ec20cd', 'permit', 0, null, null, to_date('27-04-2017 16:22:18', 'dd-mm-yyyy hh24:mi:ss'), null, to_date('27-04-2017 16:22:18', 'dd-mm-yyyy hh24:mi:ss'), null, null);
insert into SYS_RESOURCE (id, res_parent_id, is_active, res_index, res_name, res_code, res_auth_code, res_param, module_func_id, res_type, sort, res_icon, res_desc, create_datetime, create_by, last_modify_datetime, last_modify_by, child_count)
values ('5f1a240f-4ec5-4b5e-b720-96fb79a8e84d', 'dbfe9ea6-605b-44a5-9cdb-9dfc15505f54', 1, '8c6eff45-9e0d-462b-bb44-56bd0f4c98d1.dbfe9ea6-605b-44a5-9cdb-9dfc15505f54.5f1a240f-4ec5-4b5e-b720-96fb79a8e84d', '禁用启用', '/core/warehouse/disabled', '/core/warehouse/disabled', null, '5eece1f4-0077-4ce9-ae8a-f46b66ec20cd', 'permit', 0, null, null, to_date('27-04-2017 16:22:18', 'dd-mm-yyyy hh24:mi:ss'), null, to_date('27-04-2017 16:22:18', 'dd-mm-yyyy hh24:mi:ss'), null, null);
insert into SYS_RESOURCE (id, res_parent_id, is_active, res_index, res_name, res_code, res_auth_code, res_param, module_func_id, res_type, sort, res_icon, res_desc, create_datetime, create_by, last_modify_datetime, last_modify_by, child_count)
values ('4a2f569e-0b27-4099-af4c-b532bce2076f', null, 0, '4a2f569e-0b27-4099-af4c-b532bce2076f', '属性要求管理', '/dict/dictionary/requirement_detail_view', '/dict/dictionary/requirement_detail_view', 'typeId=41be792f-b6b1-43d4-b27d-1890b4aaab6e&level=userDefine', '3dfc26df-4c4f-405f-88f3-c75ea6daf37d', 'menu', 30, null, null, to_date('27-04-2017 16:45:07', 'dd-mm-yyyy hh24:mi:ss'), null, to_date('27-04-2017 16:45:07', 'dd-mm-yyyy hh24:mi:ss'), null, 0);
insert into SYS_RESOURCE (id, res_parent_id, is_active, res_index, res_name, res_code, res_auth_code, res_param, module_func_id, res_type, sort, res_icon, res_desc, create_datetime, create_by, last_modify_datetime, last_modify_by, child_count)
values ('bf638086-c0d4-4954-b81f-ec5c6a723188', '25ab7b0e-fe15-430d-b21f-63ecc6141e51', 1, '25ab7b0e-fe15-430d-b21f-63ecc6141e51.bf638086-c0d4-4954-b81f-ec5c6a723188', '设备管理', '/efcs_equipment/manage/index_view', '/efcs_equipment/manage/index_view', null, 'ceb9fd4a-1803-4391-a128-b79d81e80020', 'menu', 1, null, null, to_date('24-04-2017 18:30:16', 'dd-mm-yyyy hh24:mi:ss'), null, to_date('24-04-2017 18:30:16', 'dd-mm-yyyy hh24:mi:ss'), null, 0);
insert into SYS_RESOURCE (id, res_parent_id, is_active, res_index, res_name, res_code, res_auth_code, res_param, module_func_id, res_type, sort, res_icon, res_desc, create_datetime, create_by, last_modify_datetime, last_modify_by, child_count)
values ('7efbfd8d-1c19-4d98-811f-2a4dd3cf2961', null, 1, '7efbfd8d-1c19-4d98-811f-2a4dd3cf2961', '统计分析', '   ', '   ', null, null, 'menu', 400, null, null, null, null, to_date('27-04-2017 15:38:16', 'dd-mm-yyyy hh24:mi:ss'), null, 0);
insert into SYS_RESOURCE (id, res_parent_id, is_active, res_index, res_name, res_code, res_auth_code, res_param, module_func_id, res_type, sort, res_icon, res_desc, create_datetime, create_by, last_modify_datetime, last_modify_by, child_count)
values ('1531a9d9-8631-4d3b-817c-5c64b422bbf9', '7efbfd8d-1c19-4d98-811f-2a4dd3cf2961', 1, '7efbfd8d-1c19-4d98-811f-2a4dd3cf2961.1531a9d9-8631-4d3b-817c-5c64b422bbf9', '托盘查询', '/efcs_report/pallet/index_view', '/efcs_report/pallet/index_view', null, '5a6752a4-d33d-4781-af75-79995ce1db46', 'menu', 1, null, null, to_date('24-04-2017 18:30:48', 'dd-mm-yyyy hh24:mi:ss'), null, to_date('24-04-2017 18:30:48', 'dd-mm-yyyy hh24:mi:ss'), null, 0);
insert into SYS_RESOURCE (id, res_parent_id, is_active, res_index, res_name, res_code, res_auth_code, res_param, module_func_id, res_type, sort, res_icon, res_desc, create_datetime, create_by, last_modify_datetime, last_modify_by, child_count)
values ('87a91bcc-6603-4f12-99bc-b2575dff4ef8', null, 0, '87a91bcc-6603-4f12-99bc-b2575dff4ef8', '库位详情', '/efcs_report/storeDetail/index_view', '/efcs_report/storeDetail/index_view', null, 'b5594067-e561-4de0-bd7a-83b15d3f2a53', 'menu', 2, null, null, to_date('24-04-2017 18:30:58', 'dd-mm-yyyy hh24:mi:ss'), null, to_date('24-04-2017 18:30:58', 'dd-mm-yyyy hh24:mi:ss'), null, 0);
insert into SYS_RESOURCE (id, res_parent_id, is_active, res_index, res_name, res_code, res_auth_code, res_param, module_func_id, res_type, sort, res_icon, res_desc, create_datetime, create_by, last_modify_datetime, last_modify_by, child_count)
values ('3105574f-1e6d-4198-8cd7-66deef8beca2', '7efbfd8d-1c19-4d98-811f-2a4dd3cf2961', 1, '7efbfd8d-1c19-4d98-811f-2a4dd3cf2961.3105574f-1e6d-4198-8cd7-66deef8beca2', '库位详情', '/efcs_report/storeDetail/index_view', '/efcs_report/storeDetail/index_view', null, 'b5594067-e561-4de0-bd7a-83b15d3f2a53', 'menu', 2, null, null, to_date('24-04-2017 18:31:44', 'dd-mm-yyyy hh24:mi:ss'), null, to_date('24-04-2017 18:31:44', 'dd-mm-yyyy hh24:mi:ss'), null, 0);
insert into SYS_RESOURCE (id, res_parent_id, is_active, res_index, res_name, res_code, res_auth_code, res_param, module_func_id, res_type, sort, res_icon, res_desc, create_datetime, create_by, last_modify_datetime, last_modify_by, child_count)
values ('070c5954-cba2-44c0-b68a-5ae4f62cdcb4', '7efbfd8d-1c19-4d98-811f-2a4dd3cf2961', 1, '7efbfd8d-1c19-4d98-811f-2a4dd3cf2961.070c5954-cba2-44c0-b68a-5ae4f62cdcb4', '电池查询', '/efcs_report/battery/index_view', '/efcs_report/battery/index_view', null, 'ab335a34-0378-4e16-a6b2-b3070c61a7a7', 'menu', 3, null, null, to_date('24-04-2017 18:31:56', 'dd-mm-yyyy hh24:mi:ss'), null, to_date('24-04-2017 18:31:57', 'dd-mm-yyyy hh24:mi:ss'), null, 0);
insert into SYS_RESOURCE (id, res_parent_id, is_active, res_index, res_name, res_code, res_auth_code, res_param, module_func_id, res_type, sort, res_icon, res_desc, create_datetime, create_by, last_modify_datetime, last_modify_by, child_count)
values ('c51865b8-1b3f-46b0-9e06-261efbf321e5', '7efbfd8d-1c19-4d98-811f-2a4dd3cf2961', 1, '7efbfd8d-1c19-4d98-811f-2a4dd3cf2961.c51865b8-1b3f-46b0-9e06-261efbf321e5', '库位查询', '/efcs_report/storeQuery/index_view', '/efcs_report/storeQuery/index_view', null, 'da1bcad4-fb0c-4e1f-a41d-9135774b0cef', 'menu', 4, null, null, to_date('24-04-2017 18:32:08', 'dd-mm-yyyy hh24:mi:ss'), null, to_date('24-04-2017 18:32:08', 'dd-mm-yyyy hh24:mi:ss'), null, 0);
insert into SYS_RESOURCE (id, res_parent_id, is_active, res_index, res_name, res_code, res_auth_code, res_param, module_func_id, res_type, sort, res_icon, res_desc, create_datetime, create_by, last_modify_datetime, last_modify_by, child_count)
values ('abf9f5e0-3968-43f5-9ca1-af8d941f0a0a', 'dbfe9ea6-605b-44a5-9cdb-9dfc15505f54', 0, '8c6eff45-9e0d-462b-bb44-56bd0f4c98d1.dbfe9ea6-605b-44a5-9cdb-9dfc15505f54.abf9f5e0-3968-43f5-9ca1-af8d941f0a0a', '新增', '/core/warehouse/addorupdate', '/core/warehouse/addorupdate', null, '5eece1f4-0077-4ce9-ae8a-f46b66ec20cd', 'permit', 0, null, null, to_date('27-04-2017 00:07:57', 'dd-mm-yyyy hh24:mi:ss'), null, to_date('27-04-2017 00:07:58', 'dd-mm-yyyy hh24:mi:ss'), null, null);
insert into SYS_RESOURCE (id, res_parent_id, is_active, res_index, res_name, res_code, res_auth_code, res_param, module_func_id, res_type, sort, res_icon, res_desc, create_datetime, create_by, last_modify_datetime, last_modify_by, child_count)
values ('c711fdd9-fea0-437e-9c11-e856df73784b', 'dbfe9ea6-605b-44a5-9cdb-9dfc15505f54', 0, '8c6eff45-9e0d-462b-bb44-56bd0f4c98d1.dbfe9ea6-605b-44a5-9cdb-9dfc15505f54.c711fdd9-fea0-437e-9c11-e856df73784b', '锁', '/core/warehouse/lock', '/core/warehouse/lock', null, '5eece1f4-0077-4ce9-ae8a-f46b66ec20cd', 'permit', 0, null, null, to_date('27-04-2017 00:07:57', 'dd-mm-yyyy hh24:mi:ss'), null, to_date('27-04-2017 00:07:58', 'dd-mm-yyyy hh24:mi:ss'), null, null);
insert into SYS_RESOURCE (id, res_parent_id, is_active, res_index, res_name, res_code, res_auth_code, res_param, module_func_id, res_type, sort, res_icon, res_desc, create_datetime, create_by, last_modify_datetime, last_modify_by, child_count)
values ('426b318c-4290-491a-9a1d-1fb1180c73be', 'dbfe9ea6-605b-44a5-9cdb-9dfc15505f54', 0, '8c6eff45-9e0d-462b-bb44-56bd0f4c98d1.dbfe9ea6-605b-44a5-9cdb-9dfc15505f54.426b318c-4290-491a-9a1d-1fb1180c73be', '禁用启用', '/core/warehouse/disabled', '/core/warehouse/disabled', null, '5eece1f4-0077-4ce9-ae8a-f46b66ec20cd', 'permit', 0, null, null, to_date('27-04-2017 00:07:57', 'dd-mm-yyyy hh24:mi:ss'), null, to_date('27-04-2017 00:07:58', 'dd-mm-yyyy hh24:mi:ss'), null, null);
insert into SYS_RESOURCE (id, res_parent_id, is_active, res_index, res_name, res_code, res_auth_code, res_param, module_func_id, res_type, sort, res_icon, res_desc, create_datetime, create_by, last_modify_datetime, last_modify_by, child_count)
values ('e8240669-9008-4bf0-9869-edc7d84cc428', '8c6eff45-9e0d-462b-bb44-56bd0f4c98d1', 1, '8c6eff45-9e0d-462b-bb44-56bd0f4c98d1.e8240669-9008-4bf0-9869-edc7d84cc428', '排管理', '/core/warehouserow/index_view', '/core/warehouserow/index_view', null, '0bb51a11-ff2a-44e2-a1a2-22224070eeec', 'menu', 1, null, null, to_date('24-04-2017 18:25:46', 'dd-mm-yyyy hh24:mi:ss'), null, to_date('24-04-2017 18:25:46', 'dd-mm-yyyy hh24:mi:ss'), null, 0);
insert into SYS_RESOURCE (id, res_parent_id, is_active, res_index, res_name, res_code, res_auth_code, res_param, module_func_id, res_type, sort, res_icon, res_desc, create_datetime, create_by, last_modify_datetime, last_modify_by, child_count)
values ('bde194b2-44ce-4864-8b2a-0baacf98a92b', '8c6eff45-9e0d-462b-bb44-56bd0f4c98d1', 1, '8c6eff45-9e0d-462b-bb44-56bd0f4c98d1.bde194b2-44ce-4864-8b2a-0baacf98a92b', '容器管理', '/core/container/index_view', '/core/container/index_view', null, '234beba7-a386-4ac3-9b9b-e1cc585f0922', 'menu', 2, null, null, to_date('24-04-2017 18:25:59', 'dd-mm-yyyy hh24:mi:ss'), null, to_date('24-04-2017 18:25:59', 'dd-mm-yyyy hh24:mi:ss'), null, 0);
insert into SYS_RESOURCE (id, res_parent_id, is_active, res_index, res_name, res_code, res_auth_code, res_param, module_func_id, res_type, sort, res_icon, res_desc, create_datetime, create_by, last_modify_datetime, last_modify_by, child_count)
values ('30db9b66-475a-4038-a63f-cb44ed4dd130', '8c6eff45-9e0d-462b-bb44-56bd0f4c98d1', 1, '8c6eff45-9e0d-462b-bb44-56bd0f4c98d1.30db9b66-475a-4038-a63f-cb44ed4dd130', '容器类型', '/core/containerType/index_view', '/core/containerType/index_view', null, '7adb7d9a-8468-4e4f-a38f-c07962e8c99c', 'menu', 3, null, null, to_date('24-04-2017 18:26:07', 'dd-mm-yyyy hh24:mi:ss'), null, to_date('24-04-2017 18:26:07', 'dd-mm-yyyy hh24:mi:ss'), null, 0);
insert into SYS_RESOURCE (id, res_parent_id, is_active, res_index, res_name, res_code, res_auth_code, res_param, module_func_id, res_type, sort, res_icon, res_desc, create_datetime, create_by, last_modify_datetime, last_modify_by, child_count)
values ('38c084ac-f039-40f6-a5bf-2da5ac818418', null, 0, '38c084ac-f039-40f6-a5bf-2da5ac818418', '异常信息', '/efcs_alarm/errorInfo/index_view', '/efcs_alarm/errorInfo/index_view', null, 'd79e1184-7187-4658-b2af-017c73c64c65', 'menu', 1, null, null, to_date('24-04-2017 18:26:46', 'dd-mm-yyyy hh24:mi:ss'), null, to_date('24-04-2017 18:26:46', 'dd-mm-yyyy hh24:mi:ss'), null, 0);
insert into SYS_RESOURCE (id, res_parent_id, is_active, res_index, res_name, res_code, res_auth_code, res_param, module_func_id, res_type, sort, res_icon, res_desc, create_datetime, create_by, last_modify_datetime, last_modify_by, child_count)
values ('bcfc16f6-7f3e-4095-854b-7957120ab12e', null, 1, 'bcfc16f6-7f3e-4095-854b-7957120ab12e', '警告', '   ', '   ', null, null, 'menu', 200, null, null, null, null, to_date('27-04-2017 15:37:53', 'dd-mm-yyyy hh24:mi:ss'), null, 0);
insert into SYS_RESOURCE (id, res_parent_id, is_active, res_index, res_name, res_code, res_auth_code, res_param, module_func_id, res_type, sort, res_icon, res_desc, create_datetime, create_by, last_modify_datetime, last_modify_by, child_count)
values ('862f15d3-4d92-4636-94c2-ab286165d251', 'bcfc16f6-7f3e-4095-854b-7957120ab12e', 1, 'bcfc16f6-7f3e-4095-854b-7957120ab12e.862f15d3-4d92-4636-94c2-ab286165d251', '异常信息', '/efcs_alarm/errorInfo/index_view', '/efcs_alarm/errorInfo/index_view', null, 'd79e1184-7187-4658-b2af-017c73c64c65', 'menu', 30, null, null, null, null, to_date('27-04-2017 15:50:36', 'dd-mm-yyyy hh24:mi:ss'), null, 0);
insert into SYS_RESOURCE (id, res_parent_id, is_active, res_index, res_name, res_code, res_auth_code, res_param, module_func_id, res_type, sort, res_icon, res_desc, create_datetime, create_by, last_modify_datetime, last_modify_by, child_count)
values ('32fd71d7-9805-4881-9cfd-09a6a758f956', 'bcfc16f6-7f3e-4095-854b-7957120ab12e', 1, 'bcfc16f6-7f3e-4095-854b-7957120ab12e.32fd71d7-9805-4881-9cfd-09a6a758f956', '火警信息', '/efcs_alarm/fireInfo/index_view', '/efcs_alarm/fireInfo/index_view', null, 'bf108457-5e77-43fc-bf28-26d85f1044c0', 'menu', 10, null, null, null, null, to_date('27-04-2017 15:50:17', 'dd-mm-yyyy hh24:mi:ss'), null, 0);
insert into SYS_RESOURCE (id, res_parent_id, is_active, res_index, res_name, res_code, res_auth_code, res_param, module_func_id, res_type, sort, res_icon, res_desc, create_datetime, create_by, last_modify_datetime, last_modify_by, child_count)
values ('c5af0e85-6557-443a-b935-d9c5b90c2248', 'bcfc16f6-7f3e-4095-854b-7957120ab12e', 1, 'bcfc16f6-7f3e-4095-854b-7957120ab12e.c5af0e85-6557-443a-b935-d9c5b90c2248', '库位温度', '/efcs_alarm/temperature/index_view', '/efcs_alarm/temperature/index_view', null, '639972a5-d97f-4624-bfb1-720acfc328b6', 'menu', 20, null, null, null, null, to_date('27-04-2017 15:50:26', 'dd-mm-yyyy hh24:mi:ss'), null, 0);
insert into SYS_RESOURCE (id, res_parent_id, is_active, res_index, res_name, res_code, res_auth_code, res_param, module_func_id, res_type, sort, res_icon, res_desc, create_datetime, create_by, last_modify_datetime, last_modify_by, child_count)
values ('9fc794b9-8553-4d21-8ce1-6cf15aad85b8', null, 1, '9fc794b9-8553-4d21-8ce1-6cf15aad85b8', '业务模块', '   ', '   ', null, null, 'menu', 300, null, null, null, null, to_date('27-04-2017 15:38:00', 'dd-mm-yyyy hh24:mi:ss'), null, 0);
insert into SYS_RESOURCE (id, res_parent_id, is_active, res_index, res_name, res_code, res_auth_code, res_param, module_func_id, res_type, sort, res_icon, res_desc, create_datetime, create_by, last_modify_datetime, last_modify_by, child_count)
values ('9a608df1-6042-4469-914e-b88b4e7b953b', '9fc794b9-8553-4d21-8ce1-6cf15aad85b8', 1, '9fc794b9-8553-4d21-8ce1-6cf15aad85b8.9a608df1-6042-4469-914e-b88b4e7b953b', '组盘', '/efcs_business/palletize/index_view', '/efcs_business/palletize/index_view', null, 'c692d754-8ff4-4a47-875d-91944ca2c2e8', 'menu', 1, null, null, to_date('24-04-2017 18:28:38', 'dd-mm-yyyy hh24:mi:ss'), null, to_date('24-04-2017 18:28:58', 'dd-mm-yyyy hh24:mi:ss'), null, 0);
insert into SYS_RESOURCE (id, res_parent_id, is_active, res_index, res_name, res_code, res_auth_code, res_param, module_func_id, res_type, sort, res_icon, res_desc, create_datetime, create_by, last_modify_datetime, last_modify_by, child_count)
values ('8c62d85b-94ba-4578-8905-2883eeb4e4bc', '9a608df1-6042-4469-914e-b88b4e7b953b', 0, '9fc794b9-8553-4d21-8ce1-6cf15aad85b8.9a608df1-6042-4469-914e-b88b4e7b953b.8c62d85b-94ba-4578-8905-2883eeb4e4bc', '拆盘', '/efcs_business/palletSplit/index_view', '/efcs_business/palletSplit/index_view', null, 'a50069d4-5924-439b-804f-082445d3d915', 'menu', 2, null, null, to_date('24-04-2017 18:28:53', 'dd-mm-yyyy hh24:mi:ss'), null, to_date('24-04-2017 18:28:53', 'dd-mm-yyyy hh24:mi:ss'), null, 0);
insert into SYS_RESOURCE (id, res_parent_id, is_active, res_index, res_name, res_code, res_auth_code, res_param, module_func_id, res_type, sort, res_icon, res_desc, create_datetime, create_by, last_modify_datetime, last_modify_by, child_count)
values ('1bda0b1a-24be-482b-81db-a3eebfc66bc2', null, 1, '1bda0b1a-24be-482b-81db-a3eebfc66bc2', '数据字典', ' ', ' ', null, null, 'menu', 900, null, null, to_date('27-04-2017 16:08:09', 'dd-mm-yyyy hh24:mi:ss'), null, to_date('27-04-2017 16:09:50', 'dd-mm-yyyy hh24:mi:ss'), null, 1);
commit;
-- prompt 77 records loaded
-- prompt Loading SYS_ROLE...
insert into SYS_ROLE (id, is_active, role_name, role_code, role_desc, sort, create_datetime, create_by, last_modify_datetime, last_modify_by)
values ('8776918a-7a58-49c8-b4f3-0dc50e520faa', 1, '管理员', 'admi', '管理员', 0, null, null, null, null);
commit;
-- prompt 1 records loaded
-- prompt Loading SYS_REL_ROLE_MENU...
insert into SYS_REL_ROLE_MENU (id, res_id, role_id, is_active, create_datetime, create_by, last_modify_datetime, last_modify_by)
values ('3e2b3b69-17f8-4717-94aa-9a77d5583f5f', '1bda0b1a-24be-482b-81db-a3eebfc66bc2', '8776918a-7a58-49c8-b4f3-0dc50e520faa', 1, to_date('27-04-2017 16:46:02', 'dd-mm-yyyy hh24:mi:ss'), null, to_date('27-04-2017 16:46:02', 'dd-mm-yyyy hh24:mi:ss'), null);
insert into SYS_REL_ROLE_MENU (id, res_id, role_id, is_active, create_datetime, create_by, last_modify_datetime, last_modify_by)
values ('86dca40e-a329-4569-93b0-b8f83d699793', '6668a8b7-166c-49bc-8d13-f84eded49b49', '8776918a-7a58-49c8-b4f3-0dc50e520faa', 1, to_date('27-04-2017 16:46:02', 'dd-mm-yyyy hh24:mi:ss'), null, to_date('27-04-2017 16:46:02', 'dd-mm-yyyy hh24:mi:ss'), null);
insert into SYS_REL_ROLE_MENU (id, res_id, role_id, is_active, create_datetime, create_by, last_modify_datetime, last_modify_by)
values ('44143a10-0e2a-4576-88f6-cf051c682253', 'bcfc16f6-7f3e-4095-854b-7957120ab12e', '8776918a-7a58-49c8-b4f3-0dc50e520faa', 1, to_date('27-04-2017 16:46:02', 'dd-mm-yyyy hh24:mi:ss'), null, to_date('27-04-2017 16:46:02', 'dd-mm-yyyy hh24:mi:ss'), null);
insert into SYS_REL_ROLE_MENU (id, res_id, role_id, is_active, create_datetime, create_by, last_modify_datetime, last_modify_by)
values ('9999e730-fb51-4c36-ba55-e3a93c27c64e', '32fd71d7-9805-4881-9cfd-09a6a758f956', '8776918a-7a58-49c8-b4f3-0dc50e520faa', 1, to_date('27-04-2017 16:46:02', 'dd-mm-yyyy hh24:mi:ss'), null, to_date('27-04-2017 16:46:02', 'dd-mm-yyyy hh24:mi:ss'), null);
insert into SYS_REL_ROLE_MENU (id, res_id, role_id, is_active, create_datetime, create_by, last_modify_datetime, last_modify_by)
values ('e08f7dfb-68f3-416d-9624-a6d473faeb61', 'c5af0e85-6557-443a-b935-d9c5b90c2248', '8776918a-7a58-49c8-b4f3-0dc50e520faa', 1, to_date('27-04-2017 16:46:02', 'dd-mm-yyyy hh24:mi:ss'), null, to_date('27-04-2017 16:46:02', 'dd-mm-yyyy hh24:mi:ss'), null);
insert into SYS_REL_ROLE_MENU (id, res_id, role_id, is_active, create_datetime, create_by, last_modify_datetime, last_modify_by)
values ('3ff8b713-40bd-4dbf-abd1-46cd6d65eac4', '862f15d3-4d92-4636-94c2-ab286165d251', '8776918a-7a58-49c8-b4f3-0dc50e520faa', 1, to_date('27-04-2017 16:46:02', 'dd-mm-yyyy hh24:mi:ss'), null, to_date('27-04-2017 16:46:02', 'dd-mm-yyyy hh24:mi:ss'), null);
insert into SYS_REL_ROLE_MENU (id, res_id, role_id, is_active, create_datetime, create_by, last_modify_datetime, last_modify_by)
values ('16c900cd-c6cc-4421-8f34-954bb1840b12', '25ab7b0e-fe15-430d-b21f-63ecc6141e51', '8776918a-7a58-49c8-b4f3-0dc50e520faa', 1, to_date('27-04-2017 16:46:02', 'dd-mm-yyyy hh24:mi:ss'), null, to_date('27-04-2017 16:46:02', 'dd-mm-yyyy hh24:mi:ss'), null);
insert into SYS_REL_ROLE_MENU (id, res_id, role_id, is_active, create_datetime, create_by, last_modify_datetime, last_modify_by)
values ('e0cd59b7-1bfe-4a93-a4f2-82939a3ac849', 'bf638086-c0d4-4954-b81f-ec5c6a723188', '8776918a-7a58-49c8-b4f3-0dc50e520faa', 1, to_date('27-04-2017 16:46:02', 'dd-mm-yyyy hh24:mi:ss'), null, to_date('27-04-2017 16:46:02', 'dd-mm-yyyy hh24:mi:ss'), null);
insert into SYS_REL_ROLE_MENU (id, res_id, role_id, is_active, create_datetime, create_by, last_modify_datetime, last_modify_by)
values ('542429a8-288a-4f79-bdff-b298050f9154', 'a5b0dfc8-c588-4f9e-93e8-ec89b2724758', '8776918a-7a58-49c8-b4f3-0dc50e520faa', 1, to_date('27-04-2017 16:46:02', 'dd-mm-yyyy hh24:mi:ss'), null, to_date('27-04-2017 16:46:02', 'dd-mm-yyyy hh24:mi:ss'), null);
insert into SYS_REL_ROLE_MENU (id, res_id, role_id, is_active, create_datetime, create_by, last_modify_datetime, last_modify_by)
values ('072acebf-76be-4f1b-bbd5-a54d0dfeedc8', '80c3917d-1fae-4436-846c-ca4c53282803', '8776918a-7a58-49c8-b4f3-0dc50e520faa', 1, to_date('27-04-2017 16:46:03', 'dd-mm-yyyy hh24:mi:ss'), null, to_date('27-04-2017 16:46:03', 'dd-mm-yyyy hh24:mi:ss'), null);
insert into SYS_REL_ROLE_MENU (id, res_id, role_id, is_active, create_datetime, create_by, last_modify_datetime, last_modify_by)
values ('cd776ebe-dba6-45f2-a443-be0a0fedcbcb', 'ca66a237-6563-4c13-83e8-02e5c814e367', '8776918a-7a58-49c8-b4f3-0dc50e520faa', 1, to_date('27-04-2017 16:46:03', 'dd-mm-yyyy hh24:mi:ss'), null, to_date('27-04-2017 16:46:03', 'dd-mm-yyyy hh24:mi:ss'), null);
insert into SYS_REL_ROLE_MENU (id, res_id, role_id, is_active, create_datetime, create_by, last_modify_datetime, last_modify_by)
values ('43e5552e-dd55-43cf-8a80-93caa32292aa', 'e8240669-9008-4bf0-9869-edc7d84cc428', '8776918a-7a58-49c8-b4f3-0dc50e520faa', 1, to_date('27-04-2017 16:46:03', 'dd-mm-yyyy hh24:mi:ss'), null, to_date('27-04-2017 16:46:03', 'dd-mm-yyyy hh24:mi:ss'), null);
insert into SYS_REL_ROLE_MENU (id, res_id, role_id, is_active, create_datetime, create_by, last_modify_datetime, last_modify_by)
values ('a0ac5704-5949-4bc7-ae28-839081c7ee95', 'bde194b2-44ce-4864-8b2a-0baacf98a92b', '8776918a-7a58-49c8-b4f3-0dc50e520faa', 1, to_date('27-04-2017 16:46:03', 'dd-mm-yyyy hh24:mi:ss'), null, to_date('27-04-2017 16:46:03', 'dd-mm-yyyy hh24:mi:ss'), null);
insert into SYS_REL_ROLE_MENU (id, res_id, role_id, is_active, create_datetime, create_by, last_modify_datetime, last_modify_by)
values ('7f7fb288-b9e8-45ae-ab80-a4418752a39c', 'f3f32ec0-901c-452e-b25b-56157990fb7a', '8776918a-7a58-49c8-b4f3-0dc50e520faa', 1, to_date('27-04-2017 16:46:03', 'dd-mm-yyyy hh24:mi:ss'), null, to_date('27-04-2017 16:46:03', 'dd-mm-yyyy hh24:mi:ss'), null);
insert into SYS_REL_ROLE_MENU (id, res_id, role_id, is_active, create_datetime, create_by, last_modify_datetime, last_modify_by)
values ('a6d2bb60-9aba-4bbe-8104-6d3bdb36d13a', 'b3086a77-5ec6-49d0-afc4-b80c9139192f', '8776918a-7a58-49c8-b4f3-0dc50e520faa', 1, to_date('27-04-2017 16:46:03', 'dd-mm-yyyy hh24:mi:ss'), null, to_date('27-04-2017 16:46:03', 'dd-mm-yyyy hh24:mi:ss'), null);
insert into SYS_REL_ROLE_MENU (id, res_id, role_id, is_active, create_datetime, create_by, last_modify_datetime, last_modify_by)
values ('51633ecd-ff71-47a5-8cfc-eaf174825ff5', 'fd1140c7-4f0f-476b-8005-7a7bc353381a', '8776918a-7a58-49c8-b4f3-0dc50e520faa', 1, to_date('27-04-2017 16:46:03', 'dd-mm-yyyy hh24:mi:ss'), null, to_date('27-04-2017 16:46:03', 'dd-mm-yyyy hh24:mi:ss'), null);
insert into SYS_REL_ROLE_MENU (id, res_id, role_id, is_active, create_datetime, create_by, last_modify_datetime, last_modify_by)
values ('5873932a-9ecd-49d1-9973-d4ab8f2dc8c6', '30db9b66-475a-4038-a63f-cb44ed4dd130', '8776918a-7a58-49c8-b4f3-0dc50e520faa', 1, to_date('27-04-2017 16:46:03', 'dd-mm-yyyy hh24:mi:ss'), null, to_date('27-04-2017 16:46:03', 'dd-mm-yyyy hh24:mi:ss'), null);
insert into SYS_REL_ROLE_MENU (id, res_id, role_id, is_active, create_datetime, create_by, last_modify_datetime, last_modify_by)
values ('8356a14b-98c2-4195-b85f-4f650c3db9d8', '5f3579da-dea2-479b-87fb-b413fc7b285d', '8776918a-7a58-49c8-b4f3-0dc50e520faa', 1, to_date('27-04-2017 16:46:03', 'dd-mm-yyyy hh24:mi:ss'), null, to_date('27-04-2017 16:46:03', 'dd-mm-yyyy hh24:mi:ss'), null);
insert into SYS_REL_ROLE_MENU (id, res_id, role_id, is_active, create_datetime, create_by, last_modify_datetime, last_modify_by)
values ('c008a6de-560a-428b-a146-d32e86b50b98', 'ca3c1b7d-57b7-4d27-a27f-e198bf865ccd', '8776918a-7a58-49c8-b4f3-0dc50e520faa', 1, to_date('27-04-2017 16:46:03', 'dd-mm-yyyy hh24:mi:ss'), null, to_date('27-04-2017 16:46:03', 'dd-mm-yyyy hh24:mi:ss'), null);
insert into SYS_REL_ROLE_MENU (id, res_id, role_id, is_active, create_datetime, create_by, last_modify_datetime, last_modify_by)
values ('5b58a933-19e1-4334-a912-d5e1c443cf89', '58ca80ae-35a6-4f11-a3ab-407d6c591311', '8776918a-7a58-49c8-b4f3-0dc50e520faa', 1, to_date('27-04-2017 16:46:03', 'dd-mm-yyyy hh24:mi:ss'), null, to_date('27-04-2017 16:46:03', 'dd-mm-yyyy hh24:mi:ss'), null);
insert into SYS_REL_ROLE_MENU (id, res_id, role_id, is_active, create_datetime, create_by, last_modify_datetime, last_modify_by)
values ('d260b980-4efd-4ec6-9f2e-9a7d8a53f66c', 'c099921e-9e11-40a7-b784-dd71e50ccb88', '8776918a-7a58-49c8-b4f3-0dc50e520faa', 1, to_date('27-04-2017 16:46:03', 'dd-mm-yyyy hh24:mi:ss'), null, to_date('27-04-2017 16:46:03', 'dd-mm-yyyy hh24:mi:ss'), null);
insert into SYS_REL_ROLE_MENU (id, res_id, role_id, is_active, create_datetime, create_by, last_modify_datetime, last_modify_by)
values ('e4d4a5da-3347-4a12-a149-aa5473f40707', 'a125b41b-eddc-42af-973d-14f998f9ecc6', '8776918a-7a58-49c8-b4f3-0dc50e520faa', 1, to_date('27-04-2017 16:46:03', 'dd-mm-yyyy hh24:mi:ss'), null, to_date('27-04-2017 16:46:03', 'dd-mm-yyyy hh24:mi:ss'), null);
insert into SYS_REL_ROLE_MENU (id, res_id, role_id, is_active, create_datetime, create_by, last_modify_datetime, last_modify_by)
values ('70504096-ee11-46b6-81c3-26ede743f63f', 'fea4b7f9-a6ae-428e-b5df-201657cfbdcb', '8776918a-7a58-49c8-b4f3-0dc50e520faa', 1, to_date('27-04-2017 16:46:03', 'dd-mm-yyyy hh24:mi:ss'), null, to_date('27-04-2017 16:46:03', 'dd-mm-yyyy hh24:mi:ss'), null);
insert into SYS_REL_ROLE_MENU (id, res_id, role_id, is_active, create_datetime, create_by, last_modify_datetime, last_modify_by)
values ('1416e1c0-0a33-4bdc-9d72-09651878e36f', 'eb878e8f-593c-4c77-9e99-ce7abc5dbcea', '8776918a-7a58-49c8-b4f3-0dc50e520faa', 1, to_date('27-04-2017 16:46:03', 'dd-mm-yyyy hh24:mi:ss'), null, to_date('27-04-2017 16:46:03', 'dd-mm-yyyy hh24:mi:ss'), null);
insert into SYS_REL_ROLE_MENU (id, res_id, role_id, is_active, create_datetime, create_by, last_modify_datetime, last_modify_by)
values ('6c90c881-a4c7-48ec-bee9-42dea26df865', '1531a9d9-8631-4d3b-817c-5c64b422bbf9', '8776918a-7a58-49c8-b4f3-0dc50e520faa', 1, to_date('27-04-2017 16:46:03', 'dd-mm-yyyy hh24:mi:ss'), null, to_date('27-04-2017 16:46:03', 'dd-mm-yyyy hh24:mi:ss'), null);
insert into SYS_REL_ROLE_MENU (id, res_id, role_id, is_active, create_datetime, create_by, last_modify_datetime, last_modify_by)
values ('c200a18c-0f2a-4c2a-8181-8aa8a3856bf3', '40dbc283-c775-4245-983d-3308eb2b9c88', '8776918a-7a58-49c8-b4f3-0dc50e520faa', 1, to_date('27-04-2017 16:46:04', 'dd-mm-yyyy hh24:mi:ss'), null, to_date('27-04-2017 16:46:04', 'dd-mm-yyyy hh24:mi:ss'), null);
insert into SYS_REL_ROLE_MENU (id, res_id, role_id, is_active, create_datetime, create_by, last_modify_datetime, last_modify_by)
values ('2934ceef-cfda-41e1-9d3c-6fcaf4139ec2', '95651433-e068-4a44-afec-e519a4ec1530', '8776918a-7a58-49c8-b4f3-0dc50e520faa', 1, to_date('27-04-2017 16:46:02', 'dd-mm-yyyy hh24:mi:ss'), null, to_date('27-04-2017 16:46:02', 'dd-mm-yyyy hh24:mi:ss'), null);
insert into SYS_REL_ROLE_MENU (id, res_id, role_id, is_active, create_datetime, create_by, last_modify_datetime, last_modify_by)
values ('863d4bdd-fcc2-4c85-aaa3-b1efe3d81bab', '6cc7a158-4589-451c-8d3b-27da1e15c5ee', '8776918a-7a58-49c8-b4f3-0dc50e520faa', 1, to_date('27-04-2017 16:46:03', 'dd-mm-yyyy hh24:mi:ss'), null, to_date('27-04-2017 16:46:03', 'dd-mm-yyyy hh24:mi:ss'), null);
insert into SYS_REL_ROLE_MENU (id, res_id, role_id, is_active, create_datetime, create_by, last_modify_datetime, last_modify_by)
values ('3d28b631-57f8-4770-b5d4-6b7481c0c7af', 'ce385b86-2394-4d5f-81af-e95e7c718b1a', '8776918a-7a58-49c8-b4f3-0dc50e520faa', 1, to_date('27-04-2017 16:46:03', 'dd-mm-yyyy hh24:mi:ss'), null, to_date('27-04-2017 16:46:03', 'dd-mm-yyyy hh24:mi:ss'), null);
insert into SYS_REL_ROLE_MENU (id, res_id, role_id, is_active, create_datetime, create_by, last_modify_datetime, last_modify_by)
values ('57c9b666-74c4-467b-85ea-a7fa1630ad1e', '8c6eff45-9e0d-462b-bb44-56bd0f4c98d1', '8776918a-7a58-49c8-b4f3-0dc50e520faa', 1, to_date('27-04-2017 16:46:03', 'dd-mm-yyyy hh24:mi:ss'), null, to_date('27-04-2017 16:46:03', 'dd-mm-yyyy hh24:mi:ss'), null);
insert into SYS_REL_ROLE_MENU (id, res_id, role_id, is_active, create_datetime, create_by, last_modify_datetime, last_modify_by)
values ('e028eeea-5c8b-48c8-a32c-ed167c3ae220', 'dbfe9ea6-605b-44a5-9cdb-9dfc15505f54', '8776918a-7a58-49c8-b4f3-0dc50e520faa', 1, to_date('27-04-2017 16:46:03', 'dd-mm-yyyy hh24:mi:ss'), null, to_date('27-04-2017 16:46:03', 'dd-mm-yyyy hh24:mi:ss'), null);
insert into SYS_REL_ROLE_MENU (id, res_id, role_id, is_active, create_datetime, create_by, last_modify_datetime, last_modify_by)
values ('551fe9a6-49b5-4e0e-be36-88b40e0e5e73', 'd337c596-3d6a-4c6e-8f62-c83f3b7b6f12', '8776918a-7a58-49c8-b4f3-0dc50e520faa', 1, to_date('27-04-2017 16:46:03', 'dd-mm-yyyy hh24:mi:ss'), null, to_date('27-04-2017 16:46:03', 'dd-mm-yyyy hh24:mi:ss'), null);
insert into SYS_REL_ROLE_MENU (id, res_id, role_id, is_active, create_datetime, create_by, last_modify_datetime, last_modify_by)
values ('2f32da12-2cae-44ac-be86-f3de78c56852', '707403dc-1156-49ba-973b-355900e0d603', '8776918a-7a58-49c8-b4f3-0dc50e520faa', 1, to_date('27-04-2017 16:46:03', 'dd-mm-yyyy hh24:mi:ss'), null, to_date('27-04-2017 16:46:03', 'dd-mm-yyyy hh24:mi:ss'), null);
insert into SYS_REL_ROLE_MENU (id, res_id, role_id, is_active, create_datetime, create_by, last_modify_datetime, last_modify_by)
values ('bc98ce07-997d-4d1e-b991-f9c6c79bff7c', 'df7bda90-86db-44fd-9faa-542b3596fd76', '8776918a-7a58-49c8-b4f3-0dc50e520faa', 1, to_date('27-04-2017 16:46:03', 'dd-mm-yyyy hh24:mi:ss'), null, to_date('27-04-2017 16:46:03', 'dd-mm-yyyy hh24:mi:ss'), null);
insert into SYS_REL_ROLE_MENU (id, res_id, role_id, is_active, create_datetime, create_by, last_modify_datetime, last_modify_by)
values ('42962399-3c3e-4fd5-9282-9fe397f5955a', '5dbbd832-b734-418f-8eba-7e08584c5a2d', '8776918a-7a58-49c8-b4f3-0dc50e520faa', 1, to_date('27-04-2017 16:46:03', 'dd-mm-yyyy hh24:mi:ss'), null, to_date('27-04-2017 16:46:03', 'dd-mm-yyyy hh24:mi:ss'), null);
insert into SYS_REL_ROLE_MENU (id, res_id, role_id, is_active, create_datetime, create_by, last_modify_datetime, last_modify_by)
values ('18011309-2bb9-4fb5-aac6-ad5165008593', 'e96a3adb-c384-4317-88c9-8020dcc0b224', '8776918a-7a58-49c8-b4f3-0dc50e520faa', 1, to_date('27-04-2017 16:46:03', 'dd-mm-yyyy hh24:mi:ss'), null, to_date('27-04-2017 16:46:03', 'dd-mm-yyyy hh24:mi:ss'), null);
insert into SYS_REL_ROLE_MENU (id, res_id, role_id, is_active, create_datetime, create_by, last_modify_datetime, last_modify_by)
values ('5c1a4831-082f-4a94-9211-19e9b40d6d84', '91e82edd-eb7f-49d2-b35b-7652806be47e', '8776918a-7a58-49c8-b4f3-0dc50e520faa', 1, to_date('27-04-2017 16:46:03', 'dd-mm-yyyy hh24:mi:ss'), null, to_date('27-04-2017 16:46:03', 'dd-mm-yyyy hh24:mi:ss'), null);
insert into SYS_REL_ROLE_MENU (id, res_id, role_id, is_active, create_datetime, create_by, last_modify_datetime, last_modify_by)
values ('8afe2737-2bdd-4825-857b-b443c78ba6f7', 'c08ad733-325b-4158-aab8-14b9f7dccb40', '8776918a-7a58-49c8-b4f3-0dc50e520faa', 1, to_date('27-04-2017 16:46:03', 'dd-mm-yyyy hh24:mi:ss'), null, to_date('27-04-2017 16:46:03', 'dd-mm-yyyy hh24:mi:ss'), null);
insert into SYS_REL_ROLE_MENU (id, res_id, role_id, is_active, create_datetime, create_by, last_modify_datetime, last_modify_by)
values ('f2df1a5c-6678-4bf0-9bbb-a01ef406bf5e', 'c04d7a8a-e928-45f3-9df4-504abdd754af', '8776918a-7a58-49c8-b4f3-0dc50e520faa', 1, to_date('27-04-2017 16:46:03', 'dd-mm-yyyy hh24:mi:ss'), null, to_date('27-04-2017 16:46:03', 'dd-mm-yyyy hh24:mi:ss'), null);
insert into SYS_REL_ROLE_MENU (id, res_id, role_id, is_active, create_datetime, create_by, last_modify_datetime, last_modify_by)
values ('fc96fb2f-f487-4555-8b92-b591daccb74b', '4a2f569e-0b27-4099-af4c-b532bce2076f', '8776918a-7a58-49c8-b4f3-0dc50e520faa', 1, to_date('27-04-2017 16:46:03', 'dd-mm-yyyy hh24:mi:ss'), null, to_date('27-04-2017 16:46:03', 'dd-mm-yyyy hh24:mi:ss'), null);
insert into SYS_REL_ROLE_MENU (id, res_id, role_id, is_active, create_datetime, create_by, last_modify_datetime, last_modify_by)
values ('54081d74-6748-4721-9806-34ca43fbb846', '7efbfd8d-1c19-4d98-811f-2a4dd3cf2961', '8776918a-7a58-49c8-b4f3-0dc50e520faa', 1, to_date('27-04-2017 16:46:03', 'dd-mm-yyyy hh24:mi:ss'), null, to_date('27-04-2017 16:46:03', 'dd-mm-yyyy hh24:mi:ss'), null);
insert into SYS_REL_ROLE_MENU (id, res_id, role_id, is_active, create_datetime, create_by, last_modify_datetime, last_modify_by)
values ('ee0e1c54-6754-47b1-9cbf-d74c63bdcbe0', '3105574f-1e6d-4198-8cd7-66deef8beca2', '8776918a-7a58-49c8-b4f3-0dc50e520faa', 1, to_date('27-04-2017 16:46:03', 'dd-mm-yyyy hh24:mi:ss'), null, to_date('27-04-2017 16:46:03', 'dd-mm-yyyy hh24:mi:ss'), null);
insert into SYS_REL_ROLE_MENU (id, res_id, role_id, is_active, create_datetime, create_by, last_modify_datetime, last_modify_by)
values ('fcdfc5a2-a895-4e9e-bbca-8286f9d229d5', '070c5954-cba2-44c0-b68a-5ae4f62cdcb4', '8776918a-7a58-49c8-b4f3-0dc50e520faa', 1, to_date('27-04-2017 16:46:04', 'dd-mm-yyyy hh24:mi:ss'), null, to_date('27-04-2017 16:46:04', 'dd-mm-yyyy hh24:mi:ss'), null);
insert into SYS_REL_ROLE_MENU (id, res_id, role_id, is_active, create_datetime, create_by, last_modify_datetime, last_modify_by)
values ('51b598fb-9c06-47a6-9ddc-6df642cb23c7', 'c51865b8-1b3f-46b0-9e06-261efbf321e5', '8776918a-7a58-49c8-b4f3-0dc50e520faa', 1, to_date('27-04-2017 16:46:04', 'dd-mm-yyyy hh24:mi:ss'), null, to_date('27-04-2017 16:46:04', 'dd-mm-yyyy hh24:mi:ss'), null);
insert into SYS_REL_ROLE_MENU (id, res_id, role_id, is_active, create_datetime, create_by, last_modify_datetime, last_modify_by)
values ('27674189-d3fe-41c3-a2b7-77cfc9142491', 'c528df0e-198c-4e2b-afed-d2378d630146', '8776918a-7a58-49c8-b4f3-0dc50e520faa', 1, to_date('27-04-2017 16:46:04', 'dd-mm-yyyy hh24:mi:ss'), null, to_date('27-04-2017 16:46:04', 'dd-mm-yyyy hh24:mi:ss'), null);
insert into SYS_REL_ROLE_MENU (id, res_id, role_id, is_active, create_datetime, create_by, last_modify_datetime, last_modify_by)
values ('a7a9d7ec-b1da-460a-92ab-a60b00d72cbe', '9fc794b9-8553-4d21-8ce1-6cf15aad85b8', '8776918a-7a58-49c8-b4f3-0dc50e520faa', 1, to_date('27-04-2017 16:46:04', 'dd-mm-yyyy hh24:mi:ss'), null, to_date('27-04-2017 16:46:04', 'dd-mm-yyyy hh24:mi:ss'), null);
insert into SYS_REL_ROLE_MENU (id, res_id, role_id, is_active, create_datetime, create_by, last_modify_datetime, last_modify_by)
values ('a23f15fa-66cc-4ba8-97c1-8acc7934ce37', '9a608df1-6042-4469-914e-b88b4e7b953b', '8776918a-7a58-49c8-b4f3-0dc50e520faa', 1, to_date('27-04-2017 16:46:04', 'dd-mm-yyyy hh24:mi:ss'), null, to_date('27-04-2017 16:46:04', 'dd-mm-yyyy hh24:mi:ss'), null);
insert into SYS_REL_ROLE_MENU (id, res_id, role_id, is_active, create_datetime, create_by, last_modify_datetime, last_modify_by)
values ('fbd532b1-af10-4e3d-b428-78eef2387650', '6440bd27-6b36-497e-9e02-a9424a1cd774', '8776918a-7a58-49c8-b4f3-0dc50e520faa', 1, to_date('27-04-2017 16:46:04', 'dd-mm-yyyy hh24:mi:ss'), null, to_date('27-04-2017 16:46:04', 'dd-mm-yyyy hh24:mi:ss'), null);
commit;
-- prompt 48 records loaded
-- prompt Loading SYS_USER...
insert into SYS_USER (id, org_id, is_active, is_locked, user_code, user_name, real_name, password, sex, email, phone, cellphone, last_login_datetime, last_login_ip, login_count, psd_expire_date, create_datetime, create_by, last_modify_datetime, last_modify_by)
values ('1eef8a77-030f-4fd9-8c58-c4283460b521', 'f738280f-037e-468f-9020-a213f0f3052c', 1, 0, 'user', 'user', null, 'e10adc3949ba59abbe56e057f20f883e', '1', null, null, null, null, null, 0, null, null, null, null, null);
commit;
-- prompt 1 records loaded
-- prompt Loading SYS_REL_USER_ROLE...
insert into SYS_REL_USER_ROLE (id, role_id, user_id, is_active, storage_ids, create_datetime, create_by, last_modify_datetime, last_modify_by)
values ('4b6241af-2a3d-44fa-a464-e212edfd892d', '8776918a-7a58-49c8-b4f3-0dc50e520faa', '1eef8a77-030f-4fd9-8c58-c4283460b521', 1, '74a8f357-1d04-4761-9cb6-4c43ec58f170', null, '11', null, '11');
commit;
-- prompt 1 records loaded
-- prompt Loading WMS_ACCOUNT_INDEX...
-- prompt Table is empty
-- prompt Loading WMS_SKU_CATEGORY...
insert into WMS_SKU_CATEGORY (id, catg_name, catg_no, catg_type, is_active, create_datetime, create_by, last_modify_datetime, last_modify_by)
values ('9e2b979b-2329-427a-b3f3-f00ec3f53a7d', '动力电池', 'battery', null, 1, to_date('27-04-2017 15:16:13', 'dd-mm-yyyy hh24:mi:ss'), null, to_date('27-04-2017 15:16:13', 'dd-mm-yyyy hh24:mi:ss'), null);
commit;
-- prompt 1 records loaded
-- prompt Loading WMS_SKU...
insert into WMS_SKU (id, category_id, sku_no, sku_barcode, sku_name, sku_img, sku_status, attr1, attr2, attr3, attr4, attr5, attr6, attr7, attr8, attr9, attr10, attr11, attr12, attr13, attr14, attr15, attr16, attr17, attr18, attr19, attr20, attr21, attr22, attr23, attr24, attr25, attr26, attr27, attr28, attr29, attr30, attr31, attr32, attr33, attr34, attr35, attr36, attr37, attr38, attr39, attr40, attr41, attr42, attr43, attr44, attr45, attr46, attr47, attr48, attr49, attr50, is_active, create_datetime, create_by, last_modify_datetime, last_modify_by)
values ('590ae0e3-61d7-4ecf-be1c-8df4bb1f25f6', '9e2b979b-2329-427a-b3f3-f00ec3f53a7d', 'battery', 'B1001', '一号电池', null, null, null, null, null, null, null, null, null, null, null, null, null, null, null, null, null, null, null, null, null, null, null, null, null, null, null, null, null, null, null, null, null, null, null, null, null, null, null, null, null, null, null, null, null, null, null, null, null, null, null, null, 1, to_date('27-04-2017 15:16:55', 'dd-mm-yyyy hh24:mi:ss'), null, to_date('27-04-2017 15:16:55', 'dd-mm-yyyy hh24:mi:ss'), null);
commit;
-- prompt 1 records loaded
-- prompt Loading WMS_BATCH_BARCODE...
-- prompt Table is empty
-- prompt Loading WMS_CONTAINER_TYPE...
insert into WMS_CONTAINER_TYPE (id, container_name, container_alias_name, sku_max_count, container_channel, container_standard, is_sku_designate, available_sku, is_active, create_datetime, create_by, last_modify_datetime, last_modify_by)
values ('3a65b8df-b41d-4915-88a8-9e5a90fea016', '1号电池托盘', null, 26, 'N', '80*80*80', 1, 'semi-finished', 1, to_date('27-04-2017 15:17:48', 'dd-mm-yyyy hh24:mi:ss'), null, to_date('27-04-2017 15:17:48', 'dd-mm-yyyy hh24:mi:ss'), null);
commit;
-- prompt 1 records loaded
-- prompt Loading WMS_CONTAINER...
insert into WMS_CONTAINER (id, container_barcode, type_id, type_name, is_active, create_datetime, create_by, last_modify_datetime, last_modify_by)
values ('d2dca66d-b165-456d-8300-367be237acf6', 'T1001', '3a65b8df-b41d-4915-88a8-9e5a90fea016', '1号电池托盘', 1, to_date('27-04-2017 16:35:32', 'dd-mm-yyyy hh24:mi:ss'), null, to_date('27-04-2017 16:35:32', 'dd-mm-yyyy hh24:mi:ss'), null);
insert into WMS_CONTAINER (id, container_barcode, type_id, type_name, is_active, create_datetime, create_by, last_modify_datetime, last_modify_by)
values ('225db3f3-250a-46df-b3ab-c6086fb92c38', 'T1002', '3a65b8df-b41d-4915-88a8-9e5a90fea016', '1号电池托盘', 1, to_date('27-04-2017 16:35:39', 'dd-mm-yyyy hh24:mi:ss'), null, to_date('27-04-2017 16:35:39', 'dd-mm-yyyy hh24:mi:ss'), null);
insert into WMS_CONTAINER (id, container_barcode, type_id, type_name, is_active, create_datetime, create_by, last_modify_datetime, last_modify_by)
values ('9c5b2d9f-d239-4cba-9fc9-a866e11d2322', 'T1003', '3a65b8df-b41d-4915-88a8-9e5a90fea016', '1号电池托盘', 1, to_date('27-04-2017 16:35:44', 'dd-mm-yyyy hh24:mi:ss'), null, to_date('27-04-2017 16:35:44', 'dd-mm-yyyy hh24:mi:ss'), null);
commit;
-- prompt 3 records loaded
-- prompt Loading WMS_LOCK_RECORD...
-- prompt Table is empty
-- prompt Loading WMS_STORAGE_LOCATION_STANDARD...
-- prompt Table is empty
-- prompt Loading WMS_WAREHOUSE...
insert into WMS_WAREHOUSE (id, parent_id, house_type, use_type, house_status, house_barcode, house_no, house_name, house_desc, out_lock, in_lock, max_x_pos, max_y_pos, max_z_pos, house_remark, is_active, create_datetime, create_by, last_modify_datetime, last_modify_by, tree_index, child_count)
values ('d1c24aa3-5026-45f5-99d5-8732504962d5', null, 'warehouse', 'semi-finished', 1, null, 'CATL', 'CATL', null, 0, 0, null, null, null, 'catl', 1, null, null, null, null, 'd1c24aa3-5026-45f5-99d5-8732504962d5', 0);
insert into WMS_WAREHOUSE (id, parent_id, house_type, use_type, house_status, house_barcode, house_no, house_name, house_desc, out_lock, in_lock, max_x_pos, max_y_pos, max_z_pos, house_remark, is_active, create_datetime, create_by, last_modify_datetime, last_modify_by, tree_index, child_count)
values ('277d74c6-ef02-4d7f-948e-caaac11c0e13', 'd1c24aa3-5026-45f5-99d5-8732504962d5', 'storehouse', 'semi-finished', 1, null, '29', '29', null, 0, 0, 4, 20, 7, 'a', 1, null, null, to_date('27-04-2017 16:34:13', 'dd-mm-yyyy hh24:mi:ss'), null, 'd1c24aa3-5026-45f5-99d5-8732504962d5.277d74c6-ef02-4d7f-948e-caaac11c0e13', 0);
commit;
-- prompt 2 records loaded
-- prompt Loading WMS_STORAGE_LOCATION...
insert into WMS_STORAGE_LOCATION (id, house_id, standard_id, loc_use_status, loc_no, loc_barcode, x_pos, y_pos, z_pos, loc_type, virtual_loc_type, is_loc_statistics, loc_vol, loc_vol_unit, storage_status, artificial_in_lock, artificial_out_lock, business_in_lock, business_out_lock, loc_is_error, loc_error_reason, forbid_in, forbid_out, is_equip_loc, equip_type, remark, is_active, create_datetime, create_by, last_modify_datetime, last_modify_by)
values ('6f40d48d-9280-48c4-b342-9190f0abb5b5', '277d74c6-ef02-4d7f-948e-caaac11c0e13', null, 'available', 'LA021204', 'LA021204', 2, 12, 4, 'cubic', null, 0, 1, 'tray', 'empty', 0, 0, 0, 0, 0, null, 0, 1, 0, null, null, 1, to_date('27-04-2017 16:31:34', 'dd-mm-yyyy hh24:mi:ss'), null, to_date('27-04-2017 16:31:34', 'dd-mm-yyyy hh24:mi:ss'), null);
insert into WMS_STORAGE_LOCATION (id, house_id, standard_id, loc_use_status, loc_no, loc_barcode, x_pos, y_pos, z_pos, loc_type, virtual_loc_type, is_loc_statistics, loc_vol, loc_vol_unit, storage_status, artificial_in_lock, artificial_out_lock, business_in_lock, business_out_lock, loc_is_error, loc_error_reason, forbid_in, forbid_out, is_equip_loc, equip_type, remark, is_active, create_datetime, create_by, last_modify_datetime, last_modify_by)
values ('ad70a6f7-9680-4602-b944-6b69a9b28a6b', '277d74c6-ef02-4d7f-948e-caaac11c0e13', null, 'available', 'LA021205', 'LA021205', 2, 12, 5, 'cubic', null, 0, 1, 'tray', 'empty', 0, 0, 0, 0, 0, null, 0, 1, 0, null, null, 1, to_date('27-04-2017 16:31:34', 'dd-mm-yyyy hh24:mi:ss'), null, to_date('27-04-2017 16:31:34', 'dd-mm-yyyy hh24:mi:ss'), null);
insert into WMS_STORAGE_LOCATION (id, house_id, standard_id, loc_use_status, loc_no, loc_barcode, x_pos, y_pos, z_pos, loc_type, virtual_loc_type, is_loc_statistics, loc_vol, loc_vol_unit, storage_status, artificial_in_lock, artificial_out_lock, business_in_lock, business_out_lock, loc_is_error, loc_error_reason, forbid_in, forbid_out, is_equip_loc, equip_type, remark, is_active, create_datetime, create_by, last_modify_datetime, last_modify_by)
values ('37efcbfd-2f09-4d30-b27a-424709d02dcc', '277d74c6-ef02-4d7f-948e-caaac11c0e13', null, 'available', 'LA021206', 'LA021206', 2, 12, 6, 'cubic', null, 0, 1, 'tray', 'empty', 0, 0, 0, 0, 0, null, 0, 1, 0, null, null, 1, to_date('27-04-2017 16:31:34', 'dd-mm-yyyy hh24:mi:ss'), null, to_date('27-04-2017 16:31:34', 'dd-mm-yyyy hh24:mi:ss'), null);
insert into WMS_STORAGE_LOCATION (id, house_id, standard_id, loc_use_status, loc_no, loc_barcode, x_pos, y_pos, z_pos, loc_type, virtual_loc_type, is_loc_statistics, loc_vol, loc_vol_unit, storage_status, artificial_in_lock, artificial_out_lock, business_in_lock, business_out_lock, loc_is_error, loc_error_reason, forbid_in, forbid_out, is_equip_loc, equip_type, remark, is_active, create_datetime, create_by, last_modify_datetime, last_modify_by)
values ('29b75697-e528-43e1-9975-3bf5a3abcd1e', '277d74c6-ef02-4d7f-948e-caaac11c0e13', null, 'available', 'LA021207', 'LA021207', 2, 12, 7, 'cubic', null, 0, 1, 'tray', 'empty', 0, 0, 0, 0, 0, null, 0, 1, 0, null, null, 1, to_date('27-04-2017 16:31:34', 'dd-mm-yyyy hh24:mi:ss'), null, to_date('27-04-2017 16:31:34', 'dd-mm-yyyy hh24:mi:ss'), null);
insert into WMS_STORAGE_LOCATION (id, house_id, standard_id, loc_use_status, loc_no, loc_barcode, x_pos, y_pos, z_pos, loc_type, virtual_loc_type, is_loc_statistics, loc_vol, loc_vol_unit, storage_status, artificial_in_lock, artificial_out_lock, business_in_lock, business_out_lock, loc_is_error, loc_error_reason, forbid_in, forbid_out, is_equip_loc, equip_type, remark, is_active, create_datetime, create_by, last_modify_datetime, last_modify_by)
values ('1e9b2f4b-5e8b-4a2a-986b-6de50aa71486', '277d74c6-ef02-4d7f-948e-caaac11c0e13', null, 'available', 'LA030301', 'LA030301', 3, 3, 1, 'cubic', null, 0, 1, 'tray', 'empty', 0, 0, 0, 0, 0, null, 0, 1, 0, null, null, 1, to_date('27-04-2017 16:33:24', 'dd-mm-yyyy hh24:mi:ss'), null, to_date('27-04-2017 16:33:24', 'dd-mm-yyyy hh24:mi:ss'), null);
insert into WMS_STORAGE_LOCATION (id, house_id, standard_id, loc_use_status, loc_no, loc_barcode, x_pos, y_pos, z_pos, loc_type, virtual_loc_type, is_loc_statistics, loc_vol, loc_vol_unit, storage_status, artificial_in_lock, artificial_out_lock, business_in_lock, business_out_lock, loc_is_error, loc_error_reason, forbid_in, forbid_out, is_equip_loc, equip_type, remark, is_active, create_datetime, create_by, last_modify_datetime, last_modify_by)
values ('0c1926f7-8326-41ca-bf56-8c9a9530d7e3', '277d74c6-ef02-4d7f-948e-caaac11c0e13', null, 'available', 'LA030302', 'LA030302', 3, 3, 2, 'cubic', null, 0, 1, 'tray', 'empty', 0, 0, 0, 0, 0, null, 0, 1, 0, null, null, 1, to_date('27-04-2017 16:33:24', 'dd-mm-yyyy hh24:mi:ss'), null, to_date('27-04-2017 16:33:24', 'dd-mm-yyyy hh24:mi:ss'), null);
insert into WMS_STORAGE_LOCATION (id, house_id, standard_id, loc_use_status, loc_no, loc_barcode, x_pos, y_pos, z_pos, loc_type, virtual_loc_type, is_loc_statistics, loc_vol, loc_vol_unit, storage_status, artificial_in_lock, artificial_out_lock, business_in_lock, business_out_lock, loc_is_error, loc_error_reason, forbid_in, forbid_out, is_equip_loc, equip_type, remark, is_active, create_datetime, create_by, last_modify_datetime, last_modify_by)
values ('cd10f9b1-85e4-4663-8eb1-bea6bd674294', '277d74c6-ef02-4d7f-948e-caaac11c0e13', null, 'available', 'LA030303', 'LA030303', 3, 3, 3, 'cubic', null, 0, 1, 'tray', 'empty', 0, 0, 0, 0, 0, null, 0, 1, 0, null, null, 1, to_date('27-04-2017 16:33:24', 'dd-mm-yyyy hh24:mi:ss'), null, to_date('27-04-2017 16:33:24', 'dd-mm-yyyy hh24:mi:ss'), null);
insert into WMS_STORAGE_LOCATION (id, house_id, standard_id, loc_use_status, loc_no, loc_barcode, x_pos, y_pos, z_pos, loc_type, virtual_loc_type, is_loc_statistics, loc_vol, loc_vol_unit, storage_status, artificial_in_lock, artificial_out_lock, business_in_lock, business_out_lock, loc_is_error, loc_error_reason, forbid_in, forbid_out, is_equip_loc, equip_type, remark, is_active, create_datetime, create_by, last_modify_datetime, last_modify_by)
values ('3772e097-a099-45d8-a497-98efd91e34d8', '277d74c6-ef02-4d7f-948e-caaac11c0e13', null, 'available', 'LA030304', 'LA030304', 3, 3, 4, 'cubic', null, 0, 1, 'tray', 'empty', 0, 0, 0, 0, 0, null, 0, 1, 0, null, null, 1, to_date('27-04-2017 16:33:24', 'dd-mm-yyyy hh24:mi:ss'), null, to_date('27-04-2017 16:33:24', 'dd-mm-yyyy hh24:mi:ss'), null);
insert into WMS_STORAGE_LOCATION (id, house_id, standard_id, loc_use_status, loc_no, loc_barcode, x_pos, y_pos, z_pos, loc_type, virtual_loc_type, is_loc_statistics, loc_vol, loc_vol_unit, storage_status, artificial_in_lock, artificial_out_lock, business_in_lock, business_out_lock, loc_is_error, loc_error_reason, forbid_in, forbid_out, is_equip_loc, equip_type, remark, is_active, create_datetime, create_by, last_modify_datetime, last_modify_by)
values ('3eb3a203-50c4-4de7-be4c-3a68ebb56f1c', '277d74c6-ef02-4d7f-948e-caaac11c0e13', null, 'available', 'LA030401', 'LA030401', 3, 4, 1, 'cubic', null, 0, 1, 'tray', 'empty', 0, 0, 0, 0, 0, null, 0, 1, 0, null, null, 1, to_date('27-04-2017 16:33:24', 'dd-mm-yyyy hh24:mi:ss'), null, to_date('27-04-2017 16:33:24', 'dd-mm-yyyy hh24:mi:ss'), null);
insert into WMS_STORAGE_LOCATION (id, house_id, standard_id, loc_use_status, loc_no, loc_barcode, x_pos, y_pos, z_pos, loc_type, virtual_loc_type, is_loc_statistics, loc_vol, loc_vol_unit, storage_status, artificial_in_lock, artificial_out_lock, business_in_lock, business_out_lock, loc_is_error, loc_error_reason, forbid_in, forbid_out, is_equip_loc, equip_type, remark, is_active, create_datetime, create_by, last_modify_datetime, last_modify_by)
values ('869f4d51-274c-4293-80e7-d1fccbbd4e7e', '277d74c6-ef02-4d7f-948e-caaac11c0e13', null, 'available', 'LA030402', 'LA030402', 3, 4, 2, 'cubic', null, 0, 1, 'tray', 'empty', 0, 0, 0, 0, 0, null, 0, 1, 0, null, null, 1, to_date('27-04-2017 16:33:24', 'dd-mm-yyyy hh24:mi:ss'), null, to_date('27-04-2017 16:33:24', 'dd-mm-yyyy hh24:mi:ss'), null);
insert into WMS_STORAGE_LOCATION (id, house_id, standard_id, loc_use_status, loc_no, loc_barcode, x_pos, y_pos, z_pos, loc_type, virtual_loc_type, is_loc_statistics, loc_vol, loc_vol_unit, storage_status, artificial_in_lock, artificial_out_lock, business_in_lock, business_out_lock, loc_is_error, loc_error_reason, forbid_in, forbid_out, is_equip_loc, equip_type, remark, is_active, create_datetime, create_by, last_modify_datetime, last_modify_by)
values ('0e410212-7574-446c-8fae-c129e107b03b', '277d74c6-ef02-4d7f-948e-caaac11c0e13', null, 'available', 'LA030403', 'LA030403', 3, 4, 3, 'cubic', null, 0, 1, 'tray', 'empty', 0, 0, 0, 0, 0, null, 0, 1, 0, null, null, 1, to_date('27-04-2017 16:33:24', 'dd-mm-yyyy hh24:mi:ss'), null, to_date('27-04-2017 16:33:24', 'dd-mm-yyyy hh24:mi:ss'), null);
insert into WMS_STORAGE_LOCATION (id, house_id, standard_id, loc_use_status, loc_no, loc_barcode, x_pos, y_pos, z_pos, loc_type, virtual_loc_type, is_loc_statistics, loc_vol, loc_vol_unit, storage_status, artificial_in_lock, artificial_out_lock, business_in_lock, business_out_lock, loc_is_error, loc_error_reason, forbid_in, forbid_out, is_equip_loc, equip_type, remark, is_active, create_datetime, create_by, last_modify_datetime, last_modify_by)
values ('13183c3a-f028-46af-a56d-6291a6c1d917', '277d74c6-ef02-4d7f-948e-caaac11c0e13', null, 'available', 'LA030404', 'LA030404', 3, 4, 4, 'cubic', null, 0, 1, 'tray', 'empty', 0, 0, 0, 0, 0, null, 0, 1, 0, null, null, 1, to_date('27-04-2017 16:33:24', 'dd-mm-yyyy hh24:mi:ss'), null, to_date('27-04-2017 16:33:24', 'dd-mm-yyyy hh24:mi:ss'), null);
insert into WMS_STORAGE_LOCATION (id, house_id, standard_id, loc_use_status, loc_no, loc_barcode, x_pos, y_pos, z_pos, loc_type, virtual_loc_type, is_loc_statistics, loc_vol, loc_vol_unit, storage_status, artificial_in_lock, artificial_out_lock, business_in_lock, business_out_lock, loc_is_error, loc_error_reason, forbid_in, forbid_out, is_equip_loc, equip_type, remark, is_active, create_datetime, create_by, last_modify_datetime, last_modify_by)
values ('a4b24ffc-aee7-4185-8957-e9dc83d49016', '277d74c6-ef02-4d7f-948e-caaac11c0e13', null, 'available', 'LA030501', 'LA030501', 3, 5, 1, 'cubic', null, 0, 1, 'tray', 'empty', 0, 0, 0, 0, 0, null, 0, 1, 0, null, null, 1, to_date('27-04-2017 16:33:24', 'dd-mm-yyyy hh24:mi:ss'), null, to_date('27-04-2017 16:33:24', 'dd-mm-yyyy hh24:mi:ss'), null);
insert into WMS_STORAGE_LOCATION (id, house_id, standard_id, loc_use_status, loc_no, loc_barcode, x_pos, y_pos, z_pos, loc_type, virtual_loc_type, is_loc_statistics, loc_vol, loc_vol_unit, storage_status, artificial_in_lock, artificial_out_lock, business_in_lock, business_out_lock, loc_is_error, loc_error_reason, forbid_in, forbid_out, is_equip_loc, equip_type, remark, is_active, create_datetime, create_by, last_modify_datetime, last_modify_by)
values ('6c6b3d6b-6c2e-4bae-8886-53736a14c591', '277d74c6-ef02-4d7f-948e-caaac11c0e13', null, 'available', 'LA030502', 'LA030502', 3, 5, 2, 'cubic', null, 0, 1, 'tray', 'empty', 0, 0, 0, 0, 0, null, 0, 1, 0, null, null, 1, to_date('27-04-2017 16:33:24', 'dd-mm-yyyy hh24:mi:ss'), null, to_date('27-04-2017 16:33:24', 'dd-mm-yyyy hh24:mi:ss'), null);
insert into WMS_STORAGE_LOCATION (id, house_id, standard_id, loc_use_status, loc_no, loc_barcode, x_pos, y_pos, z_pos, loc_type, virtual_loc_type, is_loc_statistics, loc_vol, loc_vol_unit, storage_status, artificial_in_lock, artificial_out_lock, business_in_lock, business_out_lock, loc_is_error, loc_error_reason, forbid_in, forbid_out, is_equip_loc, equip_type, remark, is_active, create_datetime, create_by, last_modify_datetime, last_modify_by)
values ('bb7cf6f2-979c-4b81-a118-eb969e9a84f1', '277d74c6-ef02-4d7f-948e-caaac11c0e13', null, 'available', 'LA030503', 'LA030503', 3, 5, 3, 'cubic', null, 0, 1, 'tray', 'empty', 0, 0, 0, 0, 0, null, 0, 1, 0, null, null, 1, to_date('27-04-2017 16:33:24', 'dd-mm-yyyy hh24:mi:ss'), null, to_date('27-04-2017 16:33:24', 'dd-mm-yyyy hh24:mi:ss'), null);
insert into WMS_STORAGE_LOCATION (id, house_id, standard_id, loc_use_status, loc_no, loc_barcode, x_pos, y_pos, z_pos, loc_type, virtual_loc_type, is_loc_statistics, loc_vol, loc_vol_unit, storage_status, artificial_in_lock, artificial_out_lock, business_in_lock, business_out_lock, loc_is_error, loc_error_reason, forbid_in, forbid_out, is_equip_loc, equip_type, remark, is_active, create_datetime, create_by, last_modify_datetime, last_modify_by)
values ('6b5c546c-6488-464a-8540-a54ae992f9cc', '277d74c6-ef02-4d7f-948e-caaac11c0e13', null, 'available', 'LA030504', 'LA030504', 3, 5, 4, 'cubic', null, 0, 1, 'tray', 'empty', 0, 0, 0, 0, 0, null, 0, 1, 0, null, null, 1, to_date('27-04-2017 16:33:24', 'dd-mm-yyyy hh24:mi:ss'), null, to_date('27-04-2017 16:33:24', 'dd-mm-yyyy hh24:mi:ss'), null);
insert into WMS_STORAGE_LOCATION (id, house_id, standard_id, loc_use_status, loc_no, loc_barcode, x_pos, y_pos, z_pos, loc_type, virtual_loc_type, is_loc_statistics, loc_vol, loc_vol_unit, storage_status, artificial_in_lock, artificial_out_lock, business_in_lock, business_out_lock, loc_is_error, loc_error_reason, forbid_in, forbid_out, is_equip_loc, equip_type, remark, is_active, create_datetime, create_by, last_modify_datetime, last_modify_by)
values ('48c403b2-b8a0-43cb-b7f7-037d19e2a988', '277d74c6-ef02-4d7f-948e-caaac11c0e13', null, 'available', 'LA030601', 'LA030601', 3, 6, 1, 'cubic', null, 0, 1, 'tray', 'empty', 0, 0, 0, 0, 0, null, 0, 1, 0, null, null, 1, to_date('27-04-2017 16:33:24', 'dd-mm-yyyy hh24:mi:ss'), null, to_date('27-04-2017 16:33:24', 'dd-mm-yyyy hh24:mi:ss'), null);
insert into WMS_STORAGE_LOCATION (id, house_id, standard_id, loc_use_status, loc_no, loc_barcode, x_pos, y_pos, z_pos, loc_type, virtual_loc_type, is_loc_statistics, loc_vol, loc_vol_unit, storage_status, artificial_in_lock, artificial_out_lock, business_in_lock, business_out_lock, loc_is_error, loc_error_reason, forbid_in, forbid_out, is_equip_loc, equip_type, remark, is_active, create_datetime, create_by, last_modify_datetime, last_modify_by)
values ('9fcba9ff-a15e-4c2e-a433-a2b01ab0efab', '277d74c6-ef02-4d7f-948e-caaac11c0e13', null, 'available', 'LA030602', 'LA030602', 3, 6, 2, 'cubic', null, 0, 1, 'tray', 'empty', 0, 0, 0, 0, 0, null, 0, 1, 0, null, null, 1, to_date('27-04-2017 16:33:24', 'dd-mm-yyyy hh24:mi:ss'), null, to_date('27-04-2017 16:33:24', 'dd-mm-yyyy hh24:mi:ss'), null);
insert into WMS_STORAGE_LOCATION (id, house_id, standard_id, loc_use_status, loc_no, loc_barcode, x_pos, y_pos, z_pos, loc_type, virtual_loc_type, is_loc_statistics, loc_vol, loc_vol_unit, storage_status, artificial_in_lock, artificial_out_lock, business_in_lock, business_out_lock, loc_is_error, loc_error_reason, forbid_in, forbid_out, is_equip_loc, equip_type, remark, is_active, create_datetime, create_by, last_modify_datetime, last_modify_by)
values ('44da225d-1866-4760-8473-115a2b5c67f7', '277d74c6-ef02-4d7f-948e-caaac11c0e13', null, 'available', 'LA030603', 'LA030603', 3, 6, 3, 'cubic', null, 0, 1, 'tray', 'empty', 0, 0, 0, 0, 0, null, 0, 1, 0, null, null, 1, to_date('27-04-2017 16:33:24', 'dd-mm-yyyy hh24:mi:ss'), null, to_date('27-04-2017 16:33:24', 'dd-mm-yyyy hh24:mi:ss'), null);
insert into WMS_STORAGE_LOCATION (id, house_id, standard_id, loc_use_status, loc_no, loc_barcode, x_pos, y_pos, z_pos, loc_type, virtual_loc_type, is_loc_statistics, loc_vol, loc_vol_unit, storage_status, artificial_in_lock, artificial_out_lock, business_in_lock, business_out_lock, loc_is_error, loc_error_reason, forbid_in, forbid_out, is_equip_loc, equip_type, remark, is_active, create_datetime, create_by, last_modify_datetime, last_modify_by)
values ('eaa7315a-97ed-4650-b980-b3b0fd3cb865', '277d74c6-ef02-4d7f-948e-caaac11c0e13', null, 'available', 'LA030604', 'LA030604', 3, 6, 4, 'cubic', null, 0, 1, 'tray', 'empty', 0, 0, 0, 0, 0, null, 0, 1, 0, null, null, 1, to_date('27-04-2017 16:33:24', 'dd-mm-yyyy hh24:mi:ss'), null, to_date('27-04-2017 16:33:24', 'dd-mm-yyyy hh24:mi:ss'), null);
insert into WMS_STORAGE_LOCATION (id, house_id, standard_id, loc_use_status, loc_no, loc_barcode, x_pos, y_pos, z_pos, loc_type, virtual_loc_type, is_loc_statistics, loc_vol, loc_vol_unit, storage_status, artificial_in_lock, artificial_out_lock, business_in_lock, business_out_lock, loc_is_error, loc_error_reason, forbid_in, forbid_out, is_equip_loc, equip_type, remark, is_active, create_datetime, create_by, last_modify_datetime, last_modify_by)
values ('51b49e86-9f14-443f-970a-c1b74baafc6c', '277d74c6-ef02-4d7f-948e-caaac11c0e13', null, 'available', 'LA030701', 'LA030701', 3, 7, 1, 'cubic', null, 0, 1, 'tray', 'empty', 0, 0, 0, 0, 0, null, 0, 1, 0, null, null, 1, to_date('27-04-2017 16:33:24', 'dd-mm-yyyy hh24:mi:ss'), null, to_date('27-04-2017 16:33:24', 'dd-mm-yyyy hh24:mi:ss'), null);
insert into WMS_STORAGE_LOCATION (id, house_id, standard_id, loc_use_status, loc_no, loc_barcode, x_pos, y_pos, z_pos, loc_type, virtual_loc_type, is_loc_statistics, loc_vol, loc_vol_unit, storage_status, artificial_in_lock, artificial_out_lock, business_in_lock, business_out_lock, loc_is_error, loc_error_reason, forbid_in, forbid_out, is_equip_loc, equip_type, remark, is_active, create_datetime, create_by, last_modify_datetime, last_modify_by)
values ('517bd479-0cda-4c6a-ab9b-d0b09ffb1479', '277d74c6-ef02-4d7f-948e-caaac11c0e13', null, 'available', 'LA030702', 'LA030702', 3, 7, 2, 'cubic', null, 0, 1, 'tray', 'empty', 0, 0, 0, 0, 0, null, 0, 1, 0, null, null, 1, to_date('27-04-2017 16:33:24', 'dd-mm-yyyy hh24:mi:ss'), null, to_date('27-04-2017 16:33:24', 'dd-mm-yyyy hh24:mi:ss'), null);
insert into WMS_STORAGE_LOCATION (id, house_id, standard_id, loc_use_status, loc_no, loc_barcode, x_pos, y_pos, z_pos, loc_type, virtual_loc_type, is_loc_statistics, loc_vol, loc_vol_unit, storage_status, artificial_in_lock, artificial_out_lock, business_in_lock, business_out_lock, loc_is_error, loc_error_reason, forbid_in, forbid_out, is_equip_loc, equip_type, remark, is_active, create_datetime, create_by, last_modify_datetime, last_modify_by)
values ('15e36fef-8078-4a58-8f80-ad85a53bfd15', '277d74c6-ef02-4d7f-948e-caaac11c0e13', null, 'available', 'LA030703', 'LA030703', 3, 7, 3, 'cubic', null, 0, 1, 'tray', 'empty', 0, 0, 0, 0, 0, null, 0, 1, 0, null, null, 1, to_date('27-04-2017 16:33:24', 'dd-mm-yyyy hh24:mi:ss'), null, to_date('27-04-2017 16:33:24', 'dd-mm-yyyy hh24:mi:ss'), null);
insert into WMS_STORAGE_LOCATION (id, house_id, standard_id, loc_use_status, loc_no, loc_barcode, x_pos, y_pos, z_pos, loc_type, virtual_loc_type, is_loc_statistics, loc_vol, loc_vol_unit, storage_status, artificial_in_lock, artificial_out_lock, business_in_lock, business_out_lock, loc_is_error, loc_error_reason, forbid_in, forbid_out, is_equip_loc, equip_type, remark, is_active, create_datetime, create_by, last_modify_datetime, last_modify_by)
values ('9af2589d-f15d-432e-be3a-dcbbd68e7c3a', '277d74c6-ef02-4d7f-948e-caaac11c0e13', null, 'available', 'LA030704', 'LA030704', 3, 7, 4, 'cubic', null, 0, 1, 'tray', 'empty', 0, 0, 0, 0, 0, null, 0, 1, 0, null, null, 1, to_date('27-04-2017 16:33:24', 'dd-mm-yyyy hh24:mi:ss'), null, to_date('27-04-2017 16:33:24', 'dd-mm-yyyy hh24:mi:ss'), null);
insert into WMS_STORAGE_LOCATION (id, house_id, standard_id, loc_use_status, loc_no, loc_barcode, x_pos, y_pos, z_pos, loc_type, virtual_loc_type, is_loc_statistics, loc_vol, loc_vol_unit, storage_status, artificial_in_lock, artificial_out_lock, business_in_lock, business_out_lock, loc_is_error, loc_error_reason, forbid_in, forbid_out, is_equip_loc, equip_type, remark, is_active, create_datetime, create_by, last_modify_datetime, last_modify_by)
values ('ae5031ea-3f8f-4952-8dcd-470899fbcd70', '277d74c6-ef02-4d7f-948e-caaac11c0e13', null, 'available', 'LA030801', 'LA030801', 3, 8, 1, 'cubic', null, 0, 1, 'tray', 'empty', 0, 0, 0, 0, 0, null, 0, 1, 0, null, null, 1, to_date('27-04-2017 16:33:24', 'dd-mm-yyyy hh24:mi:ss'), null, to_date('27-04-2017 16:33:24', 'dd-mm-yyyy hh24:mi:ss'), null);
insert into WMS_STORAGE_LOCATION (id, house_id, standard_id, loc_use_status, loc_no, loc_barcode, x_pos, y_pos, z_pos, loc_type, virtual_loc_type, is_loc_statistics, loc_vol, loc_vol_unit, storage_status, artificial_in_lock, artificial_out_lock, business_in_lock, business_out_lock, loc_is_error, loc_error_reason, forbid_in, forbid_out, is_equip_loc, equip_type, remark, is_active, create_datetime, create_by, last_modify_datetime, last_modify_by)
values ('8b352fb3-670b-4693-a234-d700c87e7309', '277d74c6-ef02-4d7f-948e-caaac11c0e13', null, 'available', 'LA030802', 'LA030802', 3, 8, 2, 'cubic', null, 0, 1, 'tray', 'empty', 0, 0, 0, 0, 0, null, 0, 1, 0, null, null, 1, to_date('27-04-2017 16:33:24', 'dd-mm-yyyy hh24:mi:ss'), null, to_date('27-04-2017 16:33:24', 'dd-mm-yyyy hh24:mi:ss'), null);
insert into WMS_STORAGE_LOCATION (id, house_id, standard_id, loc_use_status, loc_no, loc_barcode, x_pos, y_pos, z_pos, loc_type, virtual_loc_type, is_loc_statistics, loc_vol, loc_vol_unit, storage_status, artificial_in_lock, artificial_out_lock, business_in_lock, business_out_lock, loc_is_error, loc_error_reason, forbid_in, forbid_out, is_equip_loc, equip_type, remark, is_active, create_datetime, create_by, last_modify_datetime, last_modify_by)
values ('1984c28b-1f70-4438-adc2-fa299cd0afff', '277d74c6-ef02-4d7f-948e-caaac11c0e13', null, 'available', 'LA030803', 'LA030803', 3, 8, 3, 'cubic', null, 0, 1, 'tray', 'empty', 0, 0, 0, 0, 0, null, 0, 1, 0, null, null, 1, to_date('27-04-2017 16:33:24', 'dd-mm-yyyy hh24:mi:ss'), null, to_date('27-04-2017 16:33:24', 'dd-mm-yyyy hh24:mi:ss'), null);
insert into WMS_STORAGE_LOCATION (id, house_id, standard_id, loc_use_status, loc_no, loc_barcode, x_pos, y_pos, z_pos, loc_type, virtual_loc_type, is_loc_statistics, loc_vol, loc_vol_unit, storage_status, artificial_in_lock, artificial_out_lock, business_in_lock, business_out_lock, loc_is_error, loc_error_reason, forbid_in, forbid_out, is_equip_loc, equip_type, remark, is_active, create_datetime, create_by, last_modify_datetime, last_modify_by)
values ('4a834132-7d07-4d17-a8e0-bba744871e5e', '277d74c6-ef02-4d7f-948e-caaac11c0e13', null, 'available', 'LA030804', 'LA030804', 3, 8, 4, 'cubic', null, 0, 1, 'tray', 'empty', 0, 0, 0, 0, 0, null, 0, 1, 0, null, null, 1, to_date('27-04-2017 16:33:24', 'dd-mm-yyyy hh24:mi:ss'), null, to_date('27-04-2017 16:33:24', 'dd-mm-yyyy hh24:mi:ss'), null);
insert into WMS_STORAGE_LOCATION (id, house_id, standard_id, loc_use_status, loc_no, loc_barcode, x_pos, y_pos, z_pos, loc_type, virtual_loc_type, is_loc_statistics, loc_vol, loc_vol_unit, storage_status, artificial_in_lock, artificial_out_lock, business_in_lock, business_out_lock, loc_is_error, loc_error_reason, forbid_in, forbid_out, is_equip_loc, equip_type, remark, is_active, create_datetime, create_by, last_modify_datetime, last_modify_by)
values ('e3719e7d-338b-476f-9810-5952d34d881d', '277d74c6-ef02-4d7f-948e-caaac11c0e13', null, 'available', 'LA030901', 'LA030901', 3, 9, 1, 'cubic', null, 0, 1, 'tray', 'empty', 0, 0, 0, 0, 0, null, 0, 1, 0, null, null, 1, to_date('27-04-2017 16:33:24', 'dd-mm-yyyy hh24:mi:ss'), null, to_date('27-04-2017 16:33:24', 'dd-mm-yyyy hh24:mi:ss'), null);
insert into WMS_STORAGE_LOCATION (id, house_id, standard_id, loc_use_status, loc_no, loc_barcode, x_pos, y_pos, z_pos, loc_type, virtual_loc_type, is_loc_statistics, loc_vol, loc_vol_unit, storage_status, artificial_in_lock, artificial_out_lock, business_in_lock, business_out_lock, loc_is_error, loc_error_reason, forbid_in, forbid_out, is_equip_loc, equip_type, remark, is_active, create_datetime, create_by, last_modify_datetime, last_modify_by)
values ('aea8540d-f22c-4d11-a863-872033f4d686', '277d74c6-ef02-4d7f-948e-caaac11c0e13', null, 'available', 'LA030902', 'LA030902', 3, 9, 2, 'cubic', null, 0, 1, 'tray', 'empty', 0, 0, 0, 0, 0, null, 0, 1, 0, null, null, 1, to_date('27-04-2017 16:33:24', 'dd-mm-yyyy hh24:mi:ss'), null, to_date('27-04-2017 16:33:24', 'dd-mm-yyyy hh24:mi:ss'), null);
insert into WMS_STORAGE_LOCATION (id, house_id, standard_id, loc_use_status, loc_no, loc_barcode, x_pos, y_pos, z_pos, loc_type, virtual_loc_type, is_loc_statistics, loc_vol, loc_vol_unit, storage_status, artificial_in_lock, artificial_out_lock, business_in_lock, business_out_lock, loc_is_error, loc_error_reason, forbid_in, forbid_out, is_equip_loc, equip_type, remark, is_active, create_datetime, create_by, last_modify_datetime, last_modify_by)
values ('e54fe3a5-27a3-4c82-9813-19284d0e2cc5', '277d74c6-ef02-4d7f-948e-caaac11c0e13', null, 'available', 'LA030903', 'LA030903', 3, 9, 3, 'cubic', null, 0, 1, 'tray', 'empty', 0, 0, 0, 0, 0, null, 0, 1, 0, null, null, 1, to_date('27-04-2017 16:33:24', 'dd-mm-yyyy hh24:mi:ss'), null, to_date('27-04-2017 16:33:24', 'dd-mm-yyyy hh24:mi:ss'), null);
insert into WMS_STORAGE_LOCATION (id, house_id, standard_id, loc_use_status, loc_no, loc_barcode, x_pos, y_pos, z_pos, loc_type, virtual_loc_type, is_loc_statistics, loc_vol, loc_vol_unit, storage_status, artificial_in_lock, artificial_out_lock, business_in_lock, business_out_lock, loc_is_error, loc_error_reason, forbid_in, forbid_out, is_equip_loc, equip_type, remark, is_active, create_datetime, create_by, last_modify_datetime, last_modify_by)
values ('26c43151-73bb-4d56-8b9d-6aa095d26b82', '277d74c6-ef02-4d7f-948e-caaac11c0e13', null, 'available', 'LA030904', 'LA030904', 3, 9, 4, 'cubic', null, 0, 1, 'tray', 'empty', 0, 0, 0, 0, 0, null, 0, 1, 0, null, null, 1, to_date('27-04-2017 16:33:24', 'dd-mm-yyyy hh24:mi:ss'), null, to_date('27-04-2017 16:33:24', 'dd-mm-yyyy hh24:mi:ss'), null);
insert into WMS_STORAGE_LOCATION (id, house_id, standard_id, loc_use_status, loc_no, loc_barcode, x_pos, y_pos, z_pos, loc_type, virtual_loc_type, is_loc_statistics, loc_vol, loc_vol_unit, storage_status, artificial_in_lock, artificial_out_lock, business_in_lock, business_out_lock, loc_is_error, loc_error_reason, forbid_in, forbid_out, is_equip_loc, equip_type, remark, is_active, create_datetime, create_by, last_modify_datetime, last_modify_by)
values ('7808b20f-2c3a-4c81-aad6-5dbd7980d32f', '277d74c6-ef02-4d7f-948e-caaac11c0e13', null, 'available', 'LA031001', 'LA031001', 3, 10, 1, 'cubic', null, 0, 1, 'tray', 'empty', 0, 0, 0, 0, 0, null, 0, 1, 0, null, null, 1, to_date('27-04-2017 16:33:24', 'dd-mm-yyyy hh24:mi:ss'), null, to_date('27-04-2017 16:33:24', 'dd-mm-yyyy hh24:mi:ss'), null);
insert into WMS_STORAGE_LOCATION (id, house_id, standard_id, loc_use_status, loc_no, loc_barcode, x_pos, y_pos, z_pos, loc_type, virtual_loc_type, is_loc_statistics, loc_vol, loc_vol_unit, storage_status, artificial_in_lock, artificial_out_lock, business_in_lock, business_out_lock, loc_is_error, loc_error_reason, forbid_in, forbid_out, is_equip_loc, equip_type, remark, is_active, create_datetime, create_by, last_modify_datetime, last_modify_by)
values ('4c5ccf81-ddf2-4273-a107-0b275a2c3257', '277d74c6-ef02-4d7f-948e-caaac11c0e13', null, 'available', 'LA031002', 'LA031002', 3, 10, 2, 'cubic', null, 0, 1, 'tray', 'empty', 0, 0, 0, 0, 0, null, 0, 1, 0, null, null, 1, to_date('27-04-2017 16:33:24', 'dd-mm-yyyy hh24:mi:ss'), null, to_date('27-04-2017 16:33:24', 'dd-mm-yyyy hh24:mi:ss'), null);
insert into WMS_STORAGE_LOCATION (id, house_id, standard_id, loc_use_status, loc_no, loc_barcode, x_pos, y_pos, z_pos, loc_type, virtual_loc_type, is_loc_statistics, loc_vol, loc_vol_unit, storage_status, artificial_in_lock, artificial_out_lock, business_in_lock, business_out_lock, loc_is_error, loc_error_reason, forbid_in, forbid_out, is_equip_loc, equip_type, remark, is_active, create_datetime, create_by, last_modify_datetime, last_modify_by)
values ('99e53452-c844-47c4-8361-a55a03829748', '277d74c6-ef02-4d7f-948e-caaac11c0e13', null, 'available', 'LA031003', 'LA031003', 3, 10, 3, 'cubic', null, 0, 1, 'tray', 'empty', 0, 0, 0, 0, 0, null, 0, 1, 0, null, null, 1, to_date('27-04-2017 16:33:24', 'dd-mm-yyyy hh24:mi:ss'), null, to_date('27-04-2017 16:33:24', 'dd-mm-yyyy hh24:mi:ss'), null);
insert into WMS_STORAGE_LOCATION (id, house_id, standard_id, loc_use_status, loc_no, loc_barcode, x_pos, y_pos, z_pos, loc_type, virtual_loc_type, is_loc_statistics, loc_vol, loc_vol_unit, storage_status, artificial_in_lock, artificial_out_lock, business_in_lock, business_out_lock, loc_is_error, loc_error_reason, forbid_in, forbid_out, is_equip_loc, equip_type, remark, is_active, create_datetime, create_by, last_modify_datetime, last_modify_by)
values ('b0938c1a-5549-4439-a1d4-0d383463c774', '277d74c6-ef02-4d7f-948e-caaac11c0e13', null, 'available', 'LA031004', 'LA031004', 3, 10, 4, 'cubic', null, 0, 1, 'tray', 'empty', 0, 0, 0, 0, 0, null, 0, 1, 0, null, null, 1, to_date('27-04-2017 16:33:24', 'dd-mm-yyyy hh24:mi:ss'), null, to_date('27-04-2017 16:33:24', 'dd-mm-yyyy hh24:mi:ss'), null);
insert into WMS_STORAGE_LOCATION (id, house_id, standard_id, loc_use_status, loc_no, loc_barcode, x_pos, y_pos, z_pos, loc_type, virtual_loc_type, is_loc_statistics, loc_vol, loc_vol_unit, storage_status, artificial_in_lock, artificial_out_lock, business_in_lock, business_out_lock, loc_is_error, loc_error_reason, forbid_in, forbid_out, is_equip_loc, equip_type, remark, is_active, create_datetime, create_by, last_modify_datetime, last_modify_by)
values ('8c96c4d9-d32e-4f1b-8f45-aa0cd9ebb246', '277d74c6-ef02-4d7f-948e-caaac11c0e13', null, 'available', 'LA031101', 'LA031101', 3, 11, 1, 'cubic', null, 0, 1, 'tray', 'empty', 0, 0, 0, 0, 0, null, 0, 1, 0, null, null, 1, to_date('27-04-2017 16:33:24', 'dd-mm-yyyy hh24:mi:ss'), null, to_date('27-04-2017 16:33:24', 'dd-mm-yyyy hh24:mi:ss'), null);
insert into WMS_STORAGE_LOCATION (id, house_id, standard_id, loc_use_status, loc_no, loc_barcode, x_pos, y_pos, z_pos, loc_type, virtual_loc_type, is_loc_statistics, loc_vol, loc_vol_unit, storage_status, artificial_in_lock, artificial_out_lock, business_in_lock, business_out_lock, loc_is_error, loc_error_reason, forbid_in, forbid_out, is_equip_loc, equip_type, remark, is_active, create_datetime, create_by, last_modify_datetime, last_modify_by)
values ('9a71f474-59c7-4794-b5fe-8524a583775a', '277d74c6-ef02-4d7f-948e-caaac11c0e13', null, 'available', 'LA031102', 'LA031102', 3, 11, 2, 'cubic', null, 0, 1, 'tray', 'empty', 0, 0, 0, 0, 0, null, 0, 1, 0, null, null, 1, to_date('27-04-2017 16:33:24', 'dd-mm-yyyy hh24:mi:ss'), null, to_date('27-04-2017 16:33:24', 'dd-mm-yyyy hh24:mi:ss'), null);
insert into WMS_STORAGE_LOCATION (id, house_id, standard_id, loc_use_status, loc_no, loc_barcode, x_pos, y_pos, z_pos, loc_type, virtual_loc_type, is_loc_statistics, loc_vol, loc_vol_unit, storage_status, artificial_in_lock, artificial_out_lock, business_in_lock, business_out_lock, loc_is_error, loc_error_reason, forbid_in, forbid_out, is_equip_loc, equip_type, remark, is_active, create_datetime, create_by, last_modify_datetime, last_modify_by)
values ('91d8485d-ccd2-480b-9cb1-eba39dd1fb68', '277d74c6-ef02-4d7f-948e-caaac11c0e13', null, 'available', 'LA031103', 'LA031103', 3, 11, 3, 'cubic', null, 0, 1, 'tray', 'empty', 0, 0, 0, 0, 0, null, 0, 1, 0, null, null, 1, to_date('27-04-2017 16:33:24', 'dd-mm-yyyy hh24:mi:ss'), null, to_date('27-04-2017 16:33:24', 'dd-mm-yyyy hh24:mi:ss'), null);
insert into WMS_STORAGE_LOCATION (id, house_id, standard_id, loc_use_status, loc_no, loc_barcode, x_pos, y_pos, z_pos, loc_type, virtual_loc_type, is_loc_statistics, loc_vol, loc_vol_unit, storage_status, artificial_in_lock, artificial_out_lock, business_in_lock, business_out_lock, loc_is_error, loc_error_reason, forbid_in, forbid_out, is_equip_loc, equip_type, remark, is_active, create_datetime, create_by, last_modify_datetime, last_modify_by)
values ('6396a2c4-c5a4-48b2-b1c2-3811e822170c', '277d74c6-ef02-4d7f-948e-caaac11c0e13', null, 'available', 'LA031104', 'LA031104', 3, 11, 4, 'cubic', null, 0, 1, 'tray', 'empty', 0, 0, 0, 0, 0, null, 0, 1, 0, null, null, 1, to_date('27-04-2017 16:33:24', 'dd-mm-yyyy hh24:mi:ss'), null, to_date('27-04-2017 16:33:24', 'dd-mm-yyyy hh24:mi:ss'), null);
insert into WMS_STORAGE_LOCATION (id, house_id, standard_id, loc_use_status, loc_no, loc_barcode, x_pos, y_pos, z_pos, loc_type, virtual_loc_type, is_loc_statistics, loc_vol, loc_vol_unit, storage_status, artificial_in_lock, artificial_out_lock, business_in_lock, business_out_lock, loc_is_error, loc_error_reason, forbid_in, forbid_out, is_equip_loc, equip_type, remark, is_active, create_datetime, create_by, last_modify_datetime, last_modify_by)
values ('eefa04eb-fac6-49b8-a2d7-4d509ef12216', '277d74c6-ef02-4d7f-948e-caaac11c0e13', null, 'available', '1010', null, null, null, null, 'virtual', null, 0, null, null, 'empty', 0, 0, 0, 0, 0, null, 0, 1, 0, '化成柜', null, 1, to_date('27-04-2017 15:12:47', 'dd-mm-yyyy hh24:mi:ss'), null, to_date('27-04-2017 15:12:47', 'dd-mm-yyyy hh24:mi:ss'), null);
insert into WMS_STORAGE_LOCATION (id, house_id, standard_id, loc_use_status, loc_no, loc_barcode, x_pos, y_pos, z_pos, loc_type, virtual_loc_type, is_loc_statistics, loc_vol, loc_vol_unit, storage_status, artificial_in_lock, artificial_out_lock, business_in_lock, business_out_lock, loc_is_error, loc_error_reason, forbid_in, forbid_out, is_equip_loc, equip_type, remark, is_active, create_datetime, create_by, last_modify_datetime, last_modify_by)
values ('5fbde07e-c5b7-4caf-8f2e-b9798ff2d987', '277d74c6-ef02-4d7f-948e-caaac11c0e13', null, 'available', '1190', null, null, null, null, 'virtual', null, 0, null, null, 'empty', 0, 0, 0, 0, 0, null, 0, 1, 0, '化成柜', null, 1, to_date('27-04-2017 15:13:15', 'dd-mm-yyyy hh24:mi:ss'), null, to_date('27-04-2017 15:13:15', 'dd-mm-yyyy hh24:mi:ss'), null);
insert into WMS_STORAGE_LOCATION (id, house_id, standard_id, loc_use_status, loc_no, loc_barcode, x_pos, y_pos, z_pos, loc_type, virtual_loc_type, is_loc_statistics, loc_vol, loc_vol_unit, storage_status, artificial_in_lock, artificial_out_lock, business_in_lock, business_out_lock, loc_is_error, loc_error_reason, forbid_in, forbid_out, is_equip_loc, equip_type, remark, is_active, create_datetime, create_by, last_modify_datetime, last_modify_by)
values ('512fe0a0-5a25-407e-bdc5-c70e8f5407f7', '277d74c6-ef02-4d7f-948e-caaac11c0e13', null, 'available', '1300', null, null, null, null, 'virtual', null, 0, null, null, 'empty', 0, 0, 0, 0, 0, null, 0, 1, 0, '化成柜', null, 1, to_date('27-04-2017 15:13:36', 'dd-mm-yyyy hh24:mi:ss'), null, to_date('27-04-2017 15:13:36', 'dd-mm-yyyy hh24:mi:ss'), null);
insert into WMS_STORAGE_LOCATION (id, house_id, standard_id, loc_use_status, loc_no, loc_barcode, x_pos, y_pos, z_pos, loc_type, virtual_loc_type, is_loc_statistics, loc_vol, loc_vol_unit, storage_status, artificial_in_lock, artificial_out_lock, business_in_lock, business_out_lock, loc_is_error, loc_error_reason, forbid_in, forbid_out, is_equip_loc, equip_type, remark, is_active, create_datetime, create_by, last_modify_datetime, last_modify_by)
values ('b137e31a-cb6f-48fb-b37c-c255fc679ac4', '277d74c6-ef02-4d7f-948e-caaac11c0e13', null, 'available', '1310', null, null, null, null, 'virtual', null, 0, null, null, 'empty', 0, 0, 0, 0, 0, null, 0, 1, 0, '化成柜', null, 1, to_date('27-04-2017 15:13:47', 'dd-mm-yyyy hh24:mi:ss'), null, to_date('27-04-2017 15:13:47', 'dd-mm-yyyy hh24:mi:ss'), null);
insert into WMS_STORAGE_LOCATION (id, house_id, standard_id, loc_use_status, loc_no, loc_barcode, x_pos, y_pos, z_pos, loc_type, virtual_loc_type, is_loc_statistics, loc_vol, loc_vol_unit, storage_status, artificial_in_lock, artificial_out_lock, business_in_lock, business_out_lock, loc_is_error, loc_error_reason, forbid_in, forbid_out, is_equip_loc, equip_type, remark, is_active, create_datetime, create_by, last_modify_datetime, last_modify_by)
values ('8895164f-4be3-4ecd-9826-25f5ebc84f39', '277d74c6-ef02-4d7f-948e-caaac11c0e13', null, 'available', 'LA010201', 'LA010201', 1, 2, 1, 'cubic', null, 0, 1, 'tray', 'empty', 0, 0, 0, 0, 0, null, 0, 1, 0, null, null, 1, to_date('27-04-2017 16:29:24', 'dd-mm-yyyy hh24:mi:ss'), null, to_date('27-04-2017 16:29:24', 'dd-mm-yyyy hh24:mi:ss'), null);
insert into WMS_STORAGE_LOCATION (id, house_id, standard_id, loc_use_status, loc_no, loc_barcode, x_pos, y_pos, z_pos, loc_type, virtual_loc_type, is_loc_statistics, loc_vol, loc_vol_unit, storage_status, artificial_in_lock, artificial_out_lock, business_in_lock, business_out_lock, loc_is_error, loc_error_reason, forbid_in, forbid_out, is_equip_loc, equip_type, remark, is_active, create_datetime, create_by, last_modify_datetime, last_modify_by)
values ('0706d31c-86c0-4f12-9578-f1cbe6b3a520', '277d74c6-ef02-4d7f-948e-caaac11c0e13', null, 'available', 'LA010202', 'LA010202', 1, 2, 2, 'cubic', null, 0, 1, 'tray', 'empty', 0, 0, 0, 0, 0, null, 0, 1, 0, null, null, 1, to_date('27-04-2017 16:29:24', 'dd-mm-yyyy hh24:mi:ss'), null, to_date('27-04-2017 16:29:24', 'dd-mm-yyyy hh24:mi:ss'), null);
insert into WMS_STORAGE_LOCATION (id, house_id, standard_id, loc_use_status, loc_no, loc_barcode, x_pos, y_pos, z_pos, loc_type, virtual_loc_type, is_loc_statistics, loc_vol, loc_vol_unit, storage_status, artificial_in_lock, artificial_out_lock, business_in_lock, business_out_lock, loc_is_error, loc_error_reason, forbid_in, forbid_out, is_equip_loc, equip_type, remark, is_active, create_datetime, create_by, last_modify_datetime, last_modify_by)
values ('0ac758b6-6fc2-4f52-b6b3-169cb04c9751', '277d74c6-ef02-4d7f-948e-caaac11c0e13', null, 'available', 'LA010203', 'LA010203', 1, 2, 3, 'cubic', null, 0, 1, 'tray', 'empty', 0, 0, 0, 0, 0, null, 0, 1, 0, null, null, 1, to_date('27-04-2017 16:29:24', 'dd-mm-yyyy hh24:mi:ss'), null, to_date('27-04-2017 16:29:24', 'dd-mm-yyyy hh24:mi:ss'), null);
insert into WMS_STORAGE_LOCATION (id, house_id, standard_id, loc_use_status, loc_no, loc_barcode, x_pos, y_pos, z_pos, loc_type, virtual_loc_type, is_loc_statistics, loc_vol, loc_vol_unit, storage_status, artificial_in_lock, artificial_out_lock, business_in_lock, business_out_lock, loc_is_error, loc_error_reason, forbid_in, forbid_out, is_equip_loc, equip_type, remark, is_active, create_datetime, create_by, last_modify_datetime, last_modify_by)
values ('7c6701cd-b177-4e58-baad-0bd6cadbff35', '277d74c6-ef02-4d7f-948e-caaac11c0e13', null, 'available', 'LA010204', 'LA010204', 1, 2, 4, 'cubic', null, 0, 1, 'tray', 'empty', 0, 0, 0, 0, 0, null, 0, 1, 0, null, null, 1, to_date('27-04-2017 16:29:24', 'dd-mm-yyyy hh24:mi:ss'), null, to_date('27-04-2017 16:29:24', 'dd-mm-yyyy hh24:mi:ss'), null);
insert into WMS_STORAGE_LOCATION (id, house_id, standard_id, loc_use_status, loc_no, loc_barcode, x_pos, y_pos, z_pos, loc_type, virtual_loc_type, is_loc_statistics, loc_vol, loc_vol_unit, storage_status, artificial_in_lock, artificial_out_lock, business_in_lock, business_out_lock, loc_is_error, loc_error_reason, forbid_in, forbid_out, is_equip_loc, equip_type, remark, is_active, create_datetime, create_by, last_modify_datetime, last_modify_by)
values ('c9d1c42a-d2bc-4bbf-9cbf-6ab295829652', '277d74c6-ef02-4d7f-948e-caaac11c0e13', null, 'available', 'LA010205', 'LA010205', 1, 2, 5, 'cubic', null, 0, 1, 'tray', 'empty', 0, 0, 0, 0, 0, null, 0, 1, 0, null, null, 1, to_date('27-04-2017 16:29:24', 'dd-mm-yyyy hh24:mi:ss'), null, to_date('27-04-2017 16:29:24', 'dd-mm-yyyy hh24:mi:ss'), null);
insert into WMS_STORAGE_LOCATION (id, house_id, standard_id, loc_use_status, loc_no, loc_barcode, x_pos, y_pos, z_pos, loc_type, virtual_loc_type, is_loc_statistics, loc_vol, loc_vol_unit, storage_status, artificial_in_lock, artificial_out_lock, business_in_lock, business_out_lock, loc_is_error, loc_error_reason, forbid_in, forbid_out, is_equip_loc, equip_type, remark, is_active, create_datetime, create_by, last_modify_datetime, last_modify_by)
values ('e18e7f3e-9ba6-4c3c-ba22-1bda8429e982', '277d74c6-ef02-4d7f-948e-caaac11c0e13', null, 'available', 'LA010206', 'LA010206', 1, 2, 6, 'cubic', null, 0, 1, 'tray', 'empty', 0, 0, 0, 0, 0, null, 0, 1, 0, null, null, 1, to_date('27-04-2017 16:29:24', 'dd-mm-yyyy hh24:mi:ss'), null, to_date('27-04-2017 16:29:24', 'dd-mm-yyyy hh24:mi:ss'), null);
insert into WMS_STORAGE_LOCATION (id, house_id, standard_id, loc_use_status, loc_no, loc_barcode, x_pos, y_pos, z_pos, loc_type, virtual_loc_type, is_loc_statistics, loc_vol, loc_vol_unit, storage_status, artificial_in_lock, artificial_out_lock, business_in_lock, business_out_lock, loc_is_error, loc_error_reason, forbid_in, forbid_out, is_equip_loc, equip_type, remark, is_active, create_datetime, create_by, last_modify_datetime, last_modify_by)
values ('5f6870b4-6d8f-4a1a-a39e-509c359129af', '277d74c6-ef02-4d7f-948e-caaac11c0e13', null, 'available', 'LA010207', 'LA010207', 1, 2, 7, 'cubic', null, 0, 1, 'tray', 'empty', 0, 0, 0, 0, 0, null, 0, 1, 0, null, null, 1, to_date('27-04-2017 16:29:24', 'dd-mm-yyyy hh24:mi:ss'), null, to_date('27-04-2017 16:29:24', 'dd-mm-yyyy hh24:mi:ss'), null);
insert into WMS_STORAGE_LOCATION (id, house_id, standard_id, loc_use_status, loc_no, loc_barcode, x_pos, y_pos, z_pos, loc_type, virtual_loc_type, is_loc_statistics, loc_vol, loc_vol_unit, storage_status, artificial_in_lock, artificial_out_lock, business_in_lock, business_out_lock, loc_is_error, loc_error_reason, forbid_in, forbid_out, is_equip_loc, equip_type, remark, is_active, create_datetime, create_by, last_modify_datetime, last_modify_by)
values ('140a49aa-eee3-460f-9c70-493405b1a886', '277d74c6-ef02-4d7f-948e-caaac11c0e13', null, 'available', 'LA010301', 'LA010301', 1, 3, 1, 'cubic', null, 0, 1, 'tray', 'empty', 0, 0, 0, 0, 0, null, 0, 1, 0, null, null, 1, to_date('27-04-2017 16:29:24', 'dd-mm-yyyy hh24:mi:ss'), null, to_date('27-04-2017 16:29:24', 'dd-mm-yyyy hh24:mi:ss'), null);
insert into WMS_STORAGE_LOCATION (id, house_id, standard_id, loc_use_status, loc_no, loc_barcode, x_pos, y_pos, z_pos, loc_type, virtual_loc_type, is_loc_statistics, loc_vol, loc_vol_unit, storage_status, artificial_in_lock, artificial_out_lock, business_in_lock, business_out_lock, loc_is_error, loc_error_reason, forbid_in, forbid_out, is_equip_loc, equip_type, remark, is_active, create_datetime, create_by, last_modify_datetime, last_modify_by)
values ('56918449-3035-44d1-ae4f-0738c0e9af31', '277d74c6-ef02-4d7f-948e-caaac11c0e13', null, 'available', 'LA010302', 'LA010302', 1, 3, 2, 'cubic', null, 0, 1, 'tray', 'empty', 0, 0, 0, 0, 0, null, 0, 1, 0, null, null, 1, to_date('27-04-2017 16:29:24', 'dd-mm-yyyy hh24:mi:ss'), null, to_date('27-04-2017 16:29:24', 'dd-mm-yyyy hh24:mi:ss'), null);
insert into WMS_STORAGE_LOCATION (id, house_id, standard_id, loc_use_status, loc_no, loc_barcode, x_pos, y_pos, z_pos, loc_type, virtual_loc_type, is_loc_statistics, loc_vol, loc_vol_unit, storage_status, artificial_in_lock, artificial_out_lock, business_in_lock, business_out_lock, loc_is_error, loc_error_reason, forbid_in, forbid_out, is_equip_loc, equip_type, remark, is_active, create_datetime, create_by, last_modify_datetime, last_modify_by)
values ('56f91a4f-606b-45ac-9280-9650164a8ae1', '277d74c6-ef02-4d7f-948e-caaac11c0e13', null, 'available', 'LA010303', 'LA010303', 1, 3, 3, 'cubic', null, 0, 1, 'tray', 'empty', 0, 0, 0, 0, 0, null, 0, 1, 0, null, null, 1, to_date('27-04-2017 16:29:24', 'dd-mm-yyyy hh24:mi:ss'), null, to_date('27-04-2017 16:29:24', 'dd-mm-yyyy hh24:mi:ss'), null);
insert into WMS_STORAGE_LOCATION (id, house_id, standard_id, loc_use_status, loc_no, loc_barcode, x_pos, y_pos, z_pos, loc_type, virtual_loc_type, is_loc_statistics, loc_vol, loc_vol_unit, storage_status, artificial_in_lock, artificial_out_lock, business_in_lock, business_out_lock, loc_is_error, loc_error_reason, forbid_in, forbid_out, is_equip_loc, equip_type, remark, is_active, create_datetime, create_by, last_modify_datetime, last_modify_by)
values ('d044c0c7-66a5-41da-aabe-72aa12f7f742', '277d74c6-ef02-4d7f-948e-caaac11c0e13', null, 'available', 'LA010304', 'LA010304', 1, 3, 4, 'cubic', null, 0, 1, 'tray', 'empty', 0, 0, 0, 0, 0, null, 0, 1, 0, null, null, 1, to_date('27-04-2017 16:29:24', 'dd-mm-yyyy hh24:mi:ss'), null, to_date('27-04-2017 16:29:24', 'dd-mm-yyyy hh24:mi:ss'), null);
insert into WMS_STORAGE_LOCATION (id, house_id, standard_id, loc_use_status, loc_no, loc_barcode, x_pos, y_pos, z_pos, loc_type, virtual_loc_type, is_loc_statistics, loc_vol, loc_vol_unit, storage_status, artificial_in_lock, artificial_out_lock, business_in_lock, business_out_lock, loc_is_error, loc_error_reason, forbid_in, forbid_out, is_equip_loc, equip_type, remark, is_active, create_datetime, create_by, last_modify_datetime, last_modify_by)
values ('21b2a41b-b588-4cb5-8d13-809d9ee0e667', '277d74c6-ef02-4d7f-948e-caaac11c0e13', null, 'available', 'LA010305', 'LA010305', 1, 3, 5, 'cubic', null, 0, 1, 'tray', 'empty', 0, 0, 0, 0, 0, null, 0, 1, 0, null, null, 1, to_date('27-04-2017 16:29:24', 'dd-mm-yyyy hh24:mi:ss'), null, to_date('27-04-2017 16:29:24', 'dd-mm-yyyy hh24:mi:ss'), null);
insert into WMS_STORAGE_LOCATION (id, house_id, standard_id, loc_use_status, loc_no, loc_barcode, x_pos, y_pos, z_pos, loc_type, virtual_loc_type, is_loc_statistics, loc_vol, loc_vol_unit, storage_status, artificial_in_lock, artificial_out_lock, business_in_lock, business_out_lock, loc_is_error, loc_error_reason, forbid_in, forbid_out, is_equip_loc, equip_type, remark, is_active, create_datetime, create_by, last_modify_datetime, last_modify_by)
values ('4b42225c-ae50-4509-a8e2-47c15ff1cbcf', '277d74c6-ef02-4d7f-948e-caaac11c0e13', null, 'available', 'LA010306', 'LA010306', 1, 3, 6, 'cubic', null, 0, 1, 'tray', 'empty', 0, 0, 0, 0, 0, null, 0, 1, 0, null, null, 1, to_date('27-04-2017 16:29:24', 'dd-mm-yyyy hh24:mi:ss'), null, to_date('27-04-2017 16:29:24', 'dd-mm-yyyy hh24:mi:ss'), null);
insert into WMS_STORAGE_LOCATION (id, house_id, standard_id, loc_use_status, loc_no, loc_barcode, x_pos, y_pos, z_pos, loc_type, virtual_loc_type, is_loc_statistics, loc_vol, loc_vol_unit, storage_status, artificial_in_lock, artificial_out_lock, business_in_lock, business_out_lock, loc_is_error, loc_error_reason, forbid_in, forbid_out, is_equip_loc, equip_type, remark, is_active, create_datetime, create_by, last_modify_datetime, last_modify_by)
values ('9a33270d-5081-40d1-b007-c47443afe912', '277d74c6-ef02-4d7f-948e-caaac11c0e13', null, 'available', 'LA010307', 'LA010307', 1, 3, 7, 'cubic', null, 0, 1, 'tray', 'empty', 0, 0, 0, 0, 0, null, 0, 1, 0, null, null, 1, to_date('27-04-2017 16:29:24', 'dd-mm-yyyy hh24:mi:ss'), null, to_date('27-04-2017 16:29:24', 'dd-mm-yyyy hh24:mi:ss'), null);
insert into WMS_STORAGE_LOCATION (id, house_id, standard_id, loc_use_status, loc_no, loc_barcode, x_pos, y_pos, z_pos, loc_type, virtual_loc_type, is_loc_statistics, loc_vol, loc_vol_unit, storage_status, artificial_in_lock, artificial_out_lock, business_in_lock, business_out_lock, loc_is_error, loc_error_reason, forbid_in, forbid_out, is_equip_loc, equip_type, remark, is_active, create_datetime, create_by, last_modify_datetime, last_modify_by)
values ('dd22a4de-81e4-4095-b113-757a51894dfc', '277d74c6-ef02-4d7f-948e-caaac11c0e13', null, 'available', 'LA010401', 'LA010401', 1, 4, 1, 'cubic', null, 0, 1, 'tray', 'empty', 0, 0, 0, 0, 0, null, 0, 1, 0, null, null, 1, to_date('27-04-2017 16:29:24', 'dd-mm-yyyy hh24:mi:ss'), null, to_date('27-04-2017 16:29:24', 'dd-mm-yyyy hh24:mi:ss'), null);
insert into WMS_STORAGE_LOCATION (id, house_id, standard_id, loc_use_status, loc_no, loc_barcode, x_pos, y_pos, z_pos, loc_type, virtual_loc_type, is_loc_statistics, loc_vol, loc_vol_unit, storage_status, artificial_in_lock, artificial_out_lock, business_in_lock, business_out_lock, loc_is_error, loc_error_reason, forbid_in, forbid_out, is_equip_loc, equip_type, remark, is_active, create_datetime, create_by, last_modify_datetime, last_modify_by)
values ('23c67ef4-dcd3-4cb8-b876-fa4353d0222c', '277d74c6-ef02-4d7f-948e-caaac11c0e13', null, 'available', 'LA010402', 'LA010402', 1, 4, 2, 'cubic', null, 0, 1, 'tray', 'empty', 0, 0, 0, 0, 0, null, 0, 1, 0, null, null, 1, to_date('27-04-2017 16:29:24', 'dd-mm-yyyy hh24:mi:ss'), null, to_date('27-04-2017 16:29:24', 'dd-mm-yyyy hh24:mi:ss'), null);
insert into WMS_STORAGE_LOCATION (id, house_id, standard_id, loc_use_status, loc_no, loc_barcode, x_pos, y_pos, z_pos, loc_type, virtual_loc_type, is_loc_statistics, loc_vol, loc_vol_unit, storage_status, artificial_in_lock, artificial_out_lock, business_in_lock, business_out_lock, loc_is_error, loc_error_reason, forbid_in, forbid_out, is_equip_loc, equip_type, remark, is_active, create_datetime, create_by, last_modify_datetime, last_modify_by)
values ('9659b045-f906-43d9-9f69-518bfab42e6d', '277d74c6-ef02-4d7f-948e-caaac11c0e13', null, 'available', 'LA010403', 'LA010403', 1, 4, 3, 'cubic', null, 0, 1, 'tray', 'empty', 0, 0, 0, 0, 0, null, 0, 1, 0, null, null, 1, to_date('27-04-2017 16:29:24', 'dd-mm-yyyy hh24:mi:ss'), null, to_date('27-04-2017 16:29:24', 'dd-mm-yyyy hh24:mi:ss'), null);
insert into WMS_STORAGE_LOCATION (id, house_id, standard_id, loc_use_status, loc_no, loc_barcode, x_pos, y_pos, z_pos, loc_type, virtual_loc_type, is_loc_statistics, loc_vol, loc_vol_unit, storage_status, artificial_in_lock, artificial_out_lock, business_in_lock, business_out_lock, loc_is_error, loc_error_reason, forbid_in, forbid_out, is_equip_loc, equip_type, remark, is_active, create_datetime, create_by, last_modify_datetime, last_modify_by)
values ('385b88b3-5387-4a7c-a80c-aecbb982acd6', '277d74c6-ef02-4d7f-948e-caaac11c0e13', null, 'available', 'LA010404', 'LA010404', 1, 4, 4, 'cubic', null, 0, 1, 'tray', 'empty', 0, 0, 0, 0, 0, null, 0, 1, 0, null, null, 1, to_date('27-04-2017 16:29:24', 'dd-mm-yyyy hh24:mi:ss'), null, to_date('27-04-2017 16:29:24', 'dd-mm-yyyy hh24:mi:ss'), null);
insert into WMS_STORAGE_LOCATION (id, house_id, standard_id, loc_use_status, loc_no, loc_barcode, x_pos, y_pos, z_pos, loc_type, virtual_loc_type, is_loc_statistics, loc_vol, loc_vol_unit, storage_status, artificial_in_lock, artificial_out_lock, business_in_lock, business_out_lock, loc_is_error, loc_error_reason, forbid_in, forbid_out, is_equip_loc, equip_type, remark, is_active, create_datetime, create_by, last_modify_datetime, last_modify_by)
values ('37071596-9b87-434d-b45d-eb9c059dca45', '277d74c6-ef02-4d7f-948e-caaac11c0e13', null, 'available', 'LA010405', 'LA010405', 1, 4, 5, 'cubic', null, 0, 1, 'tray', 'empty', 0, 0, 0, 0, 0, null, 0, 1, 0, null, null, 1, to_date('27-04-2017 16:29:24', 'dd-mm-yyyy hh24:mi:ss'), null, to_date('27-04-2017 16:29:24', 'dd-mm-yyyy hh24:mi:ss'), null);
insert into WMS_STORAGE_LOCATION (id, house_id, standard_id, loc_use_status, loc_no, loc_barcode, x_pos, y_pos, z_pos, loc_type, virtual_loc_type, is_loc_statistics, loc_vol, loc_vol_unit, storage_status, artificial_in_lock, artificial_out_lock, business_in_lock, business_out_lock, loc_is_error, loc_error_reason, forbid_in, forbid_out, is_equip_loc, equip_type, remark, is_active, create_datetime, create_by, last_modify_datetime, last_modify_by)
values ('08ed0173-38f8-4262-82c0-7e218e298dc9', '277d74c6-ef02-4d7f-948e-caaac11c0e13', null, 'available', 'LA010406', 'LA010406', 1, 4, 6, 'cubic', null, 0, 1, 'tray', 'empty', 0, 0, 0, 0, 0, null, 0, 1, 0, null, null, 1, to_date('27-04-2017 16:29:24', 'dd-mm-yyyy hh24:mi:ss'), null, to_date('27-04-2017 16:29:24', 'dd-mm-yyyy hh24:mi:ss'), null);
insert into WMS_STORAGE_LOCATION (id, house_id, standard_id, loc_use_status, loc_no, loc_barcode, x_pos, y_pos, z_pos, loc_type, virtual_loc_type, is_loc_statistics, loc_vol, loc_vol_unit, storage_status, artificial_in_lock, artificial_out_lock, business_in_lock, business_out_lock, loc_is_error, loc_error_reason, forbid_in, forbid_out, is_equip_loc, equip_type, remark, is_active, create_datetime, create_by, last_modify_datetime, last_modify_by)
values ('b68b42d8-4464-419d-a87e-d5a2eed32184', '277d74c6-ef02-4d7f-948e-caaac11c0e13', null, 'available', 'LA010407', 'LA010407', 1, 4, 7, 'cubic', null, 0, 1, 'tray', 'empty', 0, 0, 0, 0, 0, null, 0, 1, 0, null, null, 1, to_date('27-04-2017 16:29:24', 'dd-mm-yyyy hh24:mi:ss'), null, to_date('27-04-2017 16:29:24', 'dd-mm-yyyy hh24:mi:ss'), null);
insert into WMS_STORAGE_LOCATION (id, house_id, standard_id, loc_use_status, loc_no, loc_barcode, x_pos, y_pos, z_pos, loc_type, virtual_loc_type, is_loc_statistics, loc_vol, loc_vol_unit, storage_status, artificial_in_lock, artificial_out_lock, business_in_lock, business_out_lock, loc_is_error, loc_error_reason, forbid_in, forbid_out, is_equip_loc, equip_type, remark, is_active, create_datetime, create_by, last_modify_datetime, last_modify_by)
values ('85a7583a-a14d-4a82-bfb7-51ccebe25ac8', '277d74c6-ef02-4d7f-948e-caaac11c0e13', null, 'available', 'LA010501', 'LA010501', 1, 5, 1, 'cubic', null, 0, 1, 'tray', 'empty', 0, 0, 0, 0, 0, null, 0, 1, 0, null, null, 1, to_date('27-04-2017 16:29:24', 'dd-mm-yyyy hh24:mi:ss'), null, to_date('27-04-2017 16:29:24', 'dd-mm-yyyy hh24:mi:ss'), null);
insert into WMS_STORAGE_LOCATION (id, house_id, standard_id, loc_use_status, loc_no, loc_barcode, x_pos, y_pos, z_pos, loc_type, virtual_loc_type, is_loc_statistics, loc_vol, loc_vol_unit, storage_status, artificial_in_lock, artificial_out_lock, business_in_lock, business_out_lock, loc_is_error, loc_error_reason, forbid_in, forbid_out, is_equip_loc, equip_type, remark, is_active, create_datetime, create_by, last_modify_datetime, last_modify_by)
values ('8857ebe9-fb95-4683-a3ec-ff6fc070bbb2', '277d74c6-ef02-4d7f-948e-caaac11c0e13', null, 'available', 'LA010502', 'LA010502', 1, 5, 2, 'cubic', null, 0, 1, 'tray', 'empty', 0, 0, 0, 0, 0, null, 0, 1, 0, null, null, 1, to_date('27-04-2017 16:29:24', 'dd-mm-yyyy hh24:mi:ss'), null, to_date('27-04-2017 16:29:24', 'dd-mm-yyyy hh24:mi:ss'), null);
insert into WMS_STORAGE_LOCATION (id, house_id, standard_id, loc_use_status, loc_no, loc_barcode, x_pos, y_pos, z_pos, loc_type, virtual_loc_type, is_loc_statistics, loc_vol, loc_vol_unit, storage_status, artificial_in_lock, artificial_out_lock, business_in_lock, business_out_lock, loc_is_error, loc_error_reason, forbid_in, forbid_out, is_equip_loc, equip_type, remark, is_active, create_datetime, create_by, last_modify_datetime, last_modify_by)
values ('2207c0d7-9969-47c5-8aa8-fbeed537c756', '277d74c6-ef02-4d7f-948e-caaac11c0e13', null, 'available', 'LA010503', 'LA010503', 1, 5, 3, 'cubic', null, 0, 1, 'tray', 'empty', 0, 0, 0, 0, 0, null, 0, 1, 0, null, null, 1, to_date('27-04-2017 16:29:24', 'dd-mm-yyyy hh24:mi:ss'), null, to_date('27-04-2017 16:29:24', 'dd-mm-yyyy hh24:mi:ss'), null);
insert into WMS_STORAGE_LOCATION (id, house_id, standard_id, loc_use_status, loc_no, loc_barcode, x_pos, y_pos, z_pos, loc_type, virtual_loc_type, is_loc_statistics, loc_vol, loc_vol_unit, storage_status, artificial_in_lock, artificial_out_lock, business_in_lock, business_out_lock, loc_is_error, loc_error_reason, forbid_in, forbid_out, is_equip_loc, equip_type, remark, is_active, create_datetime, create_by, last_modify_datetime, last_modify_by)
values ('35bd0819-a5cc-401e-9d66-a51de9f1e275', '277d74c6-ef02-4d7f-948e-caaac11c0e13', null, 'available', 'LA010504', 'LA010504', 1, 5, 4, 'cubic', null, 0, 1, 'tray', 'empty', 0, 0, 0, 0, 0, null, 0, 1, 0, null, null, 1, to_date('27-04-2017 16:29:24', 'dd-mm-yyyy hh24:mi:ss'), null, to_date('27-04-2017 16:29:24', 'dd-mm-yyyy hh24:mi:ss'), null);
insert into WMS_STORAGE_LOCATION (id, house_id, standard_id, loc_use_status, loc_no, loc_barcode, x_pos, y_pos, z_pos, loc_type, virtual_loc_type, is_loc_statistics, loc_vol, loc_vol_unit, storage_status, artificial_in_lock, artificial_out_lock, business_in_lock, business_out_lock, loc_is_error, loc_error_reason, forbid_in, forbid_out, is_equip_loc, equip_type, remark, is_active, create_datetime, create_by, last_modify_datetime, last_modify_by)
values ('1f65a609-1607-4879-8179-a41a1638ecac', '277d74c6-ef02-4d7f-948e-caaac11c0e13', null, 'available', 'LA010505', 'LA010505', 1, 5, 5, 'cubic', null, 0, 1, 'tray', 'empty', 0, 0, 0, 0, 0, null, 0, 1, 0, null, null, 1, to_date('27-04-2017 16:29:24', 'dd-mm-yyyy hh24:mi:ss'), null, to_date('27-04-2017 16:29:24', 'dd-mm-yyyy hh24:mi:ss'), null);
insert into WMS_STORAGE_LOCATION (id, house_id, standard_id, loc_use_status, loc_no, loc_barcode, x_pos, y_pos, z_pos, loc_type, virtual_loc_type, is_loc_statistics, loc_vol, loc_vol_unit, storage_status, artificial_in_lock, artificial_out_lock, business_in_lock, business_out_lock, loc_is_error, loc_error_reason, forbid_in, forbid_out, is_equip_loc, equip_type, remark, is_active, create_datetime, create_by, last_modify_datetime, last_modify_by)
values ('d75d4180-25bf-427d-89f1-ca38019a16b7', '277d74c6-ef02-4d7f-948e-caaac11c0e13', null, 'available', 'LA010506', 'LA010506', 1, 5, 6, 'cubic', null, 0, 1, 'tray', 'empty', 0, 0, 0, 0, 0, null, 0, 1, 0, null, null, 1, to_date('27-04-2017 16:29:24', 'dd-mm-yyyy hh24:mi:ss'), null, to_date('27-04-2017 16:29:24', 'dd-mm-yyyy hh24:mi:ss'), null);
insert into WMS_STORAGE_LOCATION (id, house_id, standard_id, loc_use_status, loc_no, loc_barcode, x_pos, y_pos, z_pos, loc_type, virtual_loc_type, is_loc_statistics, loc_vol, loc_vol_unit, storage_status, artificial_in_lock, artificial_out_lock, business_in_lock, business_out_lock, loc_is_error, loc_error_reason, forbid_in, forbid_out, is_equip_loc, equip_type, remark, is_active, create_datetime, create_by, last_modify_datetime, last_modify_by)
values ('a169c3b2-5a3c-4c1d-aedb-56bff5c30de2', '277d74c6-ef02-4d7f-948e-caaac11c0e13', null, 'available', 'LA010507', 'LA010507', 1, 5, 7, 'cubic', null, 0, 1, 'tray', 'empty', 0, 0, 0, 0, 0, null, 0, 1, 0, null, null, 1, to_date('27-04-2017 16:29:24', 'dd-mm-yyyy hh24:mi:ss'), null, to_date('27-04-2017 16:29:24', 'dd-mm-yyyy hh24:mi:ss'), null);
insert into WMS_STORAGE_LOCATION (id, house_id, standard_id, loc_use_status, loc_no, loc_barcode, x_pos, y_pos, z_pos, loc_type, virtual_loc_type, is_loc_statistics, loc_vol, loc_vol_unit, storage_status, artificial_in_lock, artificial_out_lock, business_in_lock, business_out_lock, loc_is_error, loc_error_reason, forbid_in, forbid_out, is_equip_loc, equip_type, remark, is_active, create_datetime, create_by, last_modify_datetime, last_modify_by)
values ('78939873-5eea-4bc2-a80d-3480e63442c0', '277d74c6-ef02-4d7f-948e-caaac11c0e13', null, 'available', 'LA010601', 'LA010601', 1, 6, 1, 'cubic', null, 0, 1, 'tray', 'empty', 0, 0, 0, 0, 0, null, 0, 1, 0, null, null, 1, to_date('27-04-2017 16:29:24', 'dd-mm-yyyy hh24:mi:ss'), null, to_date('27-04-2017 16:29:24', 'dd-mm-yyyy hh24:mi:ss'), null);
insert into WMS_STORAGE_LOCATION (id, house_id, standard_id, loc_use_status, loc_no, loc_barcode, x_pos, y_pos, z_pos, loc_type, virtual_loc_type, is_loc_statistics, loc_vol, loc_vol_unit, storage_status, artificial_in_lock, artificial_out_lock, business_in_lock, business_out_lock, loc_is_error, loc_error_reason, forbid_in, forbid_out, is_equip_loc, equip_type, remark, is_active, create_datetime, create_by, last_modify_datetime, last_modify_by)
values ('bb1346b4-16f6-45d9-a0c8-32f554661bff', '277d74c6-ef02-4d7f-948e-caaac11c0e13', null, 'available', 'LA010602', 'LA010602', 1, 6, 2, 'cubic', null, 0, 1, 'tray', 'empty', 0, 0, 0, 0, 0, null, 0, 1, 0, null, null, 1, to_date('27-04-2017 16:29:24', 'dd-mm-yyyy hh24:mi:ss'), null, to_date('27-04-2017 16:29:24', 'dd-mm-yyyy hh24:mi:ss'), null);
insert into WMS_STORAGE_LOCATION (id, house_id, standard_id, loc_use_status, loc_no, loc_barcode, x_pos, y_pos, z_pos, loc_type, virtual_loc_type, is_loc_statistics, loc_vol, loc_vol_unit, storage_status, artificial_in_lock, artificial_out_lock, business_in_lock, business_out_lock, loc_is_error, loc_error_reason, forbid_in, forbid_out, is_equip_loc, equip_type, remark, is_active, create_datetime, create_by, last_modify_datetime, last_modify_by)
values ('b56a236b-3552-4ace-a4c7-8ea83d37cf69', '277d74c6-ef02-4d7f-948e-caaac11c0e13', null, 'available', 'LA010603', 'LA010603', 1, 6, 3, 'cubic', null, 0, 1, 'tray', 'empty', 0, 0, 0, 0, 0, null, 0, 1, 0, null, null, 1, to_date('27-04-2017 16:29:24', 'dd-mm-yyyy hh24:mi:ss'), null, to_date('27-04-2017 16:29:24', 'dd-mm-yyyy hh24:mi:ss'), null);
insert into WMS_STORAGE_LOCATION (id, house_id, standard_id, loc_use_status, loc_no, loc_barcode, x_pos, y_pos, z_pos, loc_type, virtual_loc_type, is_loc_statistics, loc_vol, loc_vol_unit, storage_status, artificial_in_lock, artificial_out_lock, business_in_lock, business_out_lock, loc_is_error, loc_error_reason, forbid_in, forbid_out, is_equip_loc, equip_type, remark, is_active, create_datetime, create_by, last_modify_datetime, last_modify_by)
values ('77c9e4e4-3e66-49bc-b1fb-7d90d58b36a1', '277d74c6-ef02-4d7f-948e-caaac11c0e13', null, 'available', 'LA010604', 'LA010604', 1, 6, 4, 'cubic', null, 0, 1, 'tray', 'empty', 0, 0, 0, 0, 0, null, 0, 1, 0, null, null, 1, to_date('27-04-2017 16:29:24', 'dd-mm-yyyy hh24:mi:ss'), null, to_date('27-04-2017 16:29:24', 'dd-mm-yyyy hh24:mi:ss'), null);
insert into WMS_STORAGE_LOCATION (id, house_id, standard_id, loc_use_status, loc_no, loc_barcode, x_pos, y_pos, z_pos, loc_type, virtual_loc_type, is_loc_statistics, loc_vol, loc_vol_unit, storage_status, artificial_in_lock, artificial_out_lock, business_in_lock, business_out_lock, loc_is_error, loc_error_reason, forbid_in, forbid_out, is_equip_loc, equip_type, remark, is_active, create_datetime, create_by, last_modify_datetime, last_modify_by)
values ('ee9aeb71-2763-4f1f-9b98-164da0427a4c', '277d74c6-ef02-4d7f-948e-caaac11c0e13', null, 'available', 'LA010605', 'LA010605', 1, 6, 5, 'cubic', null, 0, 1, 'tray', 'empty', 0, 0, 0, 0, 0, null, 0, 1, 0, null, null, 1, to_date('27-04-2017 16:29:24', 'dd-mm-yyyy hh24:mi:ss'), null, to_date('27-04-2017 16:29:24', 'dd-mm-yyyy hh24:mi:ss'), null);
insert into WMS_STORAGE_LOCATION (id, house_id, standard_id, loc_use_status, loc_no, loc_barcode, x_pos, y_pos, z_pos, loc_type, virtual_loc_type, is_loc_statistics, loc_vol, loc_vol_unit, storage_status, artificial_in_lock, artificial_out_lock, business_in_lock, business_out_lock, loc_is_error, loc_error_reason, forbid_in, forbid_out, is_equip_loc, equip_type, remark, is_active, create_datetime, create_by, last_modify_datetime, last_modify_by)
values ('2f1aea70-fb7f-45eb-8450-44d5ddecd40c', '277d74c6-ef02-4d7f-948e-caaac11c0e13', null, 'available', 'LA010606', 'LA010606', 1, 6, 6, 'cubic', null, 0, 1, 'tray', 'empty', 0, 0, 0, 0, 0, null, 0, 1, 0, null, null, 1, to_date('27-04-2017 16:29:24', 'dd-mm-yyyy hh24:mi:ss'), null, to_date('27-04-2017 16:29:24', 'dd-mm-yyyy hh24:mi:ss'), null);
insert into WMS_STORAGE_LOCATION (id, house_id, standard_id, loc_use_status, loc_no, loc_barcode, x_pos, y_pos, z_pos, loc_type, virtual_loc_type, is_loc_statistics, loc_vol, loc_vol_unit, storage_status, artificial_in_lock, artificial_out_lock, business_in_lock, business_out_lock, loc_is_error, loc_error_reason, forbid_in, forbid_out, is_equip_loc, equip_type, remark, is_active, create_datetime, create_by, last_modify_datetime, last_modify_by)
values ('ab41abcf-a225-4549-893e-52995cbd6e7b', '277d74c6-ef02-4d7f-948e-caaac11c0e13', null, 'available', 'LA010607', 'LA010607', 1, 6, 7, 'cubic', null, 0, 1, 'tray', 'empty', 0, 0, 0, 0, 0, null, 0, 1, 0, null, null, 1, to_date('27-04-2017 16:29:24', 'dd-mm-yyyy hh24:mi:ss'), null, to_date('27-04-2017 16:29:24', 'dd-mm-yyyy hh24:mi:ss'), null);
insert into WMS_STORAGE_LOCATION (id, house_id, standard_id, loc_use_status, loc_no, loc_barcode, x_pos, y_pos, z_pos, loc_type, virtual_loc_type, is_loc_statistics, loc_vol, loc_vol_unit, storage_status, artificial_in_lock, artificial_out_lock, business_in_lock, business_out_lock, loc_is_error, loc_error_reason, forbid_in, forbid_out, is_equip_loc, equip_type, remark, is_active, create_datetime, create_by, last_modify_datetime, last_modify_by)
values ('9d8a996d-c12f-4e8b-a036-1bca966655aa', '277d74c6-ef02-4d7f-948e-caaac11c0e13', null, 'available', 'LA010701', 'LA010701', 1, 7, 1, 'cubic', null, 0, 1, 'tray', 'empty', 0, 0, 0, 0, 0, null, 0, 1, 0, null, null, 1, to_date('27-04-2017 16:29:24', 'dd-mm-yyyy hh24:mi:ss'), null, to_date('27-04-2017 16:29:24', 'dd-mm-yyyy hh24:mi:ss'), null);
insert into WMS_STORAGE_LOCATION (id, house_id, standard_id, loc_use_status, loc_no, loc_barcode, x_pos, y_pos, z_pos, loc_type, virtual_loc_type, is_loc_statistics, loc_vol, loc_vol_unit, storage_status, artificial_in_lock, artificial_out_lock, business_in_lock, business_out_lock, loc_is_error, loc_error_reason, forbid_in, forbid_out, is_equip_loc, equip_type, remark, is_active, create_datetime, create_by, last_modify_datetime, last_modify_by)
values ('dbda387d-8ddf-4bc4-8ea8-345933a31241', '277d74c6-ef02-4d7f-948e-caaac11c0e13', null, 'available', 'LA010702', 'LA010702', 1, 7, 2, 'cubic', null, 0, 1, 'tray', 'empty', 0, 0, 0, 0, 0, null, 0, 1, 0, null, null, 1, to_date('27-04-2017 16:29:24', 'dd-mm-yyyy hh24:mi:ss'), null, to_date('27-04-2017 16:29:24', 'dd-mm-yyyy hh24:mi:ss'), null);
insert into WMS_STORAGE_LOCATION (id, house_id, standard_id, loc_use_status, loc_no, loc_barcode, x_pos, y_pos, z_pos, loc_type, virtual_loc_type, is_loc_statistics, loc_vol, loc_vol_unit, storage_status, artificial_in_lock, artificial_out_lock, business_in_lock, business_out_lock, loc_is_error, loc_error_reason, forbid_in, forbid_out, is_equip_loc, equip_type, remark, is_active, create_datetime, create_by, last_modify_datetime, last_modify_by)
values ('7447d279-4c76-49f6-8cb4-c2dc367d09f3', '277d74c6-ef02-4d7f-948e-caaac11c0e13', null, 'available', 'LA010703', 'LA010703', 1, 7, 3, 'cubic', null, 0, 1, 'tray', 'empty', 0, 0, 0, 0, 0, null, 0, 1, 0, null, null, 1, to_date('27-04-2017 16:29:24', 'dd-mm-yyyy hh24:mi:ss'), null, to_date('27-04-2017 16:29:24', 'dd-mm-yyyy hh24:mi:ss'), null);
insert into WMS_STORAGE_LOCATION (id, house_id, standard_id, loc_use_status, loc_no, loc_barcode, x_pos, y_pos, z_pos, loc_type, virtual_loc_type, is_loc_statistics, loc_vol, loc_vol_unit, storage_status, artificial_in_lock, artificial_out_lock, business_in_lock, business_out_lock, loc_is_error, loc_error_reason, forbid_in, forbid_out, is_equip_loc, equip_type, remark, is_active, create_datetime, create_by, last_modify_datetime, last_modify_by)
values ('0626cf83-ddf8-497e-9e8e-ff7f44e5a8e6', '277d74c6-ef02-4d7f-948e-caaac11c0e13', null, 'available', 'LA010704', 'LA010704', 1, 7, 4, 'cubic', null, 0, 1, 'tray', 'empty', 0, 0, 0, 0, 0, null, 0, 1, 0, null, null, 1, to_date('27-04-2017 16:29:24', 'dd-mm-yyyy hh24:mi:ss'), null, to_date('27-04-2017 16:29:24', 'dd-mm-yyyy hh24:mi:ss'), null);
insert into WMS_STORAGE_LOCATION (id, house_id, standard_id, loc_use_status, loc_no, loc_barcode, x_pos, y_pos, z_pos, loc_type, virtual_loc_type, is_loc_statistics, loc_vol, loc_vol_unit, storage_status, artificial_in_lock, artificial_out_lock, business_in_lock, business_out_lock, loc_is_error, loc_error_reason, forbid_in, forbid_out, is_equip_loc, equip_type, remark, is_active, create_datetime, create_by, last_modify_datetime, last_modify_by)
values ('3e84aa14-744a-4792-8246-8915c820850b', '277d74c6-ef02-4d7f-948e-caaac11c0e13', null, 'available', 'LA010705', 'LA010705', 1, 7, 5, 'cubic', null, 0, 1, 'tray', 'empty', 0, 0, 0, 0, 0, null, 0, 1, 0, null, null, 1, to_date('27-04-2017 16:29:24', 'dd-mm-yyyy hh24:mi:ss'), null, to_date('27-04-2017 16:29:24', 'dd-mm-yyyy hh24:mi:ss'), null);
insert into WMS_STORAGE_LOCATION (id, house_id, standard_id, loc_use_status, loc_no, loc_barcode, x_pos, y_pos, z_pos, loc_type, virtual_loc_type, is_loc_statistics, loc_vol, loc_vol_unit, storage_status, artificial_in_lock, artificial_out_lock, business_in_lock, business_out_lock, loc_is_error, loc_error_reason, forbid_in, forbid_out, is_equip_loc, equip_type, remark, is_active, create_datetime, create_by, last_modify_datetime, last_modify_by)
values ('94f83a5b-f5fc-4f2c-9240-f8af4fe08ad0', '277d74c6-ef02-4d7f-948e-caaac11c0e13', null, 'available', 'LA010706', 'LA010706', 1, 7, 6, 'cubic', null, 0, 1, 'tray', 'empty', 0, 0, 0, 0, 0, null, 0, 1, 0, null, null, 1, to_date('27-04-2017 16:29:24', 'dd-mm-yyyy hh24:mi:ss'), null, to_date('27-04-2017 16:29:24', 'dd-mm-yyyy hh24:mi:ss'), null);
insert into WMS_STORAGE_LOCATION (id, house_id, standard_id, loc_use_status, loc_no, loc_barcode, x_pos, y_pos, z_pos, loc_type, virtual_loc_type, is_loc_statistics, loc_vol, loc_vol_unit, storage_status, artificial_in_lock, artificial_out_lock, business_in_lock, business_out_lock, loc_is_error, loc_error_reason, forbid_in, forbid_out, is_equip_loc, equip_type, remark, is_active, create_datetime, create_by, last_modify_datetime, last_modify_by)
values ('2a014197-ee3d-4ab5-b78d-adfd59417603', '277d74c6-ef02-4d7f-948e-caaac11c0e13', null, 'available', 'LA010707', 'LA010707', 1, 7, 7, 'cubic', null, 0, 1, 'tray', 'empty', 0, 0, 0, 0, 0, null, 0, 1, 0, null, null, 1, to_date('27-04-2017 16:29:24', 'dd-mm-yyyy hh24:mi:ss'), null, to_date('27-04-2017 16:29:24', 'dd-mm-yyyy hh24:mi:ss'), null);
insert into WMS_STORAGE_LOCATION (id, house_id, standard_id, loc_use_status, loc_no, loc_barcode, x_pos, y_pos, z_pos, loc_type, virtual_loc_type, is_loc_statistics, loc_vol, loc_vol_unit, storage_status, artificial_in_lock, artificial_out_lock, business_in_lock, business_out_lock, loc_is_error, loc_error_reason, forbid_in, forbid_out, is_equip_loc, equip_type, remark, is_active, create_datetime, create_by, last_modify_datetime, last_modify_by)
values ('eb663a14-6f27-4e76-93a7-258a02608c8c', '277d74c6-ef02-4d7f-948e-caaac11c0e13', null, 'available', 'LA010801', 'LA010801', 1, 8, 1, 'cubic', null, 0, 1, 'tray', 'empty', 0, 0, 0, 0, 0, null, 0, 1, 0, null, null, 1, to_date('27-04-2017 16:29:24', 'dd-mm-yyyy hh24:mi:ss'), null, to_date('27-04-2017 16:29:24', 'dd-mm-yyyy hh24:mi:ss'), null);
insert into WMS_STORAGE_LOCATION (id, house_id, standard_id, loc_use_status, loc_no, loc_barcode, x_pos, y_pos, z_pos, loc_type, virtual_loc_type, is_loc_statistics, loc_vol, loc_vol_unit, storage_status, artificial_in_lock, artificial_out_lock, business_in_lock, business_out_lock, loc_is_error, loc_error_reason, forbid_in, forbid_out, is_equip_loc, equip_type, remark, is_active, create_datetime, create_by, last_modify_datetime, last_modify_by)
values ('3c6b78b3-31bc-45b9-89d2-83d628320a5b', '277d74c6-ef02-4d7f-948e-caaac11c0e13', null, 'available', 'LA010802', 'LA010802', 1, 8, 2, 'cubic', null, 0, 1, 'tray', 'empty', 0, 0, 0, 0, 0, null, 0, 1, 0, null, null, 1, to_date('27-04-2017 16:29:24', 'dd-mm-yyyy hh24:mi:ss'), null, to_date('27-04-2017 16:29:24', 'dd-mm-yyyy hh24:mi:ss'), null);
insert into WMS_STORAGE_LOCATION (id, house_id, standard_id, loc_use_status, loc_no, loc_barcode, x_pos, y_pos, z_pos, loc_type, virtual_loc_type, is_loc_statistics, loc_vol, loc_vol_unit, storage_status, artificial_in_lock, artificial_out_lock, business_in_lock, business_out_lock, loc_is_error, loc_error_reason, forbid_in, forbid_out, is_equip_loc, equip_type, remark, is_active, create_datetime, create_by, last_modify_datetime, last_modify_by)
values ('231a62ee-2c5c-451f-90a8-39561f1f5a2d', '277d74c6-ef02-4d7f-948e-caaac11c0e13', null, 'available', 'LA010803', 'LA010803', 1, 8, 3, 'cubic', null, 0, 1, 'tray', 'empty', 0, 0, 0, 0, 0, null, 0, 1, 0, null, null, 1, to_date('27-04-2017 16:29:24', 'dd-mm-yyyy hh24:mi:ss'), null, to_date('27-04-2017 16:29:24', 'dd-mm-yyyy hh24:mi:ss'), null);
insert into WMS_STORAGE_LOCATION (id, house_id, standard_id, loc_use_status, loc_no, loc_barcode, x_pos, y_pos, z_pos, loc_type, virtual_loc_type, is_loc_statistics, loc_vol, loc_vol_unit, storage_status, artificial_in_lock, artificial_out_lock, business_in_lock, business_out_lock, loc_is_error, loc_error_reason, forbid_in, forbid_out, is_equip_loc, equip_type, remark, is_active, create_datetime, create_by, last_modify_datetime, last_modify_by)
values ('3723c648-cac7-4c38-8f9c-ac956961df54', '277d74c6-ef02-4d7f-948e-caaac11c0e13', null, 'available', 'LA010804', 'LA010804', 1, 8, 4, 'cubic', null, 0, 1, 'tray', 'empty', 0, 0, 0, 0, 0, null, 0, 1, 0, null, null, 1, to_date('27-04-2017 16:29:24', 'dd-mm-yyyy hh24:mi:ss'), null, to_date('27-04-2017 16:29:24', 'dd-mm-yyyy hh24:mi:ss'), null);
insert into WMS_STORAGE_LOCATION (id, house_id, standard_id, loc_use_status, loc_no, loc_barcode, x_pos, y_pos, z_pos, loc_type, virtual_loc_type, is_loc_statistics, loc_vol, loc_vol_unit, storage_status, artificial_in_lock, artificial_out_lock, business_in_lock, business_out_lock, loc_is_error, loc_error_reason, forbid_in, forbid_out, is_equip_loc, equip_type, remark, is_active, create_datetime, create_by, last_modify_datetime, last_modify_by)
values ('7d30ec2e-5484-4934-8e25-ed95a53e36a6', '277d74c6-ef02-4d7f-948e-caaac11c0e13', null, 'available', 'LA010805', 'LA010805', 1, 8, 5, 'cubic', null, 0, 1, 'tray', 'empty', 0, 0, 0, 0, 0, null, 0, 1, 0, null, null, 1, to_date('27-04-2017 16:29:24', 'dd-mm-yyyy hh24:mi:ss'), null, to_date('27-04-2017 16:29:24', 'dd-mm-yyyy hh24:mi:ss'), null);
insert into WMS_STORAGE_LOCATION (id, house_id, standard_id, loc_use_status, loc_no, loc_barcode, x_pos, y_pos, z_pos, loc_type, virtual_loc_type, is_loc_statistics, loc_vol, loc_vol_unit, storage_status, artificial_in_lock, artificial_out_lock, business_in_lock, business_out_lock, loc_is_error, loc_error_reason, forbid_in, forbid_out, is_equip_loc, equip_type, remark, is_active, create_datetime, create_by, last_modify_datetime, last_modify_by)
values ('61ab4a2d-e9b9-447d-937e-83c99fa51a28', '277d74c6-ef02-4d7f-948e-caaac11c0e13', null, 'available', 'LA010806', 'LA010806', 1, 8, 6, 'cubic', null, 0, 1, 'tray', 'empty', 0, 0, 0, 0, 0, null, 0, 1, 0, null, null, 1, to_date('27-04-2017 16:29:24', 'dd-mm-yyyy hh24:mi:ss'), null, to_date('27-04-2017 16:29:24', 'dd-mm-yyyy hh24:mi:ss'), null);
insert into WMS_STORAGE_LOCATION (id, house_id, standard_id, loc_use_status, loc_no, loc_barcode, x_pos, y_pos, z_pos, loc_type, virtual_loc_type, is_loc_statistics, loc_vol, loc_vol_unit, storage_status, artificial_in_lock, artificial_out_lock, business_in_lock, business_out_lock, loc_is_error, loc_error_reason, forbid_in, forbid_out, is_equip_loc, equip_type, remark, is_active, create_datetime, create_by, last_modify_datetime, last_modify_by)
values ('c6b49b1d-2fe3-4c63-98da-fc3abae29f38', '277d74c6-ef02-4d7f-948e-caaac11c0e13', null, 'available', 'LA010807', 'LA010807', 1, 8, 7, 'cubic', null, 0, 1, 'tray', 'empty', 0, 0, 0, 0, 0, null, 0, 1, 0, null, null, 1, to_date('27-04-2017 16:29:24', 'dd-mm-yyyy hh24:mi:ss'), null, to_date('27-04-2017 16:29:24', 'dd-mm-yyyy hh24:mi:ss'), null);
insert into WMS_STORAGE_LOCATION (id, house_id, standard_id, loc_use_status, loc_no, loc_barcode, x_pos, y_pos, z_pos, loc_type, virtual_loc_type, is_loc_statistics, loc_vol, loc_vol_unit, storage_status, artificial_in_lock, artificial_out_lock, business_in_lock, business_out_lock, loc_is_error, loc_error_reason, forbid_in, forbid_out, is_equip_loc, equip_type, remark, is_active, create_datetime, create_by, last_modify_datetime, last_modify_by)
values ('f7a06373-3730-442e-864a-1687c3dfbbff', '277d74c6-ef02-4d7f-948e-caaac11c0e13', null, 'available', 'LA010901', 'LA010901', 1, 9, 1, 'cubic', null, 0, 1, 'tray', 'empty', 0, 0, 0, 0, 0, null, 0, 1, 0, null, null, 1, to_date('27-04-2017 16:29:24', 'dd-mm-yyyy hh24:mi:ss'), null, to_date('27-04-2017 16:29:24', 'dd-mm-yyyy hh24:mi:ss'), null);
insert into WMS_STORAGE_LOCATION (id, house_id, standard_id, loc_use_status, loc_no, loc_barcode, x_pos, y_pos, z_pos, loc_type, virtual_loc_type, is_loc_statistics, loc_vol, loc_vol_unit, storage_status, artificial_in_lock, artificial_out_lock, business_in_lock, business_out_lock, loc_is_error, loc_error_reason, forbid_in, forbid_out, is_equip_loc, equip_type, remark, is_active, create_datetime, create_by, last_modify_datetime, last_modify_by)
values ('c49eb127-1142-4dc6-a8fa-8ef6ebada33d', '277d74c6-ef02-4d7f-948e-caaac11c0e13', null, 'available', 'LA010902', 'LA010902', 1, 9, 2, 'cubic', null, 0, 1, 'tray', 'empty', 0, 0, 0, 0, 0, null, 0, 1, 0, null, null, 1, to_date('27-04-2017 16:29:24', 'dd-mm-yyyy hh24:mi:ss'), null, to_date('27-04-2017 16:29:24', 'dd-mm-yyyy hh24:mi:ss'), null);
insert into WMS_STORAGE_LOCATION (id, house_id, standard_id, loc_use_status, loc_no, loc_barcode, x_pos, y_pos, z_pos, loc_type, virtual_loc_type, is_loc_statistics, loc_vol, loc_vol_unit, storage_status, artificial_in_lock, artificial_out_lock, business_in_lock, business_out_lock, loc_is_error, loc_error_reason, forbid_in, forbid_out, is_equip_loc, equip_type, remark, is_active, create_datetime, create_by, last_modify_datetime, last_modify_by)
values ('286c0f68-2690-488c-b038-360db665faa5', '277d74c6-ef02-4d7f-948e-caaac11c0e13', null, 'available', 'LA010903', 'LA010903', 1, 9, 3, 'cubic', null, 0, 1, 'tray', 'empty', 0, 0, 0, 0, 0, null, 0, 1, 0, null, null, 1, to_date('27-04-2017 16:29:24', 'dd-mm-yyyy hh24:mi:ss'), null, to_date('27-04-2017 16:29:24', 'dd-mm-yyyy hh24:mi:ss'), null);
insert into WMS_STORAGE_LOCATION (id, house_id, standard_id, loc_use_status, loc_no, loc_barcode, x_pos, y_pos, z_pos, loc_type, virtual_loc_type, is_loc_statistics, loc_vol, loc_vol_unit, storage_status, artificial_in_lock, artificial_out_lock, business_in_lock, business_out_lock, loc_is_error, loc_error_reason, forbid_in, forbid_out, is_equip_loc, equip_type, remark, is_active, create_datetime, create_by, last_modify_datetime, last_modify_by)
values ('3f47f805-9b77-4b6f-967f-c0cb6acbb53a', '277d74c6-ef02-4d7f-948e-caaac11c0e13', null, 'available', 'LA010904', 'LA010904', 1, 9, 4, 'cubic', null, 0, 1, 'tray', 'empty', 0, 0, 0, 0, 0, null, 0, 1, 0, null, null, 1, to_date('27-04-2017 16:29:24', 'dd-mm-yyyy hh24:mi:ss'), null, to_date('27-04-2017 16:29:24', 'dd-mm-yyyy hh24:mi:ss'), null);
insert into WMS_STORAGE_LOCATION (id, house_id, standard_id, loc_use_status, loc_no, loc_barcode, x_pos, y_pos, z_pos, loc_type, virtual_loc_type, is_loc_statistics, loc_vol, loc_vol_unit, storage_status, artificial_in_lock, artificial_out_lock, business_in_lock, business_out_lock, loc_is_error, loc_error_reason, forbid_in, forbid_out, is_equip_loc, equip_type, remark, is_active, create_datetime, create_by, last_modify_datetime, last_modify_by)
values ('1e052990-c70a-43be-9b8b-ca84e9a0a9d5', '277d74c6-ef02-4d7f-948e-caaac11c0e13', null, 'available', 'LA010905', 'LA010905', 1, 9, 5, 'cubic', null, 0, 1, 'tray', 'empty', 0, 0, 0, 0, 0, null, 0, 1, 0, null, null, 1, to_date('27-04-2017 16:29:24', 'dd-mm-yyyy hh24:mi:ss'), null, to_date('27-04-2017 16:29:24', 'dd-mm-yyyy hh24:mi:ss'), null);
insert into WMS_STORAGE_LOCATION (id, house_id, standard_id, loc_use_status, loc_no, loc_barcode, x_pos, y_pos, z_pos, loc_type, virtual_loc_type, is_loc_statistics, loc_vol, loc_vol_unit, storage_status, artificial_in_lock, artificial_out_lock, business_in_lock, business_out_lock, loc_is_error, loc_error_reason, forbid_in, forbid_out, is_equip_loc, equip_type, remark, is_active, create_datetime, create_by, last_modify_datetime, last_modify_by)
values ('fcd9cf69-6405-49f4-b8d4-8d958f8f0d6b', '277d74c6-ef02-4d7f-948e-caaac11c0e13', null, 'available', 'LA010906', 'LA010906', 1, 9, 6, 'cubic', null, 0, 1, 'tray', 'empty', 0, 0, 0, 0, 0, null, 0, 1, 0, null, null, 1, to_date('27-04-2017 16:29:24', 'dd-mm-yyyy hh24:mi:ss'), null, to_date('27-04-2017 16:29:24', 'dd-mm-yyyy hh24:mi:ss'), null);
insert into WMS_STORAGE_LOCATION (id, house_id, standard_id, loc_use_status, loc_no, loc_barcode, x_pos, y_pos, z_pos, loc_type, virtual_loc_type, is_loc_statistics, loc_vol, loc_vol_unit, storage_status, artificial_in_lock, artificial_out_lock, business_in_lock, business_out_lock, loc_is_error, loc_error_reason, forbid_in, forbid_out, is_equip_loc, equip_type, remark, is_active, create_datetime, create_by, last_modify_datetime, last_modify_by)
values ('d4f38981-c86c-42de-8974-4a326858ab81', '277d74c6-ef02-4d7f-948e-caaac11c0e13', null, 'available', 'LA010907', 'LA010907', 1, 9, 7, 'cubic', null, 0, 1, 'tray', 'empty', 0, 0, 0, 0, 0, null, 0, 1, 0, null, null, 1, to_date('27-04-2017 16:29:24', 'dd-mm-yyyy hh24:mi:ss'), null, to_date('27-04-2017 16:29:24', 'dd-mm-yyyy hh24:mi:ss'), null);
commit;
-- prompt 100 records committed...
insert into WMS_STORAGE_LOCATION (id, house_id, standard_id, loc_use_status, loc_no, loc_barcode, x_pos, y_pos, z_pos, loc_type, virtual_loc_type, is_loc_statistics, loc_vol, loc_vol_unit, storage_status, artificial_in_lock, artificial_out_lock, business_in_lock, business_out_lock, loc_is_error, loc_error_reason, forbid_in, forbid_out, is_equip_loc, equip_type, remark, is_active, create_datetime, create_by, last_modify_datetime, last_modify_by)
values ('c842b1eb-7896-4283-ad1f-8bec336be222', '277d74c6-ef02-4d7f-948e-caaac11c0e13', null, 'available', 'LA011001', 'LA011001', 1, 10, 1, 'cubic', null, 0, 1, 'tray', 'empty', 0, 0, 0, 0, 0, null, 0, 1, 0, null, null, 1, to_date('27-04-2017 16:29:24', 'dd-mm-yyyy hh24:mi:ss'), null, to_date('27-04-2017 16:29:24', 'dd-mm-yyyy hh24:mi:ss'), null);
insert into WMS_STORAGE_LOCATION (id, house_id, standard_id, loc_use_status, loc_no, loc_barcode, x_pos, y_pos, z_pos, loc_type, virtual_loc_type, is_loc_statistics, loc_vol, loc_vol_unit, storage_status, artificial_in_lock, artificial_out_lock, business_in_lock, business_out_lock, loc_is_error, loc_error_reason, forbid_in, forbid_out, is_equip_loc, equip_type, remark, is_active, create_datetime, create_by, last_modify_datetime, last_modify_by)
values ('30df3112-6440-4396-b235-701ea5154607', '277d74c6-ef02-4d7f-948e-caaac11c0e13', null, 'available', 'LA011002', 'LA011002', 1, 10, 2, 'cubic', null, 0, 1, 'tray', 'empty', 0, 0, 0, 0, 0, null, 0, 1, 0, null, null, 1, to_date('27-04-2017 16:29:24', 'dd-mm-yyyy hh24:mi:ss'), null, to_date('27-04-2017 16:29:24', 'dd-mm-yyyy hh24:mi:ss'), null);
insert into WMS_STORAGE_LOCATION (id, house_id, standard_id, loc_use_status, loc_no, loc_barcode, x_pos, y_pos, z_pos, loc_type, virtual_loc_type, is_loc_statistics, loc_vol, loc_vol_unit, storage_status, artificial_in_lock, artificial_out_lock, business_in_lock, business_out_lock, loc_is_error, loc_error_reason, forbid_in, forbid_out, is_equip_loc, equip_type, remark, is_active, create_datetime, create_by, last_modify_datetime, last_modify_by)
values ('a16cc583-4d96-4c4f-99de-08c606ed98eb', '277d74c6-ef02-4d7f-948e-caaac11c0e13', null, 'available', 'LA011003', 'LA011003', 1, 10, 3, 'cubic', null, 0, 1, 'tray', 'empty', 0, 0, 0, 0, 0, null, 0, 1, 0, null, null, 1, to_date('27-04-2017 16:29:24', 'dd-mm-yyyy hh24:mi:ss'), null, to_date('27-04-2017 16:29:24', 'dd-mm-yyyy hh24:mi:ss'), null);
insert into WMS_STORAGE_LOCATION (id, house_id, standard_id, loc_use_status, loc_no, loc_barcode, x_pos, y_pos, z_pos, loc_type, virtual_loc_type, is_loc_statistics, loc_vol, loc_vol_unit, storage_status, artificial_in_lock, artificial_out_lock, business_in_lock, business_out_lock, loc_is_error, loc_error_reason, forbid_in, forbid_out, is_equip_loc, equip_type, remark, is_active, create_datetime, create_by, last_modify_datetime, last_modify_by)
values ('aecdc2d2-d933-4f80-9284-be8101269487', '277d74c6-ef02-4d7f-948e-caaac11c0e13', null, 'available', 'LA011004', 'LA011004', 1, 10, 4, 'cubic', null, 0, 1, 'tray', 'empty', 0, 0, 0, 0, 0, null, 0, 1, 0, null, null, 1, to_date('27-04-2017 16:29:24', 'dd-mm-yyyy hh24:mi:ss'), null, to_date('27-04-2017 16:29:24', 'dd-mm-yyyy hh24:mi:ss'), null);
insert into WMS_STORAGE_LOCATION (id, house_id, standard_id, loc_use_status, loc_no, loc_barcode, x_pos, y_pos, z_pos, loc_type, virtual_loc_type, is_loc_statistics, loc_vol, loc_vol_unit, storage_status, artificial_in_lock, artificial_out_lock, business_in_lock, business_out_lock, loc_is_error, loc_error_reason, forbid_in, forbid_out, is_equip_loc, equip_type, remark, is_active, create_datetime, create_by, last_modify_datetime, last_modify_by)
values ('fbf5e2ed-0ddd-41d2-88db-2e37ecf6e1ea', '277d74c6-ef02-4d7f-948e-caaac11c0e13', null, 'available', 'LA011005', 'LA011005', 1, 10, 5, 'cubic', null, 0, 1, 'tray', 'empty', 0, 0, 0, 0, 0, null, 0, 1, 0, null, null, 1, to_date('27-04-2017 16:29:24', 'dd-mm-yyyy hh24:mi:ss'), null, to_date('27-04-2017 16:29:24', 'dd-mm-yyyy hh24:mi:ss'), null);
insert into WMS_STORAGE_LOCATION (id, house_id, standard_id, loc_use_status, loc_no, loc_barcode, x_pos, y_pos, z_pos, loc_type, virtual_loc_type, is_loc_statistics, loc_vol, loc_vol_unit, storage_status, artificial_in_lock, artificial_out_lock, business_in_lock, business_out_lock, loc_is_error, loc_error_reason, forbid_in, forbid_out, is_equip_loc, equip_type, remark, is_active, create_datetime, create_by, last_modify_datetime, last_modify_by)
values ('3727cda1-1bf6-4177-95f1-26d8b706b655', '277d74c6-ef02-4d7f-948e-caaac11c0e13', null, 'available', 'LA011006', 'LA011006', 1, 10, 6, 'cubic', null, 0, 1, 'tray', 'empty', 0, 0, 0, 0, 0, null, 0, 1, 0, null, null, 1, to_date('27-04-2017 16:29:24', 'dd-mm-yyyy hh24:mi:ss'), null, to_date('27-04-2017 16:29:24', 'dd-mm-yyyy hh24:mi:ss'), null);
insert into WMS_STORAGE_LOCATION (id, house_id, standard_id, loc_use_status, loc_no, loc_barcode, x_pos, y_pos, z_pos, loc_type, virtual_loc_type, is_loc_statistics, loc_vol, loc_vol_unit, storage_status, artificial_in_lock, artificial_out_lock, business_in_lock, business_out_lock, loc_is_error, loc_error_reason, forbid_in, forbid_out, is_equip_loc, equip_type, remark, is_active, create_datetime, create_by, last_modify_datetime, last_modify_by)
values ('2d467eb7-4272-42a3-8c17-58caed15c5fa', '277d74c6-ef02-4d7f-948e-caaac11c0e13', null, 'available', 'LA011007', 'LA011007', 1, 10, 7, 'cubic', null, 0, 1, 'tray', 'empty', 0, 0, 0, 0, 0, null, 0, 1, 0, null, null, 1, to_date('27-04-2017 16:29:24', 'dd-mm-yyyy hh24:mi:ss'), null, to_date('27-04-2017 16:29:24', 'dd-mm-yyyy hh24:mi:ss'), null);
insert into WMS_STORAGE_LOCATION (id, house_id, standard_id, loc_use_status, loc_no, loc_barcode, x_pos, y_pos, z_pos, loc_type, virtual_loc_type, is_loc_statistics, loc_vol, loc_vol_unit, storage_status, artificial_in_lock, artificial_out_lock, business_in_lock, business_out_lock, loc_is_error, loc_error_reason, forbid_in, forbid_out, is_equip_loc, equip_type, remark, is_active, create_datetime, create_by, last_modify_datetime, last_modify_by)
values ('5c36e7eb-9f4d-4ba7-a9a1-ac2a5e0905d5', '277d74c6-ef02-4d7f-948e-caaac11c0e13', null, 'available', 'LA011101', 'LA011101', 1, 11, 1, 'cubic', null, 0, 1, 'tray', 'empty', 0, 0, 0, 0, 0, null, 0, 1, 0, null, null, 1, to_date('27-04-2017 16:29:24', 'dd-mm-yyyy hh24:mi:ss'), null, to_date('27-04-2017 16:29:24', 'dd-mm-yyyy hh24:mi:ss'), null);
insert into WMS_STORAGE_LOCATION (id, house_id, standard_id, loc_use_status, loc_no, loc_barcode, x_pos, y_pos, z_pos, loc_type, virtual_loc_type, is_loc_statistics, loc_vol, loc_vol_unit, storage_status, artificial_in_lock, artificial_out_lock, business_in_lock, business_out_lock, loc_is_error, loc_error_reason, forbid_in, forbid_out, is_equip_loc, equip_type, remark, is_active, create_datetime, create_by, last_modify_datetime, last_modify_by)
values ('95fede1f-d5db-4afa-acb2-cb5e3ac369dc', '277d74c6-ef02-4d7f-948e-caaac11c0e13', null, 'available', 'LA011102', 'LA011102', 1, 11, 2, 'cubic', null, 0, 1, 'tray', 'empty', 0, 0, 0, 0, 0, null, 0, 1, 0, null, null, 1, to_date('27-04-2017 16:29:24', 'dd-mm-yyyy hh24:mi:ss'), null, to_date('27-04-2017 16:29:24', 'dd-mm-yyyy hh24:mi:ss'), null);
insert into WMS_STORAGE_LOCATION (id, house_id, standard_id, loc_use_status, loc_no, loc_barcode, x_pos, y_pos, z_pos, loc_type, virtual_loc_type, is_loc_statistics, loc_vol, loc_vol_unit, storage_status, artificial_in_lock, artificial_out_lock, business_in_lock, business_out_lock, loc_is_error, loc_error_reason, forbid_in, forbid_out, is_equip_loc, equip_type, remark, is_active, create_datetime, create_by, last_modify_datetime, last_modify_by)
values ('0f969ca7-8227-4caf-8e55-2f9322b8a41a', '277d74c6-ef02-4d7f-948e-caaac11c0e13', null, 'available', 'LA011103', 'LA011103', 1, 11, 3, 'cubic', null, 0, 1, 'tray', 'empty', 0, 0, 0, 0, 0, null, 0, 1, 0, null, null, 1, to_date('27-04-2017 16:29:24', 'dd-mm-yyyy hh24:mi:ss'), null, to_date('27-04-2017 16:29:24', 'dd-mm-yyyy hh24:mi:ss'), null);
insert into WMS_STORAGE_LOCATION (id, house_id, standard_id, loc_use_status, loc_no, loc_barcode, x_pos, y_pos, z_pos, loc_type, virtual_loc_type, is_loc_statistics, loc_vol, loc_vol_unit, storage_status, artificial_in_lock, artificial_out_lock, business_in_lock, business_out_lock, loc_is_error, loc_error_reason, forbid_in, forbid_out, is_equip_loc, equip_type, remark, is_active, create_datetime, create_by, last_modify_datetime, last_modify_by)
values ('38c49e58-5408-49e8-a078-016f73184784', '277d74c6-ef02-4d7f-948e-caaac11c0e13', null, 'available', 'LA011104', 'LA011104', 1, 11, 4, 'cubic', null, 0, 1, 'tray', 'empty', 0, 0, 0, 0, 0, null, 0, 1, 0, null, null, 1, to_date('27-04-2017 16:29:24', 'dd-mm-yyyy hh24:mi:ss'), null, to_date('27-04-2017 16:29:24', 'dd-mm-yyyy hh24:mi:ss'), null);
insert into WMS_STORAGE_LOCATION (id, house_id, standard_id, loc_use_status, loc_no, loc_barcode, x_pos, y_pos, z_pos, loc_type, virtual_loc_type, is_loc_statistics, loc_vol, loc_vol_unit, storage_status, artificial_in_lock, artificial_out_lock, business_in_lock, business_out_lock, loc_is_error, loc_error_reason, forbid_in, forbid_out, is_equip_loc, equip_type, remark, is_active, create_datetime, create_by, last_modify_datetime, last_modify_by)
values ('85314fbf-b31c-44b1-a484-e0cd69cfde75', '277d74c6-ef02-4d7f-948e-caaac11c0e13', null, 'available', 'LA011105', 'LA011105', 1, 11, 5, 'cubic', null, 0, 1, 'tray', 'empty', 0, 0, 0, 0, 0, null, 0, 1, 0, null, null, 1, to_date('27-04-2017 16:29:24', 'dd-mm-yyyy hh24:mi:ss'), null, to_date('27-04-2017 16:29:24', 'dd-mm-yyyy hh24:mi:ss'), null);
insert into WMS_STORAGE_LOCATION (id, house_id, standard_id, loc_use_status, loc_no, loc_barcode, x_pos, y_pos, z_pos, loc_type, virtual_loc_type, is_loc_statistics, loc_vol, loc_vol_unit, storage_status, artificial_in_lock, artificial_out_lock, business_in_lock, business_out_lock, loc_is_error, loc_error_reason, forbid_in, forbid_out, is_equip_loc, equip_type, remark, is_active, create_datetime, create_by, last_modify_datetime, last_modify_by)
values ('3fcd2ca6-f9f8-4f96-ab25-ea52e417192e', '277d74c6-ef02-4d7f-948e-caaac11c0e13', null, 'available', 'LA011106', 'LA011106', 1, 11, 6, 'cubic', null, 0, 1, 'tray', 'empty', 0, 0, 0, 0, 0, null, 0, 1, 0, null, null, 1, to_date('27-04-2017 16:29:24', 'dd-mm-yyyy hh24:mi:ss'), null, to_date('27-04-2017 16:29:24', 'dd-mm-yyyy hh24:mi:ss'), null);
insert into WMS_STORAGE_LOCATION (id, house_id, standard_id, loc_use_status, loc_no, loc_barcode, x_pos, y_pos, z_pos, loc_type, virtual_loc_type, is_loc_statistics, loc_vol, loc_vol_unit, storage_status, artificial_in_lock, artificial_out_lock, business_in_lock, business_out_lock, loc_is_error, loc_error_reason, forbid_in, forbid_out, is_equip_loc, equip_type, remark, is_active, create_datetime, create_by, last_modify_datetime, last_modify_by)
values ('336bf6f9-fe00-4afb-ace1-9a9c39542a19', '277d74c6-ef02-4d7f-948e-caaac11c0e13', null, 'available', 'LA011107', 'LA011107', 1, 11, 7, 'cubic', null, 0, 1, 'tray', 'empty', 0, 0, 0, 0, 0, null, 0, 1, 0, null, null, 1, to_date('27-04-2017 16:29:24', 'dd-mm-yyyy hh24:mi:ss'), null, to_date('27-04-2017 16:29:24', 'dd-mm-yyyy hh24:mi:ss'), null);
insert into WMS_STORAGE_LOCATION (id, house_id, standard_id, loc_use_status, loc_no, loc_barcode, x_pos, y_pos, z_pos, loc_type, virtual_loc_type, is_loc_statistics, loc_vol, loc_vol_unit, storage_status, artificial_in_lock, artificial_out_lock, business_in_lock, business_out_lock, loc_is_error, loc_error_reason, forbid_in, forbid_out, is_equip_loc, equip_type, remark, is_active, create_datetime, create_by, last_modify_datetime, last_modify_by)
values ('1334c6cd-db1a-4f96-afec-2e3de40f760a', '277d74c6-ef02-4d7f-948e-caaac11c0e13', null, 'available', 'LA011201', 'LA011201', 1, 12, 1, 'cubic', null, 0, 1, 'tray', 'empty', 0, 0, 0, 0, 0, null, 0, 1, 0, null, null, 1, to_date('27-04-2017 16:29:24', 'dd-mm-yyyy hh24:mi:ss'), null, to_date('27-04-2017 16:29:24', 'dd-mm-yyyy hh24:mi:ss'), null);
insert into WMS_STORAGE_LOCATION (id, house_id, standard_id, loc_use_status, loc_no, loc_barcode, x_pos, y_pos, z_pos, loc_type, virtual_loc_type, is_loc_statistics, loc_vol, loc_vol_unit, storage_status, artificial_in_lock, artificial_out_lock, business_in_lock, business_out_lock, loc_is_error, loc_error_reason, forbid_in, forbid_out, is_equip_loc, equip_type, remark, is_active, create_datetime, create_by, last_modify_datetime, last_modify_by)
values ('686b4aaa-e602-4dff-90df-e684bf3db21c', '277d74c6-ef02-4d7f-948e-caaac11c0e13', null, 'available', 'LA011202', 'LA011202', 1, 12, 2, 'cubic', null, 0, 1, 'tray', 'empty', 0, 0, 0, 0, 0, null, 0, 1, 0, null, null, 1, to_date('27-04-2017 16:29:24', 'dd-mm-yyyy hh24:mi:ss'), null, to_date('27-04-2017 16:29:24', 'dd-mm-yyyy hh24:mi:ss'), null);
insert into WMS_STORAGE_LOCATION (id, house_id, standard_id, loc_use_status, loc_no, loc_barcode, x_pos, y_pos, z_pos, loc_type, virtual_loc_type, is_loc_statistics, loc_vol, loc_vol_unit, storage_status, artificial_in_lock, artificial_out_lock, business_in_lock, business_out_lock, loc_is_error, loc_error_reason, forbid_in, forbid_out, is_equip_loc, equip_type, remark, is_active, create_datetime, create_by, last_modify_datetime, last_modify_by)
values ('23b91502-ca33-4db8-825d-85011a2ac765', '277d74c6-ef02-4d7f-948e-caaac11c0e13', null, 'available', 'LA011203', 'LA011203', 1, 12, 3, 'cubic', null, 0, 1, 'tray', 'empty', 0, 0, 0, 0, 0, null, 0, 1, 0, null, null, 1, to_date('27-04-2017 16:29:24', 'dd-mm-yyyy hh24:mi:ss'), null, to_date('27-04-2017 16:29:24', 'dd-mm-yyyy hh24:mi:ss'), null);
insert into WMS_STORAGE_LOCATION (id, house_id, standard_id, loc_use_status, loc_no, loc_barcode, x_pos, y_pos, z_pos, loc_type, virtual_loc_type, is_loc_statistics, loc_vol, loc_vol_unit, storage_status, artificial_in_lock, artificial_out_lock, business_in_lock, business_out_lock, loc_is_error, loc_error_reason, forbid_in, forbid_out, is_equip_loc, equip_type, remark, is_active, create_datetime, create_by, last_modify_datetime, last_modify_by)
values ('1392ef2f-0353-425c-beb1-ada07c530cb3', '277d74c6-ef02-4d7f-948e-caaac11c0e13', null, 'available', 'LA011204', 'LA011204', 1, 12, 4, 'cubic', null, 0, 1, 'tray', 'empty', 0, 0, 0, 0, 0, null, 0, 1, 0, null, null, 1, to_date('27-04-2017 16:29:24', 'dd-mm-yyyy hh24:mi:ss'), null, to_date('27-04-2017 16:29:24', 'dd-mm-yyyy hh24:mi:ss'), null);
insert into WMS_STORAGE_LOCATION (id, house_id, standard_id, loc_use_status, loc_no, loc_barcode, x_pos, y_pos, z_pos, loc_type, virtual_loc_type, is_loc_statistics, loc_vol, loc_vol_unit, storage_status, artificial_in_lock, artificial_out_lock, business_in_lock, business_out_lock, loc_is_error, loc_error_reason, forbid_in, forbid_out, is_equip_loc, equip_type, remark, is_active, create_datetime, create_by, last_modify_datetime, last_modify_by)
values ('fb607bdf-9cba-4530-a830-9d1216a18f89', '277d74c6-ef02-4d7f-948e-caaac11c0e13', null, 'available', 'LA011205', 'LA011205', 1, 12, 5, 'cubic', null, 0, 1, 'tray', 'empty', 0, 0, 0, 0, 0, null, 0, 1, 0, null, null, 1, to_date('27-04-2017 16:29:24', 'dd-mm-yyyy hh24:mi:ss'), null, to_date('27-04-2017 16:29:24', 'dd-mm-yyyy hh24:mi:ss'), null);
insert into WMS_STORAGE_LOCATION (id, house_id, standard_id, loc_use_status, loc_no, loc_barcode, x_pos, y_pos, z_pos, loc_type, virtual_loc_type, is_loc_statistics, loc_vol, loc_vol_unit, storage_status, artificial_in_lock, artificial_out_lock, business_in_lock, business_out_lock, loc_is_error, loc_error_reason, forbid_in, forbid_out, is_equip_loc, equip_type, remark, is_active, create_datetime, create_by, last_modify_datetime, last_modify_by)
values ('faf4a5f3-e5f7-4f10-8eb7-bd04c9f80bd2', '277d74c6-ef02-4d7f-948e-caaac11c0e13', null, 'available', 'LA011206', 'LA011206', 1, 12, 6, 'cubic', null, 0, 1, 'tray', 'empty', 0, 0, 0, 0, 0, null, 0, 1, 0, null, null, 1, to_date('27-04-2017 16:29:24', 'dd-mm-yyyy hh24:mi:ss'), null, to_date('27-04-2017 16:29:24', 'dd-mm-yyyy hh24:mi:ss'), null);
insert into WMS_STORAGE_LOCATION (id, house_id, standard_id, loc_use_status, loc_no, loc_barcode, x_pos, y_pos, z_pos, loc_type, virtual_loc_type, is_loc_statistics, loc_vol, loc_vol_unit, storage_status, artificial_in_lock, artificial_out_lock, business_in_lock, business_out_lock, loc_is_error, loc_error_reason, forbid_in, forbid_out, is_equip_loc, equip_type, remark, is_active, create_datetime, create_by, last_modify_datetime, last_modify_by)
values ('5c78a01f-1c22-4921-be48-bc477bb4c1e5', '277d74c6-ef02-4d7f-948e-caaac11c0e13', null, 'available', 'hczpjxs', null, null, null, null, 'virtual', null, 0, null, null, 'empty', 0, 0, 0, 0, 0, null, 0, 1, 0, '化成柜', null, 1, to_date('27-04-2017 15:12:22', 'dd-mm-yyyy hh24:mi:ss'), null, to_date('27-04-2017 15:12:22', 'dd-mm-yyyy hh24:mi:ss'), null);
insert into WMS_STORAGE_LOCATION (id, house_id, standard_id, loc_use_status, loc_no, loc_barcode, x_pos, y_pos, z_pos, loc_type, virtual_loc_type, is_loc_statistics, loc_vol, loc_vol_unit, storage_status, artificial_in_lock, artificial_out_lock, business_in_lock, business_out_lock, loc_is_error, loc_error_reason, forbid_in, forbid_out, is_equip_loc, equip_type, remark, is_active, create_datetime, create_by, last_modify_datetime, last_modify_by)
values ('1867c3f7-0237-40ad-ad8e-8f5b34e8e541', '277d74c6-ef02-4d7f-948e-caaac11c0e13', null, 'available', 'palletmove', null, null, null, null, 'virtual', null, 0, null, null, 'empty', 0, 0, 0, 0, 0, null, 0, 1, 0, '化成柜', null, 1, to_date('27-04-2017 15:13:05', 'dd-mm-yyyy hh24:mi:ss'), null, to_date('27-04-2017 15:13:05', 'dd-mm-yyyy hh24:mi:ss'), null);
insert into WMS_STORAGE_LOCATION (id, house_id, standard_id, loc_use_status, loc_no, loc_barcode, x_pos, y_pos, z_pos, loc_type, virtual_loc_type, is_loc_statistics, loc_vol, loc_vol_unit, storage_status, artificial_in_lock, artificial_out_lock, business_in_lock, business_out_lock, loc_is_error, loc_error_reason, forbid_in, forbid_out, is_equip_loc, equip_type, remark, is_active, create_datetime, create_by, last_modify_datetime, last_modify_by)
values ('eccdd7a1-7e19-4d45-8d87-f3b957200bb2', '277d74c6-ef02-4d7f-948e-caaac11c0e13', null, 'available', '1200', null, null, null, null, 'virtual', null, 0, null, null, 'empty', 0, 0, 0, 0, 0, null, 0, 1, 0, '化成柜', null, 1, to_date('27-04-2017 15:13:25', 'dd-mm-yyyy hh24:mi:ss'), null, to_date('27-04-2017 15:13:25', 'dd-mm-yyyy hh24:mi:ss'), null);
insert into WMS_STORAGE_LOCATION (id, house_id, standard_id, loc_use_status, loc_no, loc_barcode, x_pos, y_pos, z_pos, loc_type, virtual_loc_type, is_loc_statistics, loc_vol, loc_vol_unit, storage_status, artificial_in_lock, artificial_out_lock, business_in_lock, business_out_lock, loc_is_error, loc_error_reason, forbid_in, forbid_out, is_equip_loc, equip_type, remark, is_active, create_datetime, create_by, last_modify_datetime, last_modify_by)
values ('9ff0561f-10ef-4826-a8ad-892c179dcc52', '277d74c6-ef02-4d7f-948e-caaac11c0e13', null, 'available', '2010', null, null, null, null, 'virtual', null, 0, null, null, 'empty', 0, 0, 0, 0, 0, null, 0, 1, 0, '化成柜', null, 1, to_date('27-04-2017 15:14:01', 'dd-mm-yyyy hh24:mi:ss'), null, to_date('27-04-2017 15:14:01', 'dd-mm-yyyy hh24:mi:ss'), null);
insert into WMS_STORAGE_LOCATION (id, house_id, standard_id, loc_use_status, loc_no, loc_barcode, x_pos, y_pos, z_pos, loc_type, virtual_loc_type, is_loc_statistics, loc_vol, loc_vol_unit, storage_status, artificial_in_lock, artificial_out_lock, business_in_lock, business_out_lock, loc_is_error, loc_error_reason, forbid_in, forbid_out, is_equip_loc, equip_type, remark, is_active, create_datetime, create_by, last_modify_datetime, last_modify_by)
values ('b94605f7-af96-4a22-870e-eded4fcdce57', '277d74c6-ef02-4d7f-948e-caaac11c0e13', null, 'available', '2060', null, null, null, null, 'virtual', null, 0, null, null, 'empty', 0, 0, 0, 0, 0, null, 0, 1, 0, '化成柜', null, 1, to_date('27-04-2017 15:14:10', 'dd-mm-yyyy hh24:mi:ss'), null, to_date('27-04-2017 15:14:10', 'dd-mm-yyyy hh24:mi:ss'), null);
insert into WMS_STORAGE_LOCATION (id, house_id, standard_id, loc_use_status, loc_no, loc_barcode, x_pos, y_pos, z_pos, loc_type, virtual_loc_type, is_loc_statistics, loc_vol, loc_vol_unit, storage_status, artificial_in_lock, artificial_out_lock, business_in_lock, business_out_lock, loc_is_error, loc_error_reason, forbid_in, forbid_out, is_equip_loc, equip_type, remark, is_active, create_datetime, create_by, last_modify_datetime, last_modify_by)
values ('3ac577c2-ba12-4cbd-b195-82a75e0d07f4', '277d74c6-ef02-4d7f-948e-caaac11c0e13', null, 'available', 'error_export', null, null, null, null, 'virtual', null, 0, null, null, 'empty', 0, 0, 0, 0, 0, null, 0, 1, 0, '化成柜', null, 1, to_date('27-04-2017 15:14:20', 'dd-mm-yyyy hh24:mi:ss'), null, to_date('27-04-2017 15:14:20', 'dd-mm-yyyy hh24:mi:ss'), null);
insert into WMS_STORAGE_LOCATION (id, house_id, standard_id, loc_use_status, loc_no, loc_barcode, x_pos, y_pos, z_pos, loc_type, virtual_loc_type, is_loc_statistics, loc_vol, loc_vol_unit, storage_status, artificial_in_lock, artificial_out_lock, business_in_lock, business_out_lock, loc_is_error, loc_error_reason, forbid_in, forbid_out, is_equip_loc, equip_type, remark, is_active, create_datetime, create_by, last_modify_datetime, last_modify_by)
values ('e44c4938-ef5a-4814-b35a-d517a8a31cfd', '277d74c6-ef02-4d7f-948e-caaac11c0e13', null, 'available', 'LA011207', 'LA011207', 1, 12, 7, 'cubic', null, 0, 1, 'tray', 'empty', 0, 0, 0, 0, 0, null, 0, 1, 0, null, null, 1, to_date('27-04-2017 16:29:24', 'dd-mm-yyyy hh24:mi:ss'), null, to_date('27-04-2017 16:29:24', 'dd-mm-yyyy hh24:mi:ss'), null);
insert into WMS_STORAGE_LOCATION (id, house_id, standard_id, loc_use_status, loc_no, loc_barcode, x_pos, y_pos, z_pos, loc_type, virtual_loc_type, is_loc_statistics, loc_vol, loc_vol_unit, storage_status, artificial_in_lock, artificial_out_lock, business_in_lock, business_out_lock, loc_is_error, loc_error_reason, forbid_in, forbid_out, is_equip_loc, equip_type, remark, is_active, create_datetime, create_by, last_modify_datetime, last_modify_by)
values ('d71d4d02-a030-4e14-84ca-5ef43322b34c', '277d74c6-ef02-4d7f-948e-caaac11c0e13', null, 'available', 'LA020201', 'LA020201', 2, 2, 1, 'cubic', null, 0, 1, 'tray', 'empty', 0, 0, 0, 0, 0, null, 0, 1, 0, null, null, 1, to_date('27-04-2017 16:31:34', 'dd-mm-yyyy hh24:mi:ss'), null, to_date('27-04-2017 16:31:34', 'dd-mm-yyyy hh24:mi:ss'), null);
insert into WMS_STORAGE_LOCATION (id, house_id, standard_id, loc_use_status, loc_no, loc_barcode, x_pos, y_pos, z_pos, loc_type, virtual_loc_type, is_loc_statistics, loc_vol, loc_vol_unit, storage_status, artificial_in_lock, artificial_out_lock, business_in_lock, business_out_lock, loc_is_error, loc_error_reason, forbid_in, forbid_out, is_equip_loc, equip_type, remark, is_active, create_datetime, create_by, last_modify_datetime, last_modify_by)
values ('81ca5959-7659-4d8f-ae50-0241c0f2d9df', '277d74c6-ef02-4d7f-948e-caaac11c0e13', null, 'available', 'LA020202', 'LA020202', 2, 2, 2, 'cubic', null, 0, 1, 'tray', 'empty', 0, 0, 0, 0, 0, null, 0, 1, 0, null, null, 1, to_date('27-04-2017 16:31:34', 'dd-mm-yyyy hh24:mi:ss'), null, to_date('27-04-2017 16:31:34', 'dd-mm-yyyy hh24:mi:ss'), null);
insert into WMS_STORAGE_LOCATION (id, house_id, standard_id, loc_use_status, loc_no, loc_barcode, x_pos, y_pos, z_pos, loc_type, virtual_loc_type, is_loc_statistics, loc_vol, loc_vol_unit, storage_status, artificial_in_lock, artificial_out_lock, business_in_lock, business_out_lock, loc_is_error, loc_error_reason, forbid_in, forbid_out, is_equip_loc, equip_type, remark, is_active, create_datetime, create_by, last_modify_datetime, last_modify_by)
values ('3b10730b-1a00-4e48-85fd-e2e46a8a5095', '277d74c6-ef02-4d7f-948e-caaac11c0e13', null, 'available', 'LA020203', 'LA020203', 2, 2, 3, 'cubic', null, 0, 1, 'tray', 'empty', 0, 0, 0, 0, 0, null, 0, 1, 0, null, null, 1, to_date('27-04-2017 16:31:34', 'dd-mm-yyyy hh24:mi:ss'), null, to_date('27-04-2017 16:31:34', 'dd-mm-yyyy hh24:mi:ss'), null);
insert into WMS_STORAGE_LOCATION (id, house_id, standard_id, loc_use_status, loc_no, loc_barcode, x_pos, y_pos, z_pos, loc_type, virtual_loc_type, is_loc_statistics, loc_vol, loc_vol_unit, storage_status, artificial_in_lock, artificial_out_lock, business_in_lock, business_out_lock, loc_is_error, loc_error_reason, forbid_in, forbid_out, is_equip_loc, equip_type, remark, is_active, create_datetime, create_by, last_modify_datetime, last_modify_by)
values ('a709b0eb-d54a-411c-a5f7-927094fc6644', '277d74c6-ef02-4d7f-948e-caaac11c0e13', null, 'available', 'LA020204', 'LA020204', 2, 2, 4, 'cubic', null, 0, 1, 'tray', 'empty', 0, 0, 0, 0, 0, null, 0, 1, 0, null, null, 1, to_date('27-04-2017 16:31:34', 'dd-mm-yyyy hh24:mi:ss'), null, to_date('27-04-2017 16:31:34', 'dd-mm-yyyy hh24:mi:ss'), null);
insert into WMS_STORAGE_LOCATION (id, house_id, standard_id, loc_use_status, loc_no, loc_barcode, x_pos, y_pos, z_pos, loc_type, virtual_loc_type, is_loc_statistics, loc_vol, loc_vol_unit, storage_status, artificial_in_lock, artificial_out_lock, business_in_lock, business_out_lock, loc_is_error, loc_error_reason, forbid_in, forbid_out, is_equip_loc, equip_type, remark, is_active, create_datetime, create_by, last_modify_datetime, last_modify_by)
values ('183f4e3b-f7d2-4df2-a1e3-907b53499e1d', '277d74c6-ef02-4d7f-948e-caaac11c0e13', null, 'available', 'LA020205', 'LA020205', 2, 2, 5, 'cubic', null, 0, 1, 'tray', 'empty', 0, 0, 0, 0, 0, null, 0, 1, 0, null, null, 1, to_date('27-04-2017 16:31:34', 'dd-mm-yyyy hh24:mi:ss'), null, to_date('27-04-2017 16:31:34', 'dd-mm-yyyy hh24:mi:ss'), null);
insert into WMS_STORAGE_LOCATION (id, house_id, standard_id, loc_use_status, loc_no, loc_barcode, x_pos, y_pos, z_pos, loc_type, virtual_loc_type, is_loc_statistics, loc_vol, loc_vol_unit, storage_status, artificial_in_lock, artificial_out_lock, business_in_lock, business_out_lock, loc_is_error, loc_error_reason, forbid_in, forbid_out, is_equip_loc, equip_type, remark, is_active, create_datetime, create_by, last_modify_datetime, last_modify_by)
values ('ecd4e06e-08e4-4c39-8867-7a1b523a93d0', '277d74c6-ef02-4d7f-948e-caaac11c0e13', null, 'available', 'LA020206', 'LA020206', 2, 2, 6, 'cubic', null, 0, 1, 'tray', 'empty', 0, 0, 0, 0, 0, null, 0, 1, 0, null, null, 1, to_date('27-04-2017 16:31:34', 'dd-mm-yyyy hh24:mi:ss'), null, to_date('27-04-2017 16:31:34', 'dd-mm-yyyy hh24:mi:ss'), null);
insert into WMS_STORAGE_LOCATION (id, house_id, standard_id, loc_use_status, loc_no, loc_barcode, x_pos, y_pos, z_pos, loc_type, virtual_loc_type, is_loc_statistics, loc_vol, loc_vol_unit, storage_status, artificial_in_lock, artificial_out_lock, business_in_lock, business_out_lock, loc_is_error, loc_error_reason, forbid_in, forbid_out, is_equip_loc, equip_type, remark, is_active, create_datetime, create_by, last_modify_datetime, last_modify_by)
values ('19da8eb8-73b5-4577-96ce-8d38f5e21037', '277d74c6-ef02-4d7f-948e-caaac11c0e13', null, 'available', 'LA020207', 'LA020207', 2, 2, 7, 'cubic', null, 0, 1, 'tray', 'empty', 0, 0, 0, 0, 0, null, 0, 1, 0, null, null, 1, to_date('27-04-2017 16:31:34', 'dd-mm-yyyy hh24:mi:ss'), null, to_date('27-04-2017 16:31:34', 'dd-mm-yyyy hh24:mi:ss'), null);
insert into WMS_STORAGE_LOCATION (id, house_id, standard_id, loc_use_status, loc_no, loc_barcode, x_pos, y_pos, z_pos, loc_type, virtual_loc_type, is_loc_statistics, loc_vol, loc_vol_unit, storage_status, artificial_in_lock, artificial_out_lock, business_in_lock, business_out_lock, loc_is_error, loc_error_reason, forbid_in, forbid_out, is_equip_loc, equip_type, remark, is_active, create_datetime, create_by, last_modify_datetime, last_modify_by)
values ('b06104a3-5b7d-4630-aacb-b70c1dd6c551', '277d74c6-ef02-4d7f-948e-caaac11c0e13', null, 'available', 'LA020301', 'LA020301', 2, 3, 1, 'cubic', null, 0, 1, 'tray', 'empty', 0, 0, 0, 0, 0, null, 0, 1, 0, null, null, 1, to_date('27-04-2017 16:31:34', 'dd-mm-yyyy hh24:mi:ss'), null, to_date('27-04-2017 16:31:34', 'dd-mm-yyyy hh24:mi:ss'), null);
insert into WMS_STORAGE_LOCATION (id, house_id, standard_id, loc_use_status, loc_no, loc_barcode, x_pos, y_pos, z_pos, loc_type, virtual_loc_type, is_loc_statistics, loc_vol, loc_vol_unit, storage_status, artificial_in_lock, artificial_out_lock, business_in_lock, business_out_lock, loc_is_error, loc_error_reason, forbid_in, forbid_out, is_equip_loc, equip_type, remark, is_active, create_datetime, create_by, last_modify_datetime, last_modify_by)
values ('ad8f3d31-91c5-4f8f-9325-5d9729557daf', '277d74c6-ef02-4d7f-948e-caaac11c0e13', null, 'available', 'LA020302', 'LA020302', 2, 3, 2, 'cubic', null, 0, 1, 'tray', 'empty', 0, 0, 0, 0, 0, null, 0, 1, 0, null, null, 1, to_date('27-04-2017 16:31:34', 'dd-mm-yyyy hh24:mi:ss'), null, to_date('27-04-2017 16:31:34', 'dd-mm-yyyy hh24:mi:ss'), null);
insert into WMS_STORAGE_LOCATION (id, house_id, standard_id, loc_use_status, loc_no, loc_barcode, x_pos, y_pos, z_pos, loc_type, virtual_loc_type, is_loc_statistics, loc_vol, loc_vol_unit, storage_status, artificial_in_lock, artificial_out_lock, business_in_lock, business_out_lock, loc_is_error, loc_error_reason, forbid_in, forbid_out, is_equip_loc, equip_type, remark, is_active, create_datetime, create_by, last_modify_datetime, last_modify_by)
values ('5d65c3b6-e899-48e9-8412-e39fc3b9d05a', '277d74c6-ef02-4d7f-948e-caaac11c0e13', null, 'available', 'LA020303', 'LA020303', 2, 3, 3, 'cubic', null, 0, 1, 'tray', 'empty', 0, 0, 0, 0, 0, null, 0, 1, 0, null, null, 1, to_date('27-04-2017 16:31:34', 'dd-mm-yyyy hh24:mi:ss'), null, to_date('27-04-2017 16:31:34', 'dd-mm-yyyy hh24:mi:ss'), null);
insert into WMS_STORAGE_LOCATION (id, house_id, standard_id, loc_use_status, loc_no, loc_barcode, x_pos, y_pos, z_pos, loc_type, virtual_loc_type, is_loc_statistics, loc_vol, loc_vol_unit, storage_status, artificial_in_lock, artificial_out_lock, business_in_lock, business_out_lock, loc_is_error, loc_error_reason, forbid_in, forbid_out, is_equip_loc, equip_type, remark, is_active, create_datetime, create_by, last_modify_datetime, last_modify_by)
values ('fd12a275-58bf-40af-bb81-c2a49df7de1a', '277d74c6-ef02-4d7f-948e-caaac11c0e13', null, 'available', 'LA020304', 'LA020304', 2, 3, 4, 'cubic', null, 0, 1, 'tray', 'empty', 0, 0, 0, 0, 0, null, 0, 1, 0, null, null, 1, to_date('27-04-2017 16:31:34', 'dd-mm-yyyy hh24:mi:ss'), null, to_date('27-04-2017 16:31:34', 'dd-mm-yyyy hh24:mi:ss'), null);
insert into WMS_STORAGE_LOCATION (id, house_id, standard_id, loc_use_status, loc_no, loc_barcode, x_pos, y_pos, z_pos, loc_type, virtual_loc_type, is_loc_statistics, loc_vol, loc_vol_unit, storage_status, artificial_in_lock, artificial_out_lock, business_in_lock, business_out_lock, loc_is_error, loc_error_reason, forbid_in, forbid_out, is_equip_loc, equip_type, remark, is_active, create_datetime, create_by, last_modify_datetime, last_modify_by)
values ('45106bc2-c569-4e68-8cb6-e0691afa0e44', '277d74c6-ef02-4d7f-948e-caaac11c0e13', null, 'available', 'LA020305', 'LA020305', 2, 3, 5, 'cubic', null, 0, 1, 'tray', 'empty', 0, 0, 0, 0, 0, null, 0, 1, 0, null, null, 1, to_date('27-04-2017 16:31:34', 'dd-mm-yyyy hh24:mi:ss'), null, to_date('27-04-2017 16:31:34', 'dd-mm-yyyy hh24:mi:ss'), null);
insert into WMS_STORAGE_LOCATION (id, house_id, standard_id, loc_use_status, loc_no, loc_barcode, x_pos, y_pos, z_pos, loc_type, virtual_loc_type, is_loc_statistics, loc_vol, loc_vol_unit, storage_status, artificial_in_lock, artificial_out_lock, business_in_lock, business_out_lock, loc_is_error, loc_error_reason, forbid_in, forbid_out, is_equip_loc, equip_type, remark, is_active, create_datetime, create_by, last_modify_datetime, last_modify_by)
values ('ebb5e407-b085-4d62-8207-1e397ee930eb', '277d74c6-ef02-4d7f-948e-caaac11c0e13', null, 'available', 'LA020306', 'LA020306', 2, 3, 6, 'cubic', null, 0, 1, 'tray', 'empty', 0, 0, 0, 0, 0, null, 0, 1, 0, null, null, 1, to_date('27-04-2017 16:31:34', 'dd-mm-yyyy hh24:mi:ss'), null, to_date('27-04-2017 16:31:34', 'dd-mm-yyyy hh24:mi:ss'), null);
insert into WMS_STORAGE_LOCATION (id, house_id, standard_id, loc_use_status, loc_no, loc_barcode, x_pos, y_pos, z_pos, loc_type, virtual_loc_type, is_loc_statistics, loc_vol, loc_vol_unit, storage_status, artificial_in_lock, artificial_out_lock, business_in_lock, business_out_lock, loc_is_error, loc_error_reason, forbid_in, forbid_out, is_equip_loc, equip_type, remark, is_active, create_datetime, create_by, last_modify_datetime, last_modify_by)
values ('2d65e892-8184-4876-91b9-e8a0cabea932', '277d74c6-ef02-4d7f-948e-caaac11c0e13', null, 'available', 'LA020307', 'LA020307', 2, 3, 7, 'cubic', null, 0, 1, 'tray', 'empty', 0, 0, 0, 0, 0, null, 0, 1, 0, null, null, 1, to_date('27-04-2017 16:31:34', 'dd-mm-yyyy hh24:mi:ss'), null, to_date('27-04-2017 16:31:34', 'dd-mm-yyyy hh24:mi:ss'), null);
insert into WMS_STORAGE_LOCATION (id, house_id, standard_id, loc_use_status, loc_no, loc_barcode, x_pos, y_pos, z_pos, loc_type, virtual_loc_type, is_loc_statistics, loc_vol, loc_vol_unit, storage_status, artificial_in_lock, artificial_out_lock, business_in_lock, business_out_lock, loc_is_error, loc_error_reason, forbid_in, forbid_out, is_equip_loc, equip_type, remark, is_active, create_datetime, create_by, last_modify_datetime, last_modify_by)
values ('6a26a4fa-a3d2-4529-97de-3a48daa1af89', '277d74c6-ef02-4d7f-948e-caaac11c0e13', null, 'available', 'LA020401', 'LA020401', 2, 4, 1, 'cubic', null, 0, 1, 'tray', 'empty', 0, 0, 0, 0, 0, null, 0, 1, 0, null, null, 1, to_date('27-04-2017 16:31:34', 'dd-mm-yyyy hh24:mi:ss'), null, to_date('27-04-2017 16:31:34', 'dd-mm-yyyy hh24:mi:ss'), null);
insert into WMS_STORAGE_LOCATION (id, house_id, standard_id, loc_use_status, loc_no, loc_barcode, x_pos, y_pos, z_pos, loc_type, virtual_loc_type, is_loc_statistics, loc_vol, loc_vol_unit, storage_status, artificial_in_lock, artificial_out_lock, business_in_lock, business_out_lock, loc_is_error, loc_error_reason, forbid_in, forbid_out, is_equip_loc, equip_type, remark, is_active, create_datetime, create_by, last_modify_datetime, last_modify_by)
values ('4ed72bf5-60d9-412e-9ec0-12fdbf039ac2', '277d74c6-ef02-4d7f-948e-caaac11c0e13', null, 'available', 'LA020402', 'LA020402', 2, 4, 2, 'cubic', null, 0, 1, 'tray', 'empty', 0, 0, 0, 0, 0, null, 0, 1, 0, null, null, 1, to_date('27-04-2017 16:31:34', 'dd-mm-yyyy hh24:mi:ss'), null, to_date('27-04-2017 16:31:34', 'dd-mm-yyyy hh24:mi:ss'), null);
insert into WMS_STORAGE_LOCATION (id, house_id, standard_id, loc_use_status, loc_no, loc_barcode, x_pos, y_pos, z_pos, loc_type, virtual_loc_type, is_loc_statistics, loc_vol, loc_vol_unit, storage_status, artificial_in_lock, artificial_out_lock, business_in_lock, business_out_lock, loc_is_error, loc_error_reason, forbid_in, forbid_out, is_equip_loc, equip_type, remark, is_active, create_datetime, create_by, last_modify_datetime, last_modify_by)
values ('65d42139-062c-4186-a6b5-fef51bb96322', '277d74c6-ef02-4d7f-948e-caaac11c0e13', null, 'available', 'LA020403', 'LA020403', 2, 4, 3, 'cubic', null, 0, 1, 'tray', 'empty', 0, 0, 0, 0, 0, null, 0, 1, 0, null, null, 1, to_date('27-04-2017 16:31:34', 'dd-mm-yyyy hh24:mi:ss'), null, to_date('27-04-2017 16:31:34', 'dd-mm-yyyy hh24:mi:ss'), null);
insert into WMS_STORAGE_LOCATION (id, house_id, standard_id, loc_use_status, loc_no, loc_barcode, x_pos, y_pos, z_pos, loc_type, virtual_loc_type, is_loc_statistics, loc_vol, loc_vol_unit, storage_status, artificial_in_lock, artificial_out_lock, business_in_lock, business_out_lock, loc_is_error, loc_error_reason, forbid_in, forbid_out, is_equip_loc, equip_type, remark, is_active, create_datetime, create_by, last_modify_datetime, last_modify_by)
values ('cb71434f-71e9-4a88-9474-92a2aaca26a0', '277d74c6-ef02-4d7f-948e-caaac11c0e13', null, 'available', 'LA020404', 'LA020404', 2, 4, 4, 'cubic', null, 0, 1, 'tray', 'empty', 0, 0, 0, 0, 0, null, 0, 1, 0, null, null, 1, to_date('27-04-2017 16:31:34', 'dd-mm-yyyy hh24:mi:ss'), null, to_date('27-04-2017 16:31:34', 'dd-mm-yyyy hh24:mi:ss'), null);
insert into WMS_STORAGE_LOCATION (id, house_id, standard_id, loc_use_status, loc_no, loc_barcode, x_pos, y_pos, z_pos, loc_type, virtual_loc_type, is_loc_statistics, loc_vol, loc_vol_unit, storage_status, artificial_in_lock, artificial_out_lock, business_in_lock, business_out_lock, loc_is_error, loc_error_reason, forbid_in, forbid_out, is_equip_loc, equip_type, remark, is_active, create_datetime, create_by, last_modify_datetime, last_modify_by)
values ('6b0f975d-36c2-4da0-ade0-77719442f233', '277d74c6-ef02-4d7f-948e-caaac11c0e13', null, 'available', 'LA020405', 'LA020405', 2, 4, 5, 'cubic', null, 0, 1, 'tray', 'empty', 0, 0, 0, 0, 0, null, 0, 1, 0, null, null, 1, to_date('27-04-2017 16:31:34', 'dd-mm-yyyy hh24:mi:ss'), null, to_date('27-04-2017 16:31:34', 'dd-mm-yyyy hh24:mi:ss'), null);
insert into WMS_STORAGE_LOCATION (id, house_id, standard_id, loc_use_status, loc_no, loc_barcode, x_pos, y_pos, z_pos, loc_type, virtual_loc_type, is_loc_statistics, loc_vol, loc_vol_unit, storage_status, artificial_in_lock, artificial_out_lock, business_in_lock, business_out_lock, loc_is_error, loc_error_reason, forbid_in, forbid_out, is_equip_loc, equip_type, remark, is_active, create_datetime, create_by, last_modify_datetime, last_modify_by)
values ('49da3019-8413-46c6-bc70-15b7c012b362', '277d74c6-ef02-4d7f-948e-caaac11c0e13', null, 'available', 'LA020406', 'LA020406', 2, 4, 6, 'cubic', null, 0, 1, 'tray', 'empty', 0, 0, 0, 0, 0, null, 0, 1, 0, null, null, 1, to_date('27-04-2017 16:31:34', 'dd-mm-yyyy hh24:mi:ss'), null, to_date('27-04-2017 16:31:34', 'dd-mm-yyyy hh24:mi:ss'), null);
insert into WMS_STORAGE_LOCATION (id, house_id, standard_id, loc_use_status, loc_no, loc_barcode, x_pos, y_pos, z_pos, loc_type, virtual_loc_type, is_loc_statistics, loc_vol, loc_vol_unit, storage_status, artificial_in_lock, artificial_out_lock, business_in_lock, business_out_lock, loc_is_error, loc_error_reason, forbid_in, forbid_out, is_equip_loc, equip_type, remark, is_active, create_datetime, create_by, last_modify_datetime, last_modify_by)
values ('9015b186-944f-4b88-97bc-036ccd72389d', '277d74c6-ef02-4d7f-948e-caaac11c0e13', null, 'available', 'LA020407', 'LA020407', 2, 4, 7, 'cubic', null, 0, 1, 'tray', 'empty', 0, 0, 0, 0, 0, null, 0, 1, 0, null, null, 1, to_date('27-04-2017 16:31:34', 'dd-mm-yyyy hh24:mi:ss'), null, to_date('27-04-2017 16:31:34', 'dd-mm-yyyy hh24:mi:ss'), null);
insert into WMS_STORAGE_LOCATION (id, house_id, standard_id, loc_use_status, loc_no, loc_barcode, x_pos, y_pos, z_pos, loc_type, virtual_loc_type, is_loc_statistics, loc_vol, loc_vol_unit, storage_status, artificial_in_lock, artificial_out_lock, business_in_lock, business_out_lock, loc_is_error, loc_error_reason, forbid_in, forbid_out, is_equip_loc, equip_type, remark, is_active, create_datetime, create_by, last_modify_datetime, last_modify_by)
values ('c7fd751b-2e25-42dd-892c-ddbd1f8c6d4b', '277d74c6-ef02-4d7f-948e-caaac11c0e13', null, 'available', 'LA020501', 'LA020501', 2, 5, 1, 'cubic', null, 0, 1, 'tray', 'empty', 0, 0, 0, 0, 0, null, 0, 1, 0, null, null, 1, to_date('27-04-2017 16:31:34', 'dd-mm-yyyy hh24:mi:ss'), null, to_date('27-04-2017 16:31:34', 'dd-mm-yyyy hh24:mi:ss'), null);
insert into WMS_STORAGE_LOCATION (id, house_id, standard_id, loc_use_status, loc_no, loc_barcode, x_pos, y_pos, z_pos, loc_type, virtual_loc_type, is_loc_statistics, loc_vol, loc_vol_unit, storage_status, artificial_in_lock, artificial_out_lock, business_in_lock, business_out_lock, loc_is_error, loc_error_reason, forbid_in, forbid_out, is_equip_loc, equip_type, remark, is_active, create_datetime, create_by, last_modify_datetime, last_modify_by)
values ('1a35f00c-5f6c-47ec-827f-a0abf8999fdf', '277d74c6-ef02-4d7f-948e-caaac11c0e13', null, 'available', 'LA020502', 'LA020502', 2, 5, 2, 'cubic', null, 0, 1, 'tray', 'empty', 0, 0, 0, 0, 0, null, 0, 1, 0, null, null, 1, to_date('27-04-2017 16:31:34', 'dd-mm-yyyy hh24:mi:ss'), null, to_date('27-04-2017 16:31:34', 'dd-mm-yyyy hh24:mi:ss'), null);
insert into WMS_STORAGE_LOCATION (id, house_id, standard_id, loc_use_status, loc_no, loc_barcode, x_pos, y_pos, z_pos, loc_type, virtual_loc_type, is_loc_statistics, loc_vol, loc_vol_unit, storage_status, artificial_in_lock, artificial_out_lock, business_in_lock, business_out_lock, loc_is_error, loc_error_reason, forbid_in, forbid_out, is_equip_loc, equip_type, remark, is_active, create_datetime, create_by, last_modify_datetime, last_modify_by)
values ('3cd8e821-8baa-4c09-843e-2d4416d7628f', '277d74c6-ef02-4d7f-948e-caaac11c0e13', null, 'available', 'LA020503', 'LA020503', 2, 5, 3, 'cubic', null, 0, 1, 'tray', 'empty', 0, 0, 0, 0, 0, null, 0, 1, 0, null, null, 1, to_date('27-04-2017 16:31:34', 'dd-mm-yyyy hh24:mi:ss'), null, to_date('27-04-2017 16:31:34', 'dd-mm-yyyy hh24:mi:ss'), null);
insert into WMS_STORAGE_LOCATION (id, house_id, standard_id, loc_use_status, loc_no, loc_barcode, x_pos, y_pos, z_pos, loc_type, virtual_loc_type, is_loc_statistics, loc_vol, loc_vol_unit, storage_status, artificial_in_lock, artificial_out_lock, business_in_lock, business_out_lock, loc_is_error, loc_error_reason, forbid_in, forbid_out, is_equip_loc, equip_type, remark, is_active, create_datetime, create_by, last_modify_datetime, last_modify_by)
values ('def25bf4-1b4d-4e15-8402-57ccc088af7c', '277d74c6-ef02-4d7f-948e-caaac11c0e13', null, 'available', 'LA020504', 'LA020504', 2, 5, 4, 'cubic', null, 0, 1, 'tray', 'empty', 0, 0, 0, 0, 0, null, 0, 1, 0, null, null, 1, to_date('27-04-2017 16:31:34', 'dd-mm-yyyy hh24:mi:ss'), null, to_date('27-04-2017 16:31:34', 'dd-mm-yyyy hh24:mi:ss'), null);
insert into WMS_STORAGE_LOCATION (id, house_id, standard_id, loc_use_status, loc_no, loc_barcode, x_pos, y_pos, z_pos, loc_type, virtual_loc_type, is_loc_statistics, loc_vol, loc_vol_unit, storage_status, artificial_in_lock, artificial_out_lock, business_in_lock, business_out_lock, loc_is_error, loc_error_reason, forbid_in, forbid_out, is_equip_loc, equip_type, remark, is_active, create_datetime, create_by, last_modify_datetime, last_modify_by)
values ('4fc6647c-fedd-4768-972f-b3cf50d9933f', '277d74c6-ef02-4d7f-948e-caaac11c0e13', null, 'available', 'LA020505', 'LA020505', 2, 5, 5, 'cubic', null, 0, 1, 'tray', 'empty', 0, 0, 0, 0, 0, null, 0, 1, 0, null, null, 1, to_date('27-04-2017 16:31:34', 'dd-mm-yyyy hh24:mi:ss'), null, to_date('27-04-2017 16:31:34', 'dd-mm-yyyy hh24:mi:ss'), null);
insert into WMS_STORAGE_LOCATION (id, house_id, standard_id, loc_use_status, loc_no, loc_barcode, x_pos, y_pos, z_pos, loc_type, virtual_loc_type, is_loc_statistics, loc_vol, loc_vol_unit, storage_status, artificial_in_lock, artificial_out_lock, business_in_lock, business_out_lock, loc_is_error, loc_error_reason, forbid_in, forbid_out, is_equip_loc, equip_type, remark, is_active, create_datetime, create_by, last_modify_datetime, last_modify_by)
values ('39579109-b61e-4062-948c-c3256b6d6091', '277d74c6-ef02-4d7f-948e-caaac11c0e13', null, 'available', 'LA020506', 'LA020506', 2, 5, 6, 'cubic', null, 0, 1, 'tray', 'empty', 0, 0, 0, 0, 0, null, 0, 1, 0, null, null, 1, to_date('27-04-2017 16:31:34', 'dd-mm-yyyy hh24:mi:ss'), null, to_date('27-04-2017 16:31:34', 'dd-mm-yyyy hh24:mi:ss'), null);
insert into WMS_STORAGE_LOCATION (id, house_id, standard_id, loc_use_status, loc_no, loc_barcode, x_pos, y_pos, z_pos, loc_type, virtual_loc_type, is_loc_statistics, loc_vol, loc_vol_unit, storage_status, artificial_in_lock, artificial_out_lock, business_in_lock, business_out_lock, loc_is_error, loc_error_reason, forbid_in, forbid_out, is_equip_loc, equip_type, remark, is_active, create_datetime, create_by, last_modify_datetime, last_modify_by)
values ('c23c77c6-7c71-44ae-a090-dd05662f2268', '277d74c6-ef02-4d7f-948e-caaac11c0e13', null, 'available', 'LA020507', 'LA020507', 2, 5, 7, 'cubic', null, 0, 1, 'tray', 'empty', 0, 0, 0, 0, 0, null, 0, 1, 0, null, null, 1, to_date('27-04-2017 16:31:34', 'dd-mm-yyyy hh24:mi:ss'), null, to_date('27-04-2017 16:31:34', 'dd-mm-yyyy hh24:mi:ss'), null);
insert into WMS_STORAGE_LOCATION (id, house_id, standard_id, loc_use_status, loc_no, loc_barcode, x_pos, y_pos, z_pos, loc_type, virtual_loc_type, is_loc_statistics, loc_vol, loc_vol_unit, storage_status, artificial_in_lock, artificial_out_lock, business_in_lock, business_out_lock, loc_is_error, loc_error_reason, forbid_in, forbid_out, is_equip_loc, equip_type, remark, is_active, create_datetime, create_by, last_modify_datetime, last_modify_by)
values ('fe5bef81-baa4-47b0-add0-6054c6a625b9', '277d74c6-ef02-4d7f-948e-caaac11c0e13', null, 'available', 'LA020601', 'LA020601', 2, 6, 1, 'cubic', null, 0, 1, 'tray', 'empty', 0, 0, 0, 0, 0, null, 0, 1, 0, null, null, 1, to_date('27-04-2017 16:31:34', 'dd-mm-yyyy hh24:mi:ss'), null, to_date('27-04-2017 16:31:34', 'dd-mm-yyyy hh24:mi:ss'), null);
insert into WMS_STORAGE_LOCATION (id, house_id, standard_id, loc_use_status, loc_no, loc_barcode, x_pos, y_pos, z_pos, loc_type, virtual_loc_type, is_loc_statistics, loc_vol, loc_vol_unit, storage_status, artificial_in_lock, artificial_out_lock, business_in_lock, business_out_lock, loc_is_error, loc_error_reason, forbid_in, forbid_out, is_equip_loc, equip_type, remark, is_active, create_datetime, create_by, last_modify_datetime, last_modify_by)
values ('439e9579-0828-40e4-9a28-6d44e4e79a67', '277d74c6-ef02-4d7f-948e-caaac11c0e13', null, 'available', 'LA020602', 'LA020602', 2, 6, 2, 'cubic', null, 0, 1, 'tray', 'empty', 0, 0, 0, 0, 0, null, 0, 1, 0, null, null, 1, to_date('27-04-2017 16:31:34', 'dd-mm-yyyy hh24:mi:ss'), null, to_date('27-04-2017 16:31:34', 'dd-mm-yyyy hh24:mi:ss'), null);
insert into WMS_STORAGE_LOCATION (id, house_id, standard_id, loc_use_status, loc_no, loc_barcode, x_pos, y_pos, z_pos, loc_type, virtual_loc_type, is_loc_statistics, loc_vol, loc_vol_unit, storage_status, artificial_in_lock, artificial_out_lock, business_in_lock, business_out_lock, loc_is_error, loc_error_reason, forbid_in, forbid_out, is_equip_loc, equip_type, remark, is_active, create_datetime, create_by, last_modify_datetime, last_modify_by)
values ('bfc4d705-e4eb-463b-9dd4-2b42ca60c526', '277d74c6-ef02-4d7f-948e-caaac11c0e13', null, 'available', 'LA020603', 'LA020603', 2, 6, 3, 'cubic', null, 0, 1, 'tray', 'empty', 0, 0, 0, 0, 0, null, 0, 1, 0, null, null, 1, to_date('27-04-2017 16:31:34', 'dd-mm-yyyy hh24:mi:ss'), null, to_date('27-04-2017 16:31:34', 'dd-mm-yyyy hh24:mi:ss'), null);
insert into WMS_STORAGE_LOCATION (id, house_id, standard_id, loc_use_status, loc_no, loc_barcode, x_pos, y_pos, z_pos, loc_type, virtual_loc_type, is_loc_statistics, loc_vol, loc_vol_unit, storage_status, artificial_in_lock, artificial_out_lock, business_in_lock, business_out_lock, loc_is_error, loc_error_reason, forbid_in, forbid_out, is_equip_loc, equip_type, remark, is_active, create_datetime, create_by, last_modify_datetime, last_modify_by)
values ('df0fe9f1-51b8-4cb1-a6c6-ab145d1c2097', '277d74c6-ef02-4d7f-948e-caaac11c0e13', null, 'available', 'LA020604', 'LA020604', 2, 6, 4, 'cubic', null, 0, 1, 'tray', 'empty', 0, 0, 0, 0, 0, null, 0, 1, 0, null, null, 1, to_date('27-04-2017 16:31:34', 'dd-mm-yyyy hh24:mi:ss'), null, to_date('27-04-2017 16:31:34', 'dd-mm-yyyy hh24:mi:ss'), null);
insert into WMS_STORAGE_LOCATION (id, house_id, standard_id, loc_use_status, loc_no, loc_barcode, x_pos, y_pos, z_pos, loc_type, virtual_loc_type, is_loc_statistics, loc_vol, loc_vol_unit, storage_status, artificial_in_lock, artificial_out_lock, business_in_lock, business_out_lock, loc_is_error, loc_error_reason, forbid_in, forbid_out, is_equip_loc, equip_type, remark, is_active, create_datetime, create_by, last_modify_datetime, last_modify_by)
values ('ae44e451-b52e-4163-bdda-d4a37c5689db', '277d74c6-ef02-4d7f-948e-caaac11c0e13', null, 'available', 'LA020605', 'LA020605', 2, 6, 5, 'cubic', null, 0, 1, 'tray', 'empty', 0, 0, 0, 0, 0, null, 0, 1, 0, null, null, 1, to_date('27-04-2017 16:31:34', 'dd-mm-yyyy hh24:mi:ss'), null, to_date('27-04-2017 16:31:34', 'dd-mm-yyyy hh24:mi:ss'), null);
insert into WMS_STORAGE_LOCATION (id, house_id, standard_id, loc_use_status, loc_no, loc_barcode, x_pos, y_pos, z_pos, loc_type, virtual_loc_type, is_loc_statistics, loc_vol, loc_vol_unit, storage_status, artificial_in_lock, artificial_out_lock, business_in_lock, business_out_lock, loc_is_error, loc_error_reason, forbid_in, forbid_out, is_equip_loc, equip_type, remark, is_active, create_datetime, create_by, last_modify_datetime, last_modify_by)
values ('c0c90e3e-f598-4552-bbf7-a34fa7768529', '277d74c6-ef02-4d7f-948e-caaac11c0e13', null, 'available', 'LA020606', 'LA020606', 2, 6, 6, 'cubic', null, 0, 1, 'tray', 'empty', 0, 0, 0, 0, 0, null, 0, 1, 0, null, null, 1, to_date('27-04-2017 16:31:34', 'dd-mm-yyyy hh24:mi:ss'), null, to_date('27-04-2017 16:31:34', 'dd-mm-yyyy hh24:mi:ss'), null);
insert into WMS_STORAGE_LOCATION (id, house_id, standard_id, loc_use_status, loc_no, loc_barcode, x_pos, y_pos, z_pos, loc_type, virtual_loc_type, is_loc_statistics, loc_vol, loc_vol_unit, storage_status, artificial_in_lock, artificial_out_lock, business_in_lock, business_out_lock, loc_is_error, loc_error_reason, forbid_in, forbid_out, is_equip_loc, equip_type, remark, is_active, create_datetime, create_by, last_modify_datetime, last_modify_by)
values ('ac3c6494-ffdf-4fd3-8cab-d36d45cd7165', '277d74c6-ef02-4d7f-948e-caaac11c0e13', null, 'available', 'LA020607', 'LA020607', 2, 6, 7, 'cubic', null, 0, 1, 'tray', 'empty', 0, 0, 0, 0, 0, null, 0, 1, 0, null, null, 1, to_date('27-04-2017 16:31:34', 'dd-mm-yyyy hh24:mi:ss'), null, to_date('27-04-2017 16:31:34', 'dd-mm-yyyy hh24:mi:ss'), null);
insert into WMS_STORAGE_LOCATION (id, house_id, standard_id, loc_use_status, loc_no, loc_barcode, x_pos, y_pos, z_pos, loc_type, virtual_loc_type, is_loc_statistics, loc_vol, loc_vol_unit, storage_status, artificial_in_lock, artificial_out_lock, business_in_lock, business_out_lock, loc_is_error, loc_error_reason, forbid_in, forbid_out, is_equip_loc, equip_type, remark, is_active, create_datetime, create_by, last_modify_datetime, last_modify_by)
values ('5acc8977-bd64-4971-9735-9922d447e20c', '277d74c6-ef02-4d7f-948e-caaac11c0e13', null, 'available', 'LA020701', 'LA020701', 2, 7, 1, 'cubic', null, 0, 1, 'tray', 'empty', 0, 0, 0, 0, 0, null, 0, 1, 0, null, null, 1, to_date('27-04-2017 16:31:34', 'dd-mm-yyyy hh24:mi:ss'), null, to_date('27-04-2017 16:31:34', 'dd-mm-yyyy hh24:mi:ss'), null);
insert into WMS_STORAGE_LOCATION (id, house_id, standard_id, loc_use_status, loc_no, loc_barcode, x_pos, y_pos, z_pos, loc_type, virtual_loc_type, is_loc_statistics, loc_vol, loc_vol_unit, storage_status, artificial_in_lock, artificial_out_lock, business_in_lock, business_out_lock, loc_is_error, loc_error_reason, forbid_in, forbid_out, is_equip_loc, equip_type, remark, is_active, create_datetime, create_by, last_modify_datetime, last_modify_by)
values ('7be03f6c-fd14-4956-b2c8-d59553f9a726', '277d74c6-ef02-4d7f-948e-caaac11c0e13', null, 'available', 'LA020702', 'LA020702', 2, 7, 2, 'cubic', null, 0, 1, 'tray', 'empty', 0, 0, 0, 0, 0, null, 0, 1, 0, null, null, 1, to_date('27-04-2017 16:31:34', 'dd-mm-yyyy hh24:mi:ss'), null, to_date('27-04-2017 16:31:34', 'dd-mm-yyyy hh24:mi:ss'), null);
insert into WMS_STORAGE_LOCATION (id, house_id, standard_id, loc_use_status, loc_no, loc_barcode, x_pos, y_pos, z_pos, loc_type, virtual_loc_type, is_loc_statistics, loc_vol, loc_vol_unit, storage_status, artificial_in_lock, artificial_out_lock, business_in_lock, business_out_lock, loc_is_error, loc_error_reason, forbid_in, forbid_out, is_equip_loc, equip_type, remark, is_active, create_datetime, create_by, last_modify_datetime, last_modify_by)
values ('0829f585-4d10-4cad-9153-dcf603a3b16c', '277d74c6-ef02-4d7f-948e-caaac11c0e13', null, 'available', 'LA020703', 'LA020703', 2, 7, 3, 'cubic', null, 0, 1, 'tray', 'empty', 0, 0, 0, 0, 0, null, 0, 1, 0, null, null, 1, to_date('27-04-2017 16:31:34', 'dd-mm-yyyy hh24:mi:ss'), null, to_date('27-04-2017 16:31:34', 'dd-mm-yyyy hh24:mi:ss'), null);
insert into WMS_STORAGE_LOCATION (id, house_id, standard_id, loc_use_status, loc_no, loc_barcode, x_pos, y_pos, z_pos, loc_type, virtual_loc_type, is_loc_statistics, loc_vol, loc_vol_unit, storage_status, artificial_in_lock, artificial_out_lock, business_in_lock, business_out_lock, loc_is_error, loc_error_reason, forbid_in, forbid_out, is_equip_loc, equip_type, remark, is_active, create_datetime, create_by, last_modify_datetime, last_modify_by)
values ('2e5ec5b4-4eaa-47e9-9cdb-d701fb923a54', '277d74c6-ef02-4d7f-948e-caaac11c0e13', null, 'available', 'LA020704', 'LA020704', 2, 7, 4, 'cubic', null, 0, 1, 'tray', 'empty', 0, 0, 0, 0, 0, null, 0, 1, 0, null, null, 1, to_date('27-04-2017 16:31:34', 'dd-mm-yyyy hh24:mi:ss'), null, to_date('27-04-2017 16:31:34', 'dd-mm-yyyy hh24:mi:ss'), null);
insert into WMS_STORAGE_LOCATION (id, house_id, standard_id, loc_use_status, loc_no, loc_barcode, x_pos, y_pos, z_pos, loc_type, virtual_loc_type, is_loc_statistics, loc_vol, loc_vol_unit, storage_status, artificial_in_lock, artificial_out_lock, business_in_lock, business_out_lock, loc_is_error, loc_error_reason, forbid_in, forbid_out, is_equip_loc, equip_type, remark, is_active, create_datetime, create_by, last_modify_datetime, last_modify_by)
values ('2a371a65-bf9d-48d5-b7b2-e0849817fd05', '277d74c6-ef02-4d7f-948e-caaac11c0e13', null, 'available', 'LA020705', 'LA020705', 2, 7, 5, 'cubic', null, 0, 1, 'tray', 'empty', 0, 0, 0, 0, 0, null, 0, 1, 0, null, null, 1, to_date('27-04-2017 16:31:34', 'dd-mm-yyyy hh24:mi:ss'), null, to_date('27-04-2017 16:31:34', 'dd-mm-yyyy hh24:mi:ss'), null);
insert into WMS_STORAGE_LOCATION (id, house_id, standard_id, loc_use_status, loc_no, loc_barcode, x_pos, y_pos, z_pos, loc_type, virtual_loc_type, is_loc_statistics, loc_vol, loc_vol_unit, storage_status, artificial_in_lock, artificial_out_lock, business_in_lock, business_out_lock, loc_is_error, loc_error_reason, forbid_in, forbid_out, is_equip_loc, equip_type, remark, is_active, create_datetime, create_by, last_modify_datetime, last_modify_by)
values ('54021d84-15f1-456a-820f-640d090129e0', '277d74c6-ef02-4d7f-948e-caaac11c0e13', null, 'available', 'LA020706', 'LA020706', 2, 7, 6, 'cubic', null, 0, 1, 'tray', 'empty', 0, 0, 0, 0, 0, null, 0, 1, 0, null, null, 1, to_date('27-04-2017 16:31:34', 'dd-mm-yyyy hh24:mi:ss'), null, to_date('27-04-2017 16:31:34', 'dd-mm-yyyy hh24:mi:ss'), null);
insert into WMS_STORAGE_LOCATION (id, house_id, standard_id, loc_use_status, loc_no, loc_barcode, x_pos, y_pos, z_pos, loc_type, virtual_loc_type, is_loc_statistics, loc_vol, loc_vol_unit, storage_status, artificial_in_lock, artificial_out_lock, business_in_lock, business_out_lock, loc_is_error, loc_error_reason, forbid_in, forbid_out, is_equip_loc, equip_type, remark, is_active, create_datetime, create_by, last_modify_datetime, last_modify_by)
values ('d8b6871d-992b-4aca-9a3e-4b3a30dd88a0', '277d74c6-ef02-4d7f-948e-caaac11c0e13', null, 'available', 'LA020707', 'LA020707', 2, 7, 7, 'cubic', null, 0, 1, 'tray', 'empty', 0, 0, 0, 0, 0, null, 0, 1, 0, null, null, 1, to_date('27-04-2017 16:31:34', 'dd-mm-yyyy hh24:mi:ss'), null, to_date('27-04-2017 16:31:34', 'dd-mm-yyyy hh24:mi:ss'), null);
insert into WMS_STORAGE_LOCATION (id, house_id, standard_id, loc_use_status, loc_no, loc_barcode, x_pos, y_pos, z_pos, loc_type, virtual_loc_type, is_loc_statistics, loc_vol, loc_vol_unit, storage_status, artificial_in_lock, artificial_out_lock, business_in_lock, business_out_lock, loc_is_error, loc_error_reason, forbid_in, forbid_out, is_equip_loc, equip_type, remark, is_active, create_datetime, create_by, last_modify_datetime, last_modify_by)
values ('12fbce80-3813-4532-9574-9e263fdc9b5f', '277d74c6-ef02-4d7f-948e-caaac11c0e13', null, 'available', 'LA020801', 'LA020801', 2, 8, 1, 'cubic', null, 0, 1, 'tray', 'empty', 0, 0, 0, 0, 0, null, 0, 1, 0, null, null, 1, to_date('27-04-2017 16:31:34', 'dd-mm-yyyy hh24:mi:ss'), null, to_date('27-04-2017 16:31:34', 'dd-mm-yyyy hh24:mi:ss'), null);
insert into WMS_STORAGE_LOCATION (id, house_id, standard_id, loc_use_status, loc_no, loc_barcode, x_pos, y_pos, z_pos, loc_type, virtual_loc_type, is_loc_statistics, loc_vol, loc_vol_unit, storage_status, artificial_in_lock, artificial_out_lock, business_in_lock, business_out_lock, loc_is_error, loc_error_reason, forbid_in, forbid_out, is_equip_loc, equip_type, remark, is_active, create_datetime, create_by, last_modify_datetime, last_modify_by)
values ('015d3c3d-61f8-4044-b89e-4e3e974b5771', '277d74c6-ef02-4d7f-948e-caaac11c0e13', null, 'available', 'LA020802', 'LA020802', 2, 8, 2, 'cubic', null, 0, 1, 'tray', 'empty', 0, 0, 0, 0, 0, null, 0, 1, 0, null, null, 1, to_date('27-04-2017 16:31:34', 'dd-mm-yyyy hh24:mi:ss'), null, to_date('27-04-2017 16:31:34', 'dd-mm-yyyy hh24:mi:ss'), null);
insert into WMS_STORAGE_LOCATION (id, house_id, standard_id, loc_use_status, loc_no, loc_barcode, x_pos, y_pos, z_pos, loc_type, virtual_loc_type, is_loc_statistics, loc_vol, loc_vol_unit, storage_status, artificial_in_lock, artificial_out_lock, business_in_lock, business_out_lock, loc_is_error, loc_error_reason, forbid_in, forbid_out, is_equip_loc, equip_type, remark, is_active, create_datetime, create_by, last_modify_datetime, last_modify_by)
values ('be325072-8a05-482c-9118-9514643cba1f', '277d74c6-ef02-4d7f-948e-caaac11c0e13', null, 'available', 'LA020803', 'LA020803', 2, 8, 3, 'cubic', null, 0, 1, 'tray', 'empty', 0, 0, 0, 0, 0, null, 0, 1, 0, null, null, 1, to_date('27-04-2017 16:31:34', 'dd-mm-yyyy hh24:mi:ss'), null, to_date('27-04-2017 16:31:34', 'dd-mm-yyyy hh24:mi:ss'), null);
insert into WMS_STORAGE_LOCATION (id, house_id, standard_id, loc_use_status, loc_no, loc_barcode, x_pos, y_pos, z_pos, loc_type, virtual_loc_type, is_loc_statistics, loc_vol, loc_vol_unit, storage_status, artificial_in_lock, artificial_out_lock, business_in_lock, business_out_lock, loc_is_error, loc_error_reason, forbid_in, forbid_out, is_equip_loc, equip_type, remark, is_active, create_datetime, create_by, last_modify_datetime, last_modify_by)
values ('761b8744-1ed1-4431-ac35-f5f714bb2743', '277d74c6-ef02-4d7f-948e-caaac11c0e13', null, 'available', 'LA020804', 'LA020804', 2, 8, 4, 'cubic', null, 0, 1, 'tray', 'empty', 0, 0, 0, 0, 0, null, 0, 1, 0, null, null, 1, to_date('27-04-2017 16:31:34', 'dd-mm-yyyy hh24:mi:ss'), null, to_date('27-04-2017 16:31:34', 'dd-mm-yyyy hh24:mi:ss'), null);
insert into WMS_STORAGE_LOCATION (id, house_id, standard_id, loc_use_status, loc_no, loc_barcode, x_pos, y_pos, z_pos, loc_type, virtual_loc_type, is_loc_statistics, loc_vol, loc_vol_unit, storage_status, artificial_in_lock, artificial_out_lock, business_in_lock, business_out_lock, loc_is_error, loc_error_reason, forbid_in, forbid_out, is_equip_loc, equip_type, remark, is_active, create_datetime, create_by, last_modify_datetime, last_modify_by)
values ('e5d30e25-6f9e-4be3-bbb8-f9c79cdf1f91', '277d74c6-ef02-4d7f-948e-caaac11c0e13', null, 'available', 'LA020805', 'LA020805', 2, 8, 5, 'cubic', null, 0, 1, 'tray', 'empty', 0, 0, 0, 0, 0, null, 0, 1, 0, null, null, 1, to_date('27-04-2017 16:31:34', 'dd-mm-yyyy hh24:mi:ss'), null, to_date('27-04-2017 16:31:34', 'dd-mm-yyyy hh24:mi:ss'), null);
insert into WMS_STORAGE_LOCATION (id, house_id, standard_id, loc_use_status, loc_no, loc_barcode, x_pos, y_pos, z_pos, loc_type, virtual_loc_type, is_loc_statistics, loc_vol, loc_vol_unit, storage_status, artificial_in_lock, artificial_out_lock, business_in_lock, business_out_lock, loc_is_error, loc_error_reason, forbid_in, forbid_out, is_equip_loc, equip_type, remark, is_active, create_datetime, create_by, last_modify_datetime, last_modify_by)
values ('a2c38e40-706a-4f3c-8a02-64a51ea361f2', '277d74c6-ef02-4d7f-948e-caaac11c0e13', null, 'available', 'LA020806', 'LA020806', 2, 8, 6, 'cubic', null, 0, 1, 'tray', 'empty', 0, 0, 0, 0, 0, null, 0, 1, 0, null, null, 1, to_date('27-04-2017 16:31:34', 'dd-mm-yyyy hh24:mi:ss'), null, to_date('27-04-2017 16:31:34', 'dd-mm-yyyy hh24:mi:ss'), null);
insert into WMS_STORAGE_LOCATION (id, house_id, standard_id, loc_use_status, loc_no, loc_barcode, x_pos, y_pos, z_pos, loc_type, virtual_loc_type, is_loc_statistics, loc_vol, loc_vol_unit, storage_status, artificial_in_lock, artificial_out_lock, business_in_lock, business_out_lock, loc_is_error, loc_error_reason, forbid_in, forbid_out, is_equip_loc, equip_type, remark, is_active, create_datetime, create_by, last_modify_datetime, last_modify_by)
values ('b223202d-8dde-48ee-8d8d-075a0456e966', '277d74c6-ef02-4d7f-948e-caaac11c0e13', null, 'available', 'LA020807', 'LA020807', 2, 8, 7, 'cubic', null, 0, 1, 'tray', 'empty', 0, 0, 0, 0, 0, null, 0, 1, 0, null, null, 1, to_date('27-04-2017 16:31:34', 'dd-mm-yyyy hh24:mi:ss'), null, to_date('27-04-2017 16:31:34', 'dd-mm-yyyy hh24:mi:ss'), null);
insert into WMS_STORAGE_LOCATION (id, house_id, standard_id, loc_use_status, loc_no, loc_barcode, x_pos, y_pos, z_pos, loc_type, virtual_loc_type, is_loc_statistics, loc_vol, loc_vol_unit, storage_status, artificial_in_lock, artificial_out_lock, business_in_lock, business_out_lock, loc_is_error, loc_error_reason, forbid_in, forbid_out, is_equip_loc, equip_type, remark, is_active, create_datetime, create_by, last_modify_datetime, last_modify_by)
values ('edf5b1de-8a00-40eb-bab8-a5d7c30c4d05', '277d74c6-ef02-4d7f-948e-caaac11c0e13', null, 'available', 'LA020901', 'LA020901', 2, 9, 1, 'cubic', null, 0, 1, 'tray', 'empty', 0, 0, 0, 0, 0, null, 0, 1, 0, null, null, 1, to_date('27-04-2017 16:31:34', 'dd-mm-yyyy hh24:mi:ss'), null, to_date('27-04-2017 16:31:34', 'dd-mm-yyyy hh24:mi:ss'), null);
insert into WMS_STORAGE_LOCATION (id, house_id, standard_id, loc_use_status, loc_no, loc_barcode, x_pos, y_pos, z_pos, loc_type, virtual_loc_type, is_loc_statistics, loc_vol, loc_vol_unit, storage_status, artificial_in_lock, artificial_out_lock, business_in_lock, business_out_lock, loc_is_error, loc_error_reason, forbid_in, forbid_out, is_equip_loc, equip_type, remark, is_active, create_datetime, create_by, last_modify_datetime, last_modify_by)
values ('12a47442-b697-4b14-b3f8-81e0d12498a5', '277d74c6-ef02-4d7f-948e-caaac11c0e13', null, 'available', 'LA020902', 'LA020902', 2, 9, 2, 'cubic', null, 0, 1, 'tray', 'empty', 0, 0, 0, 0, 0, null, 0, 1, 0, null, null, 1, to_date('27-04-2017 16:31:34', 'dd-mm-yyyy hh24:mi:ss'), null, to_date('27-04-2017 16:31:34', 'dd-mm-yyyy hh24:mi:ss'), null);
insert into WMS_STORAGE_LOCATION (id, house_id, standard_id, loc_use_status, loc_no, loc_barcode, x_pos, y_pos, z_pos, loc_type, virtual_loc_type, is_loc_statistics, loc_vol, loc_vol_unit, storage_status, artificial_in_lock, artificial_out_lock, business_in_lock, business_out_lock, loc_is_error, loc_error_reason, forbid_in, forbid_out, is_equip_loc, equip_type, remark, is_active, create_datetime, create_by, last_modify_datetime, last_modify_by)
values ('79eccb94-3b0f-48a9-a99f-3fdcc10e04e9', '277d74c6-ef02-4d7f-948e-caaac11c0e13', null, 'available', 'LA020903', 'LA020903', 2, 9, 3, 'cubic', null, 0, 1, 'tray', 'empty', 0, 0, 0, 0, 0, null, 0, 1, 0, null, null, 1, to_date('27-04-2017 16:31:34', 'dd-mm-yyyy hh24:mi:ss'), null, to_date('27-04-2017 16:31:34', 'dd-mm-yyyy hh24:mi:ss'), null);
insert into WMS_STORAGE_LOCATION (id, house_id, standard_id, loc_use_status, loc_no, loc_barcode, x_pos, y_pos, z_pos, loc_type, virtual_loc_type, is_loc_statistics, loc_vol, loc_vol_unit, storage_status, artificial_in_lock, artificial_out_lock, business_in_lock, business_out_lock, loc_is_error, loc_error_reason, forbid_in, forbid_out, is_equip_loc, equip_type, remark, is_active, create_datetime, create_by, last_modify_datetime, last_modify_by)
values ('8edadbf1-c6c8-4857-9567-dbadaa815fa2', '277d74c6-ef02-4d7f-948e-caaac11c0e13', null, 'available', 'LA020904', 'LA020904', 2, 9, 4, 'cubic', null, 0, 1, 'tray', 'empty', 0, 0, 0, 0, 0, null, 0, 1, 0, null, null, 1, to_date('27-04-2017 16:31:34', 'dd-mm-yyyy hh24:mi:ss'), null, to_date('27-04-2017 16:31:34', 'dd-mm-yyyy hh24:mi:ss'), null);
insert into WMS_STORAGE_LOCATION (id, house_id, standard_id, loc_use_status, loc_no, loc_barcode, x_pos, y_pos, z_pos, loc_type, virtual_loc_type, is_loc_statistics, loc_vol, loc_vol_unit, storage_status, artificial_in_lock, artificial_out_lock, business_in_lock, business_out_lock, loc_is_error, loc_error_reason, forbid_in, forbid_out, is_equip_loc, equip_type, remark, is_active, create_datetime, create_by, last_modify_datetime, last_modify_by)
values ('2ed12c74-e114-460a-bb97-ec70a7b97242', '277d74c6-ef02-4d7f-948e-caaac11c0e13', null, 'available', 'LA020905', 'LA020905', 2, 9, 5, 'cubic', null, 0, 1, 'tray', 'empty', 0, 0, 0, 0, 0, null, 0, 1, 0, null, null, 1, to_date('27-04-2017 16:31:34', 'dd-mm-yyyy hh24:mi:ss'), null, to_date('27-04-2017 16:31:34', 'dd-mm-yyyy hh24:mi:ss'), null);
insert into WMS_STORAGE_LOCATION (id, house_id, standard_id, loc_use_status, loc_no, loc_barcode, x_pos, y_pos, z_pos, loc_type, virtual_loc_type, is_loc_statistics, loc_vol, loc_vol_unit, storage_status, artificial_in_lock, artificial_out_lock, business_in_lock, business_out_lock, loc_is_error, loc_error_reason, forbid_in, forbid_out, is_equip_loc, equip_type, remark, is_active, create_datetime, create_by, last_modify_datetime, last_modify_by)
values ('1e4c3bfa-0a42-4a1d-8ac3-d3218d1883bb', '277d74c6-ef02-4d7f-948e-caaac11c0e13', null, 'available', 'LA020906', 'LA020906', 2, 9, 6, 'cubic', null, 0, 1, 'tray', 'empty', 0, 0, 0, 0, 0, null, 0, 1, 0, null, null, 1, to_date('27-04-2017 16:31:34', 'dd-mm-yyyy hh24:mi:ss'), null, to_date('27-04-2017 16:31:34', 'dd-mm-yyyy hh24:mi:ss'), null);
insert into WMS_STORAGE_LOCATION (id, house_id, standard_id, loc_use_status, loc_no, loc_barcode, x_pos, y_pos, z_pos, loc_type, virtual_loc_type, is_loc_statistics, loc_vol, loc_vol_unit, storage_status, artificial_in_lock, artificial_out_lock, business_in_lock, business_out_lock, loc_is_error, loc_error_reason, forbid_in, forbid_out, is_equip_loc, equip_type, remark, is_active, create_datetime, create_by, last_modify_datetime, last_modify_by)
values ('2e9eead4-8dc8-46d9-b478-49d1ffcc6c3c', '277d74c6-ef02-4d7f-948e-caaac11c0e13', null, 'available', 'LA020907', 'LA020907', 2, 9, 7, 'cubic', null, 0, 1, 'tray', 'empty', 0, 0, 0, 0, 0, null, 0, 1, 0, null, null, 1, to_date('27-04-2017 16:31:34', 'dd-mm-yyyy hh24:mi:ss'), null, to_date('27-04-2017 16:31:34', 'dd-mm-yyyy hh24:mi:ss'), null);
insert into WMS_STORAGE_LOCATION (id, house_id, standard_id, loc_use_status, loc_no, loc_barcode, x_pos, y_pos, z_pos, loc_type, virtual_loc_type, is_loc_statistics, loc_vol, loc_vol_unit, storage_status, artificial_in_lock, artificial_out_lock, business_in_lock, business_out_lock, loc_is_error, loc_error_reason, forbid_in, forbid_out, is_equip_loc, equip_type, remark, is_active, create_datetime, create_by, last_modify_datetime, last_modify_by)
values ('b6769062-85da-49d3-a403-924230cd844e', '277d74c6-ef02-4d7f-948e-caaac11c0e13', null, 'available', 'LA021001', 'LA021001', 2, 10, 1, 'cubic', null, 0, 1, 'tray', 'empty', 0, 0, 0, 0, 0, null, 0, 1, 0, null, null, 1, to_date('27-04-2017 16:31:34', 'dd-mm-yyyy hh24:mi:ss'), null, to_date('27-04-2017 16:31:34', 'dd-mm-yyyy hh24:mi:ss'), null);
insert into WMS_STORAGE_LOCATION (id, house_id, standard_id, loc_use_status, loc_no, loc_barcode, x_pos, y_pos, z_pos, loc_type, virtual_loc_type, is_loc_statistics, loc_vol, loc_vol_unit, storage_status, artificial_in_lock, artificial_out_lock, business_in_lock, business_out_lock, loc_is_error, loc_error_reason, forbid_in, forbid_out, is_equip_loc, equip_type, remark, is_active, create_datetime, create_by, last_modify_datetime, last_modify_by)
values ('7cb3fd66-1eb5-437a-9bd1-d269f1d51d7b', '277d74c6-ef02-4d7f-948e-caaac11c0e13', null, 'available', 'LA021002', 'LA021002', 2, 10, 2, 'cubic', null, 0, 1, 'tray', 'empty', 0, 0, 0, 0, 0, null, 0, 1, 0, null, null, 1, to_date('27-04-2017 16:31:34', 'dd-mm-yyyy hh24:mi:ss'), null, to_date('27-04-2017 16:31:34', 'dd-mm-yyyy hh24:mi:ss'), null);
insert into WMS_STORAGE_LOCATION (id, house_id, standard_id, loc_use_status, loc_no, loc_barcode, x_pos, y_pos, z_pos, loc_type, virtual_loc_type, is_loc_statistics, loc_vol, loc_vol_unit, storage_status, artificial_in_lock, artificial_out_lock, business_in_lock, business_out_lock, loc_is_error, loc_error_reason, forbid_in, forbid_out, is_equip_loc, equip_type, remark, is_active, create_datetime, create_by, last_modify_datetime, last_modify_by)
values ('52355c2d-5a59-4f86-a881-6435398fa727', '277d74c6-ef02-4d7f-948e-caaac11c0e13', null, 'available', 'LA021003', 'LA021003', 2, 10, 3, 'cubic', null, 0, 1, 'tray', 'empty', 0, 0, 0, 0, 0, null, 0, 1, 0, null, null, 1, to_date('27-04-2017 16:31:34', 'dd-mm-yyyy hh24:mi:ss'), null, to_date('27-04-2017 16:31:34', 'dd-mm-yyyy hh24:mi:ss'), null);
insert into WMS_STORAGE_LOCATION (id, house_id, standard_id, loc_use_status, loc_no, loc_barcode, x_pos, y_pos, z_pos, loc_type, virtual_loc_type, is_loc_statistics, loc_vol, loc_vol_unit, storage_status, artificial_in_lock, artificial_out_lock, business_in_lock, business_out_lock, loc_is_error, loc_error_reason, forbid_in, forbid_out, is_equip_loc, equip_type, remark, is_active, create_datetime, create_by, last_modify_datetime, last_modify_by)
values ('c5480b61-72ad-4ce4-93ec-121eac9f76ae', '277d74c6-ef02-4d7f-948e-caaac11c0e13', null, 'available', 'LA021004', 'LA021004', 2, 10, 4, 'cubic', null, 0, 1, 'tray', 'empty', 0, 0, 0, 0, 0, null, 0, 1, 0, null, null, 1, to_date('27-04-2017 16:31:34', 'dd-mm-yyyy hh24:mi:ss'), null, to_date('27-04-2017 16:31:34', 'dd-mm-yyyy hh24:mi:ss'), null);
insert into WMS_STORAGE_LOCATION (id, house_id, standard_id, loc_use_status, loc_no, loc_barcode, x_pos, y_pos, z_pos, loc_type, virtual_loc_type, is_loc_statistics, loc_vol, loc_vol_unit, storage_status, artificial_in_lock, artificial_out_lock, business_in_lock, business_out_lock, loc_is_error, loc_error_reason, forbid_in, forbid_out, is_equip_loc, equip_type, remark, is_active, create_datetime, create_by, last_modify_datetime, last_modify_by)
values ('6d4a6089-357e-4269-a75e-89e20c885adc', '277d74c6-ef02-4d7f-948e-caaac11c0e13', null, 'available', 'LA021005', 'LA021005', 2, 10, 5, 'cubic', null, 0, 1, 'tray', 'empty', 0, 0, 0, 0, 0, null, 0, 1, 0, null, null, 1, to_date('27-04-2017 16:31:34', 'dd-mm-yyyy hh24:mi:ss'), null, to_date('27-04-2017 16:31:34', 'dd-mm-yyyy hh24:mi:ss'), null);
insert into WMS_STORAGE_LOCATION (id, house_id, standard_id, loc_use_status, loc_no, loc_barcode, x_pos, y_pos, z_pos, loc_type, virtual_loc_type, is_loc_statistics, loc_vol, loc_vol_unit, storage_status, artificial_in_lock, artificial_out_lock, business_in_lock, business_out_lock, loc_is_error, loc_error_reason, forbid_in, forbid_out, is_equip_loc, equip_type, remark, is_active, create_datetime, create_by, last_modify_datetime, last_modify_by)
values ('1b4cb66b-d3cd-4568-8e35-110df7a22d4e', '277d74c6-ef02-4d7f-948e-caaac11c0e13', null, 'available', 'LA021006', 'LA021006', 2, 10, 6, 'cubic', null, 0, 1, 'tray', 'empty', 0, 0, 0, 0, 0, null, 0, 1, 0, null, null, 1, to_date('27-04-2017 16:31:34', 'dd-mm-yyyy hh24:mi:ss'), null, to_date('27-04-2017 16:31:34', 'dd-mm-yyyy hh24:mi:ss'), null);
insert into WMS_STORAGE_LOCATION (id, house_id, standard_id, loc_use_status, loc_no, loc_barcode, x_pos, y_pos, z_pos, loc_type, virtual_loc_type, is_loc_statistics, loc_vol, loc_vol_unit, storage_status, artificial_in_lock, artificial_out_lock, business_in_lock, business_out_lock, loc_is_error, loc_error_reason, forbid_in, forbid_out, is_equip_loc, equip_type, remark, is_active, create_datetime, create_by, last_modify_datetime, last_modify_by)
values ('dce53a52-6e74-47e8-bbf2-6750022926c8', '277d74c6-ef02-4d7f-948e-caaac11c0e13', null, 'available', 'LA021007', 'LA021007', 2, 10, 7, 'cubic', null, 0, 1, 'tray', 'empty', 0, 0, 0, 0, 0, null, 0, 1, 0, null, null, 1, to_date('27-04-2017 16:31:34', 'dd-mm-yyyy hh24:mi:ss'), null, to_date('27-04-2017 16:31:34', 'dd-mm-yyyy hh24:mi:ss'), null);
insert into WMS_STORAGE_LOCATION (id, house_id, standard_id, loc_use_status, loc_no, loc_barcode, x_pos, y_pos, z_pos, loc_type, virtual_loc_type, is_loc_statistics, loc_vol, loc_vol_unit, storage_status, artificial_in_lock, artificial_out_lock, business_in_lock, business_out_lock, loc_is_error, loc_error_reason, forbid_in, forbid_out, is_equip_loc, equip_type, remark, is_active, create_datetime, create_by, last_modify_datetime, last_modify_by)
values ('3514cf72-4bfd-457e-8dc7-909359c93efb', '277d74c6-ef02-4d7f-948e-caaac11c0e13', null, 'available', 'LA021101', 'LA021101', 2, 11, 1, 'cubic', null, 0, 1, 'tray', 'empty', 0, 0, 0, 0, 0, null, 0, 1, 0, null, null, 1, to_date('27-04-2017 16:31:34', 'dd-mm-yyyy hh24:mi:ss'), null, to_date('27-04-2017 16:31:34', 'dd-mm-yyyy hh24:mi:ss'), null);
insert into WMS_STORAGE_LOCATION (id, house_id, standard_id, loc_use_status, loc_no, loc_barcode, x_pos, y_pos, z_pos, loc_type, virtual_loc_type, is_loc_statistics, loc_vol, loc_vol_unit, storage_status, artificial_in_lock, artificial_out_lock, business_in_lock, business_out_lock, loc_is_error, loc_error_reason, forbid_in, forbid_out, is_equip_loc, equip_type, remark, is_active, create_datetime, create_by, last_modify_datetime, last_modify_by)
values ('f9ba4a3a-36aa-4184-9211-3ff69ba2a015', '277d74c6-ef02-4d7f-948e-caaac11c0e13', null, 'available', 'LA021102', 'LA021102', 2, 11, 2, 'cubic', null, 0, 1, 'tray', 'empty', 0, 0, 0, 0, 0, null, 0, 1, 0, null, null, 1, to_date('27-04-2017 16:31:34', 'dd-mm-yyyy hh24:mi:ss'), null, to_date('27-04-2017 16:31:34', 'dd-mm-yyyy hh24:mi:ss'), null);
insert into WMS_STORAGE_LOCATION (id, house_id, standard_id, loc_use_status, loc_no, loc_barcode, x_pos, y_pos, z_pos, loc_type, virtual_loc_type, is_loc_statistics, loc_vol, loc_vol_unit, storage_status, artificial_in_lock, artificial_out_lock, business_in_lock, business_out_lock, loc_is_error, loc_error_reason, forbid_in, forbid_out, is_equip_loc, equip_type, remark, is_active, create_datetime, create_by, last_modify_datetime, last_modify_by)
values ('2e32eb98-e442-4609-b2a8-6fd10ef8f6b6', '277d74c6-ef02-4d7f-948e-caaac11c0e13', null, 'available', 'LA021103', 'LA021103', 2, 11, 3, 'cubic', null, 0, 1, 'tray', 'empty', 0, 0, 0, 0, 0, null, 0, 1, 0, null, null, 1, to_date('27-04-2017 16:31:34', 'dd-mm-yyyy hh24:mi:ss'), null, to_date('27-04-2017 16:31:34', 'dd-mm-yyyy hh24:mi:ss'), null);
insert into WMS_STORAGE_LOCATION (id, house_id, standard_id, loc_use_status, loc_no, loc_barcode, x_pos, y_pos, z_pos, loc_type, virtual_loc_type, is_loc_statistics, loc_vol, loc_vol_unit, storage_status, artificial_in_lock, artificial_out_lock, business_in_lock, business_out_lock, loc_is_error, loc_error_reason, forbid_in, forbid_out, is_equip_loc, equip_type, remark, is_active, create_datetime, create_by, last_modify_datetime, last_modify_by)
values ('1fba9bed-4b7e-4fc2-b03b-4f753e898c6d', '277d74c6-ef02-4d7f-948e-caaac11c0e13', null, 'available', 'LA021104', 'LA021104', 2, 11, 4, 'cubic', null, 0, 1, 'tray', 'empty', 0, 0, 0, 0, 0, null, 0, 1, 0, null, null, 1, to_date('27-04-2017 16:31:34', 'dd-mm-yyyy hh24:mi:ss'), null, to_date('27-04-2017 16:31:34', 'dd-mm-yyyy hh24:mi:ss'), null);
insert into WMS_STORAGE_LOCATION (id, house_id, standard_id, loc_use_status, loc_no, loc_barcode, x_pos, y_pos, z_pos, loc_type, virtual_loc_type, is_loc_statistics, loc_vol, loc_vol_unit, storage_status, artificial_in_lock, artificial_out_lock, business_in_lock, business_out_lock, loc_is_error, loc_error_reason, forbid_in, forbid_out, is_equip_loc, equip_type, remark, is_active, create_datetime, create_by, last_modify_datetime, last_modify_by)
values ('13336291-70d9-41db-b132-1c1bdb17f3a4', '277d74c6-ef02-4d7f-948e-caaac11c0e13', null, 'available', 'LA021105', 'LA021105', 2, 11, 5, 'cubic', null, 0, 1, 'tray', 'empty', 0, 0, 0, 0, 0, null, 0, 1, 0, null, null, 1, to_date('27-04-2017 16:31:34', 'dd-mm-yyyy hh24:mi:ss'), null, to_date('27-04-2017 16:31:34', 'dd-mm-yyyy hh24:mi:ss'), null);
insert into WMS_STORAGE_LOCATION (id, house_id, standard_id, loc_use_status, loc_no, loc_barcode, x_pos, y_pos, z_pos, loc_type, virtual_loc_type, is_loc_statistics, loc_vol, loc_vol_unit, storage_status, artificial_in_lock, artificial_out_lock, business_in_lock, business_out_lock, loc_is_error, loc_error_reason, forbid_in, forbid_out, is_equip_loc, equip_type, remark, is_active, create_datetime, create_by, last_modify_datetime, last_modify_by)
values ('0bf32a39-8bff-4ae0-9e63-e6cb2af979bd', '277d74c6-ef02-4d7f-948e-caaac11c0e13', null, 'available', 'LA021106', 'LA021106', 2, 11, 6, 'cubic', null, 0, 1, 'tray', 'empty', 0, 0, 0, 0, 0, null, 0, 1, 0, null, null, 1, to_date('27-04-2017 16:31:34', 'dd-mm-yyyy hh24:mi:ss'), null, to_date('27-04-2017 16:31:34', 'dd-mm-yyyy hh24:mi:ss'), null);
insert into WMS_STORAGE_LOCATION (id, house_id, standard_id, loc_use_status, loc_no, loc_barcode, x_pos, y_pos, z_pos, loc_type, virtual_loc_type, is_loc_statistics, loc_vol, loc_vol_unit, storage_status, artificial_in_lock, artificial_out_lock, business_in_lock, business_out_lock, loc_is_error, loc_error_reason, forbid_in, forbid_out, is_equip_loc, equip_type, remark, is_active, create_datetime, create_by, last_modify_datetime, last_modify_by)
values ('e821f2c2-2229-499d-a72b-776ee22993eb', '277d74c6-ef02-4d7f-948e-caaac11c0e13', null, 'available', 'LA021107', 'LA021107', 2, 11, 7, 'cubic', null, 0, 1, 'tray', 'empty', 0, 0, 0, 0, 0, null, 0, 1, 0, null, null, 1, to_date('27-04-2017 16:31:34', 'dd-mm-yyyy hh24:mi:ss'), null, to_date('27-04-2017 16:31:34', 'dd-mm-yyyy hh24:mi:ss'), null);
insert into WMS_STORAGE_LOCATION (id, house_id, standard_id, loc_use_status, loc_no, loc_barcode, x_pos, y_pos, z_pos, loc_type, virtual_loc_type, is_loc_statistics, loc_vol, loc_vol_unit, storage_status, artificial_in_lock, artificial_out_lock, business_in_lock, business_out_lock, loc_is_error, loc_error_reason, forbid_in, forbid_out, is_equip_loc, equip_type, remark, is_active, create_datetime, create_by, last_modify_datetime, last_modify_by)
values ('cf3043dd-b2fb-40c4-bd68-706b77020600', '277d74c6-ef02-4d7f-948e-caaac11c0e13', null, 'available', 'LA021201', 'LA021201', 2, 12, 1, 'cubic', null, 0, 1, 'tray', 'empty', 0, 0, 0, 0, 0, null, 0, 1, 0, null, null, 1, to_date('27-04-2017 16:31:34', 'dd-mm-yyyy hh24:mi:ss'), null, to_date('27-04-2017 16:31:34', 'dd-mm-yyyy hh24:mi:ss'), null);
insert into WMS_STORAGE_LOCATION (id, house_id, standard_id, loc_use_status, loc_no, loc_barcode, x_pos, y_pos, z_pos, loc_type, virtual_loc_type, is_loc_statistics, loc_vol, loc_vol_unit, storage_status, artificial_in_lock, artificial_out_lock, business_in_lock, business_out_lock, loc_is_error, loc_error_reason, forbid_in, forbid_out, is_equip_loc, equip_type, remark, is_active, create_datetime, create_by, last_modify_datetime, last_modify_by)
values ('4fdf5b49-d124-4cf9-aab8-3f7a0db40ca2', '277d74c6-ef02-4d7f-948e-caaac11c0e13', null, 'available', 'LA021202', 'LA021202', 2, 12, 2, 'cubic', null, 0, 1, 'tray', 'empty', 0, 0, 0, 0, 0, null, 0, 1, 0, null, null, 1, to_date('27-04-2017 16:31:34', 'dd-mm-yyyy hh24:mi:ss'), null, to_date('27-04-2017 16:31:34', 'dd-mm-yyyy hh24:mi:ss'), null);
insert into WMS_STORAGE_LOCATION (id, house_id, standard_id, loc_use_status, loc_no, loc_barcode, x_pos, y_pos, z_pos, loc_type, virtual_loc_type, is_loc_statistics, loc_vol, loc_vol_unit, storage_status, artificial_in_lock, artificial_out_lock, business_in_lock, business_out_lock, loc_is_error, loc_error_reason, forbid_in, forbid_out, is_equip_loc, equip_type, remark, is_active, create_datetime, create_by, last_modify_datetime, last_modify_by)
values ('caf8e235-86aa-4659-8163-0f48dbeaeabd', '277d74c6-ef02-4d7f-948e-caaac11c0e13', null, 'available', 'LA021203', 'LA021203', 2, 12, 3, 'cubic', null, 0, 1, 'tray', 'empty', 0, 0, 0, 0, 0, null, 0, 1, 0, null, null, 1, to_date('27-04-2017 16:31:34', 'dd-mm-yyyy hh24:mi:ss'), null, to_date('27-04-2017 16:31:34', 'dd-mm-yyyy hh24:mi:ss'), null);
commit;
-- prompt 200 records committed...
insert into WMS_STORAGE_LOCATION (id, house_id, standard_id, loc_use_status, loc_no, loc_barcode, x_pos, y_pos, z_pos, loc_type, virtual_loc_type, is_loc_statistics, loc_vol, loc_vol_unit, storage_status, artificial_in_lock, artificial_out_lock, business_in_lock, business_out_lock, loc_is_error, loc_error_reason, forbid_in, forbid_out, is_equip_loc, equip_type, remark, is_active, create_datetime, create_by, last_modify_datetime, last_modify_by)
values ('7f57db9d-e3d9-477e-934e-a526fdea1187', '277d74c6-ef02-4d7f-948e-caaac11c0e13', null, 'available', 'LA041301', 'LA041301', 4, 13, 1, 'cubic', null, 0, 1, 'tray', 'empty', 0, 0, 0, 0, 0, null, 0, 1, 0, null, null, 1, to_date('27-04-2017 16:34:14', 'dd-mm-yyyy hh24:mi:ss'), null, to_date('27-04-2017 16:34:14', 'dd-mm-yyyy hh24:mi:ss'), null);
insert into WMS_STORAGE_LOCATION (id, house_id, standard_id, loc_use_status, loc_no, loc_barcode, x_pos, y_pos, z_pos, loc_type, virtual_loc_type, is_loc_statistics, loc_vol, loc_vol_unit, storage_status, artificial_in_lock, artificial_out_lock, business_in_lock, business_out_lock, loc_is_error, loc_error_reason, forbid_in, forbid_out, is_equip_loc, equip_type, remark, is_active, create_datetime, create_by, last_modify_datetime, last_modify_by)
values ('dd6e2751-af95-4a0d-bca6-b967dfb925ba', '277d74c6-ef02-4d7f-948e-caaac11c0e13', null, 'available', 'LA041302', 'LA041302', 4, 13, 2, 'cubic', null, 0, 1, 'tray', 'empty', 0, 0, 0, 0, 0, null, 0, 1, 0, null, null, 1, to_date('27-04-2017 16:34:14', 'dd-mm-yyyy hh24:mi:ss'), null, to_date('27-04-2017 16:34:14', 'dd-mm-yyyy hh24:mi:ss'), null);
insert into WMS_STORAGE_LOCATION (id, house_id, standard_id, loc_use_status, loc_no, loc_barcode, x_pos, y_pos, z_pos, loc_type, virtual_loc_type, is_loc_statistics, loc_vol, loc_vol_unit, storage_status, artificial_in_lock, artificial_out_lock, business_in_lock, business_out_lock, loc_is_error, loc_error_reason, forbid_in, forbid_out, is_equip_loc, equip_type, remark, is_active, create_datetime, create_by, last_modify_datetime, last_modify_by)
values ('d71d4e41-1c5a-402e-8060-8b9af9bda611', '277d74c6-ef02-4d7f-948e-caaac11c0e13', null, 'available', 'LA041303', 'LA041303', 4, 13, 3, 'cubic', null, 0, 1, 'tray', 'empty', 0, 0, 0, 0, 0, null, 0, 1, 0, null, null, 1, to_date('27-04-2017 16:34:14', 'dd-mm-yyyy hh24:mi:ss'), null, to_date('27-04-2017 16:34:14', 'dd-mm-yyyy hh24:mi:ss'), null);
insert into WMS_STORAGE_LOCATION (id, house_id, standard_id, loc_use_status, loc_no, loc_barcode, x_pos, y_pos, z_pos, loc_type, virtual_loc_type, is_loc_statistics, loc_vol, loc_vol_unit, storage_status, artificial_in_lock, artificial_out_lock, business_in_lock, business_out_lock, loc_is_error, loc_error_reason, forbid_in, forbid_out, is_equip_loc, equip_type, remark, is_active, create_datetime, create_by, last_modify_datetime, last_modify_by)
values ('a82f8615-c80b-44cd-928b-b0b94e3a0576', '277d74c6-ef02-4d7f-948e-caaac11c0e13', null, 'available', 'LA041304', 'LA041304', 4, 13, 4, 'cubic', null, 0, 1, 'tray', 'empty', 0, 0, 0, 0, 0, null, 0, 1, 0, null, null, 1, to_date('27-04-2017 16:34:14', 'dd-mm-yyyy hh24:mi:ss'), null, to_date('27-04-2017 16:34:14', 'dd-mm-yyyy hh24:mi:ss'), null);
insert into WMS_STORAGE_LOCATION (id, house_id, standard_id, loc_use_status, loc_no, loc_barcode, x_pos, y_pos, z_pos, loc_type, virtual_loc_type, is_loc_statistics, loc_vol, loc_vol_unit, storage_status, artificial_in_lock, artificial_out_lock, business_in_lock, business_out_lock, loc_is_error, loc_error_reason, forbid_in, forbid_out, is_equip_loc, equip_type, remark, is_active, create_datetime, create_by, last_modify_datetime, last_modify_by)
values ('705f0f51-499b-46ab-9ed3-770c5723e33a', '277d74c6-ef02-4d7f-948e-caaac11c0e13', null, 'available', 'LA041401', 'LA041401', 4, 14, 1, 'cubic', null, 0, 1, 'tray', 'empty', 0, 0, 0, 0, 0, null, 0, 1, 0, null, null, 1, to_date('27-04-2017 16:34:14', 'dd-mm-yyyy hh24:mi:ss'), null, to_date('27-04-2017 16:34:14', 'dd-mm-yyyy hh24:mi:ss'), null);
insert into WMS_STORAGE_LOCATION (id, house_id, standard_id, loc_use_status, loc_no, loc_barcode, x_pos, y_pos, z_pos, loc_type, virtual_loc_type, is_loc_statistics, loc_vol, loc_vol_unit, storage_status, artificial_in_lock, artificial_out_lock, business_in_lock, business_out_lock, loc_is_error, loc_error_reason, forbid_in, forbid_out, is_equip_loc, equip_type, remark, is_active, create_datetime, create_by, last_modify_datetime, last_modify_by)
values ('8b0c77db-da38-4f98-8bde-43ae59353464', '277d74c6-ef02-4d7f-948e-caaac11c0e13', null, 'available', 'LA041402', 'LA041402', 4, 14, 2, 'cubic', null, 0, 1, 'tray', 'empty', 0, 0, 0, 0, 0, null, 0, 1, 0, null, null, 1, to_date('27-04-2017 16:34:14', 'dd-mm-yyyy hh24:mi:ss'), null, to_date('27-04-2017 16:34:14', 'dd-mm-yyyy hh24:mi:ss'), null);
insert into WMS_STORAGE_LOCATION (id, house_id, standard_id, loc_use_status, loc_no, loc_barcode, x_pos, y_pos, z_pos, loc_type, virtual_loc_type, is_loc_statistics, loc_vol, loc_vol_unit, storage_status, artificial_in_lock, artificial_out_lock, business_in_lock, business_out_lock, loc_is_error, loc_error_reason, forbid_in, forbid_out, is_equip_loc, equip_type, remark, is_active, create_datetime, create_by, last_modify_datetime, last_modify_by)
values ('6567cb9d-81a4-4d25-916a-2146b245604f', '277d74c6-ef02-4d7f-948e-caaac11c0e13', null, 'available', 'LA041403', 'LA041403', 4, 14, 3, 'cubic', null, 0, 1, 'tray', 'empty', 0, 0, 0, 0, 0, null, 0, 1, 0, null, null, 1, to_date('27-04-2017 16:34:14', 'dd-mm-yyyy hh24:mi:ss'), null, to_date('27-04-2017 16:34:14', 'dd-mm-yyyy hh24:mi:ss'), null);
insert into WMS_STORAGE_LOCATION (id, house_id, standard_id, loc_use_status, loc_no, loc_barcode, x_pos, y_pos, z_pos, loc_type, virtual_loc_type, is_loc_statistics, loc_vol, loc_vol_unit, storage_status, artificial_in_lock, artificial_out_lock, business_in_lock, business_out_lock, loc_is_error, loc_error_reason, forbid_in, forbid_out, is_equip_loc, equip_type, remark, is_active, create_datetime, create_by, last_modify_datetime, last_modify_by)
values ('ab21ae27-e2a5-4cc3-9843-8a58efe0e632', '277d74c6-ef02-4d7f-948e-caaac11c0e13', null, 'available', 'LA041404', 'LA041404', 4, 14, 4, 'cubic', null, 0, 1, 'tray', 'empty', 0, 0, 0, 0, 0, null, 0, 1, 0, null, null, 1, to_date('27-04-2017 16:34:14', 'dd-mm-yyyy hh24:mi:ss'), null, to_date('27-04-2017 16:34:14', 'dd-mm-yyyy hh24:mi:ss'), null);
insert into WMS_STORAGE_LOCATION (id, house_id, standard_id, loc_use_status, loc_no, loc_barcode, x_pos, y_pos, z_pos, loc_type, virtual_loc_type, is_loc_statistics, loc_vol, loc_vol_unit, storage_status, artificial_in_lock, artificial_out_lock, business_in_lock, business_out_lock, loc_is_error, loc_error_reason, forbid_in, forbid_out, is_equip_loc, equip_type, remark, is_active, create_datetime, create_by, last_modify_datetime, last_modify_by)
values ('0a7a3b08-0df3-43c3-9779-955b4b1982ac', '277d74c6-ef02-4d7f-948e-caaac11c0e13', null, 'available', 'LA041501', 'LA041501', 4, 15, 1, 'cubic', null, 0, 1, 'tray', 'empty', 0, 0, 0, 0, 0, null, 0, 1, 0, null, null, 1, to_date('27-04-2017 16:34:14', 'dd-mm-yyyy hh24:mi:ss'), null, to_date('27-04-2017 16:34:14', 'dd-mm-yyyy hh24:mi:ss'), null);
insert into WMS_STORAGE_LOCATION (id, house_id, standard_id, loc_use_status, loc_no, loc_barcode, x_pos, y_pos, z_pos, loc_type, virtual_loc_type, is_loc_statistics, loc_vol, loc_vol_unit, storage_status, artificial_in_lock, artificial_out_lock, business_in_lock, business_out_lock, loc_is_error, loc_error_reason, forbid_in, forbid_out, is_equip_loc, equip_type, remark, is_active, create_datetime, create_by, last_modify_datetime, last_modify_by)
values ('7fa6b4ae-d0c8-40de-b5ba-4df3f2092dcc', '277d74c6-ef02-4d7f-948e-caaac11c0e13', null, 'available', 'LA041502', 'LA041502', 4, 15, 2, 'cubic', null, 0, 1, 'tray', 'empty', 0, 0, 0, 0, 0, null, 0, 1, 0, null, null, 1, to_date('27-04-2017 16:34:14', 'dd-mm-yyyy hh24:mi:ss'), null, to_date('27-04-2017 16:34:14', 'dd-mm-yyyy hh24:mi:ss'), null);
insert into WMS_STORAGE_LOCATION (id, house_id, standard_id, loc_use_status, loc_no, loc_barcode, x_pos, y_pos, z_pos, loc_type, virtual_loc_type, is_loc_statistics, loc_vol, loc_vol_unit, storage_status, artificial_in_lock, artificial_out_lock, business_in_lock, business_out_lock, loc_is_error, loc_error_reason, forbid_in, forbid_out, is_equip_loc, equip_type, remark, is_active, create_datetime, create_by, last_modify_datetime, last_modify_by)
values ('a5464c81-603e-434d-ae3f-a3ead1529bd5', '277d74c6-ef02-4d7f-948e-caaac11c0e13', null, 'available', 'LA041503', 'LA041503', 4, 15, 3, 'cubic', null, 0, 1, 'tray', 'empty', 0, 0, 0, 0, 0, null, 0, 1, 0, null, null, 1, to_date('27-04-2017 16:34:14', 'dd-mm-yyyy hh24:mi:ss'), null, to_date('27-04-2017 16:34:14', 'dd-mm-yyyy hh24:mi:ss'), null);
insert into WMS_STORAGE_LOCATION (id, house_id, standard_id, loc_use_status, loc_no, loc_barcode, x_pos, y_pos, z_pos, loc_type, virtual_loc_type, is_loc_statistics, loc_vol, loc_vol_unit, storage_status, artificial_in_lock, artificial_out_lock, business_in_lock, business_out_lock, loc_is_error, loc_error_reason, forbid_in, forbid_out, is_equip_loc, equip_type, remark, is_active, create_datetime, create_by, last_modify_datetime, last_modify_by)
values ('f1eb8961-b916-4879-9b32-a064c3969088', '277d74c6-ef02-4d7f-948e-caaac11c0e13', null, 'available', 'LA041504', 'LA041504', 4, 15, 4, 'cubic', null, 0, 1, 'tray', 'empty', 0, 0, 0, 0, 0, null, 0, 1, 0, null, null, 1, to_date('27-04-2017 16:34:14', 'dd-mm-yyyy hh24:mi:ss'), null, to_date('27-04-2017 16:34:14', 'dd-mm-yyyy hh24:mi:ss'), null);
insert into WMS_STORAGE_LOCATION (id, house_id, standard_id, loc_use_status, loc_no, loc_barcode, x_pos, y_pos, z_pos, loc_type, virtual_loc_type, is_loc_statistics, loc_vol, loc_vol_unit, storage_status, artificial_in_lock, artificial_out_lock, business_in_lock, business_out_lock, loc_is_error, loc_error_reason, forbid_in, forbid_out, is_equip_loc, equip_type, remark, is_active, create_datetime, create_by, last_modify_datetime, last_modify_by)
values ('2d8ccf32-f724-4287-a810-a34588c47c63', '277d74c6-ef02-4d7f-948e-caaac11c0e13', null, 'available', 'LA041601', 'LA041601', 4, 16, 1, 'cubic', null, 0, 1, 'tray', 'empty', 0, 0, 0, 0, 0, null, 0, 1, 0, null, null, 1, to_date('27-04-2017 16:34:14', 'dd-mm-yyyy hh24:mi:ss'), null, to_date('27-04-2017 16:34:14', 'dd-mm-yyyy hh24:mi:ss'), null);
insert into WMS_STORAGE_LOCATION (id, house_id, standard_id, loc_use_status, loc_no, loc_barcode, x_pos, y_pos, z_pos, loc_type, virtual_loc_type, is_loc_statistics, loc_vol, loc_vol_unit, storage_status, artificial_in_lock, artificial_out_lock, business_in_lock, business_out_lock, loc_is_error, loc_error_reason, forbid_in, forbid_out, is_equip_loc, equip_type, remark, is_active, create_datetime, create_by, last_modify_datetime, last_modify_by)
values ('fb654701-60b0-4117-a25b-0ff4e474dae2', '277d74c6-ef02-4d7f-948e-caaac11c0e13', null, 'available', 'LA041602', 'LA041602', 4, 16, 2, 'cubic', null, 0, 1, 'tray', 'empty', 0, 0, 0, 0, 0, null, 0, 1, 0, null, null, 1, to_date('27-04-2017 16:34:14', 'dd-mm-yyyy hh24:mi:ss'), null, to_date('27-04-2017 16:34:14', 'dd-mm-yyyy hh24:mi:ss'), null);
insert into WMS_STORAGE_LOCATION (id, house_id, standard_id, loc_use_status, loc_no, loc_barcode, x_pos, y_pos, z_pos, loc_type, virtual_loc_type, is_loc_statistics, loc_vol, loc_vol_unit, storage_status, artificial_in_lock, artificial_out_lock, business_in_lock, business_out_lock, loc_is_error, loc_error_reason, forbid_in, forbid_out, is_equip_loc, equip_type, remark, is_active, create_datetime, create_by, last_modify_datetime, last_modify_by)
values ('652402cb-e53d-47f3-b0cb-3416c99c7ae0', '277d74c6-ef02-4d7f-948e-caaac11c0e13', null, 'available', 'LA041603', 'LA041603', 4, 16, 3, 'cubic', null, 0, 1, 'tray', 'empty', 0, 0, 0, 0, 0, null, 0, 1, 0, null, null, 1, to_date('27-04-2017 16:34:14', 'dd-mm-yyyy hh24:mi:ss'), null, to_date('27-04-2017 16:34:14', 'dd-mm-yyyy hh24:mi:ss'), null);
insert into WMS_STORAGE_LOCATION (id, house_id, standard_id, loc_use_status, loc_no, loc_barcode, x_pos, y_pos, z_pos, loc_type, virtual_loc_type, is_loc_statistics, loc_vol, loc_vol_unit, storage_status, artificial_in_lock, artificial_out_lock, business_in_lock, business_out_lock, loc_is_error, loc_error_reason, forbid_in, forbid_out, is_equip_loc, equip_type, remark, is_active, create_datetime, create_by, last_modify_datetime, last_modify_by)
values ('7b18dfed-cf75-42e2-b71f-f0951878aa3b', '277d74c6-ef02-4d7f-948e-caaac11c0e13', null, 'available', 'LA041604', 'LA041604', 4, 16, 4, 'cubic', null, 0, 1, 'tray', 'empty', 0, 0, 0, 0, 0, null, 0, 1, 0, null, null, 1, to_date('27-04-2017 16:34:14', 'dd-mm-yyyy hh24:mi:ss'), null, to_date('27-04-2017 16:34:14', 'dd-mm-yyyy hh24:mi:ss'), null);
insert into WMS_STORAGE_LOCATION (id, house_id, standard_id, loc_use_status, loc_no, loc_barcode, x_pos, y_pos, z_pos, loc_type, virtual_loc_type, is_loc_statistics, loc_vol, loc_vol_unit, storage_status, artificial_in_lock, artificial_out_lock, business_in_lock, business_out_lock, loc_is_error, loc_error_reason, forbid_in, forbid_out, is_equip_loc, equip_type, remark, is_active, create_datetime, create_by, last_modify_datetime, last_modify_by)
values ('b00864db-8ebb-4544-8f58-f84ce82dc8ca', '277d74c6-ef02-4d7f-948e-caaac11c0e13', null, 'available', 'LA041701', 'LA041701', 4, 17, 1, 'cubic', null, 0, 1, 'tray', 'empty', 0, 0, 0, 0, 0, null, 0, 1, 0, null, null, 1, to_date('27-04-2017 16:34:14', 'dd-mm-yyyy hh24:mi:ss'), null, to_date('27-04-2017 16:34:14', 'dd-mm-yyyy hh24:mi:ss'), null);
insert into WMS_STORAGE_LOCATION (id, house_id, standard_id, loc_use_status, loc_no, loc_barcode, x_pos, y_pos, z_pos, loc_type, virtual_loc_type, is_loc_statistics, loc_vol, loc_vol_unit, storage_status, artificial_in_lock, artificial_out_lock, business_in_lock, business_out_lock, loc_is_error, loc_error_reason, forbid_in, forbid_out, is_equip_loc, equip_type, remark, is_active, create_datetime, create_by, last_modify_datetime, last_modify_by)
values ('31377f0d-5ab6-415c-9b78-8a7e7177d94a', '277d74c6-ef02-4d7f-948e-caaac11c0e13', null, 'available', 'LA041702', 'LA041702', 4, 17, 2, 'cubic', null, 0, 1, 'tray', 'empty', 0, 0, 0, 0, 0, null, 0, 1, 0, null, null, 1, to_date('27-04-2017 16:34:14', 'dd-mm-yyyy hh24:mi:ss'), null, to_date('27-04-2017 16:34:14', 'dd-mm-yyyy hh24:mi:ss'), null);
insert into WMS_STORAGE_LOCATION (id, house_id, standard_id, loc_use_status, loc_no, loc_barcode, x_pos, y_pos, z_pos, loc_type, virtual_loc_type, is_loc_statistics, loc_vol, loc_vol_unit, storage_status, artificial_in_lock, artificial_out_lock, business_in_lock, business_out_lock, loc_is_error, loc_error_reason, forbid_in, forbid_out, is_equip_loc, equip_type, remark, is_active, create_datetime, create_by, last_modify_datetime, last_modify_by)
values ('733efaee-9776-4b4f-b1db-b92e70403a02', '277d74c6-ef02-4d7f-948e-caaac11c0e13', null, 'available', 'LA041703', 'LA041703', 4, 17, 3, 'cubic', null, 0, 1, 'tray', 'empty', 0, 0, 0, 0, 0, null, 0, 1, 0, null, null, 1, to_date('27-04-2017 16:34:14', 'dd-mm-yyyy hh24:mi:ss'), null, to_date('27-04-2017 16:34:14', 'dd-mm-yyyy hh24:mi:ss'), null);
insert into WMS_STORAGE_LOCATION (id, house_id, standard_id, loc_use_status, loc_no, loc_barcode, x_pos, y_pos, z_pos, loc_type, virtual_loc_type, is_loc_statistics, loc_vol, loc_vol_unit, storage_status, artificial_in_lock, artificial_out_lock, business_in_lock, business_out_lock, loc_is_error, loc_error_reason, forbid_in, forbid_out, is_equip_loc, equip_type, remark, is_active, create_datetime, create_by, last_modify_datetime, last_modify_by)
values ('82478898-2df0-47b9-a8c7-af5dfee04b27', '277d74c6-ef02-4d7f-948e-caaac11c0e13', null, 'available', 'LA041704', 'LA041704', 4, 17, 4, 'cubic', null, 0, 1, 'tray', 'empty', 0, 0, 0, 0, 0, null, 0, 1, 0, null, null, 1, to_date('27-04-2017 16:34:14', 'dd-mm-yyyy hh24:mi:ss'), null, to_date('27-04-2017 16:34:14', 'dd-mm-yyyy hh24:mi:ss'), null);
insert into WMS_STORAGE_LOCATION (id, house_id, standard_id, loc_use_status, loc_no, loc_barcode, x_pos, y_pos, z_pos, loc_type, virtual_loc_type, is_loc_statistics, loc_vol, loc_vol_unit, storage_status, artificial_in_lock, artificial_out_lock, business_in_lock, business_out_lock, loc_is_error, loc_error_reason, forbid_in, forbid_out, is_equip_loc, equip_type, remark, is_active, create_datetime, create_by, last_modify_datetime, last_modify_by)
values ('e350f6ff-c622-4035-af6b-57947ecc53f8', '277d74c6-ef02-4d7f-948e-caaac11c0e13', null, 'available', 'LA041801', 'LA041801', 4, 18, 1, 'cubic', null, 0, 1, 'tray', 'empty', 0, 0, 0, 0, 0, null, 0, 1, 0, null, null, 1, to_date('27-04-2017 16:34:14', 'dd-mm-yyyy hh24:mi:ss'), null, to_date('27-04-2017 16:34:14', 'dd-mm-yyyy hh24:mi:ss'), null);
insert into WMS_STORAGE_LOCATION (id, house_id, standard_id, loc_use_status, loc_no, loc_barcode, x_pos, y_pos, z_pos, loc_type, virtual_loc_type, is_loc_statistics, loc_vol, loc_vol_unit, storage_status, artificial_in_lock, artificial_out_lock, business_in_lock, business_out_lock, loc_is_error, loc_error_reason, forbid_in, forbid_out, is_equip_loc, equip_type, remark, is_active, create_datetime, create_by, last_modify_datetime, last_modify_by)
values ('ff902870-cd0f-4562-ba0c-5f1163752c5c', '277d74c6-ef02-4d7f-948e-caaac11c0e13', null, 'available', 'LA041802', 'LA041802', 4, 18, 2, 'cubic', null, 0, 1, 'tray', 'empty', 0, 0, 0, 0, 0, null, 0, 1, 0, null, null, 1, to_date('27-04-2017 16:34:14', 'dd-mm-yyyy hh24:mi:ss'), null, to_date('27-04-2017 16:34:14', 'dd-mm-yyyy hh24:mi:ss'), null);
insert into WMS_STORAGE_LOCATION (id, house_id, standard_id, loc_use_status, loc_no, loc_barcode, x_pos, y_pos, z_pos, loc_type, virtual_loc_type, is_loc_statistics, loc_vol, loc_vol_unit, storage_status, artificial_in_lock, artificial_out_lock, business_in_lock, business_out_lock, loc_is_error, loc_error_reason, forbid_in, forbid_out, is_equip_loc, equip_type, remark, is_active, create_datetime, create_by, last_modify_datetime, last_modify_by)
values ('964b5cd5-1c66-4513-953e-e8202e7be185', '277d74c6-ef02-4d7f-948e-caaac11c0e13', null, 'available', 'LA041803', 'LA041803', 4, 18, 3, 'cubic', null, 0, 1, 'tray', 'empty', 0, 0, 0, 0, 0, null, 0, 1, 0, null, null, 1, to_date('27-04-2017 16:34:14', 'dd-mm-yyyy hh24:mi:ss'), null, to_date('27-04-2017 16:34:14', 'dd-mm-yyyy hh24:mi:ss'), null);
insert into WMS_STORAGE_LOCATION (id, house_id, standard_id, loc_use_status, loc_no, loc_barcode, x_pos, y_pos, z_pos, loc_type, virtual_loc_type, is_loc_statistics, loc_vol, loc_vol_unit, storage_status, artificial_in_lock, artificial_out_lock, business_in_lock, business_out_lock, loc_is_error, loc_error_reason, forbid_in, forbid_out, is_equip_loc, equip_type, remark, is_active, create_datetime, create_by, last_modify_datetime, last_modify_by)
values ('0ef79f60-620b-4be9-bcb2-5a28b95b26f6', '277d74c6-ef02-4d7f-948e-caaac11c0e13', null, 'available', 'LA041804', 'LA041804', 4, 18, 4, 'cubic', null, 0, 1, 'tray', 'empty', 0, 0, 0, 0, 0, null, 0, 1, 0, null, null, 1, to_date('27-04-2017 16:34:14', 'dd-mm-yyyy hh24:mi:ss'), null, to_date('27-04-2017 16:34:14', 'dd-mm-yyyy hh24:mi:ss'), null);
insert into WMS_STORAGE_LOCATION (id, house_id, standard_id, loc_use_status, loc_no, loc_barcode, x_pos, y_pos, z_pos, loc_type, virtual_loc_type, is_loc_statistics, loc_vol, loc_vol_unit, storage_status, artificial_in_lock, artificial_out_lock, business_in_lock, business_out_lock, loc_is_error, loc_error_reason, forbid_in, forbid_out, is_equip_loc, equip_type, remark, is_active, create_datetime, create_by, last_modify_datetime, last_modify_by)
values ('c812ce35-a74b-4c33-a3cf-aa6ddc72140f', '277d74c6-ef02-4d7f-948e-caaac11c0e13', null, 'available', 'LA041901', 'LA041901', 4, 19, 1, 'cubic', null, 0, 1, 'tray', 'empty', 0, 0, 0, 0, 0, null, 0, 1, 0, null, null, 1, to_date('27-04-2017 16:34:14', 'dd-mm-yyyy hh24:mi:ss'), null, to_date('27-04-2017 16:34:14', 'dd-mm-yyyy hh24:mi:ss'), null);
insert into WMS_STORAGE_LOCATION (id, house_id, standard_id, loc_use_status, loc_no, loc_barcode, x_pos, y_pos, z_pos, loc_type, virtual_loc_type, is_loc_statistics, loc_vol, loc_vol_unit, storage_status, artificial_in_lock, artificial_out_lock, business_in_lock, business_out_lock, loc_is_error, loc_error_reason, forbid_in, forbid_out, is_equip_loc, equip_type, remark, is_active, create_datetime, create_by, last_modify_datetime, last_modify_by)
values ('778af3eb-d678-4e5a-9289-23381f16e575', '277d74c6-ef02-4d7f-948e-caaac11c0e13', null, 'available', 'LA041902', 'LA041902', 4, 19, 2, 'cubic', null, 0, 1, 'tray', 'empty', 0, 0, 0, 0, 0, null, 0, 1, 0, null, null, 1, to_date('27-04-2017 16:34:14', 'dd-mm-yyyy hh24:mi:ss'), null, to_date('27-04-2017 16:34:14', 'dd-mm-yyyy hh24:mi:ss'), null);
insert into WMS_STORAGE_LOCATION (id, house_id, standard_id, loc_use_status, loc_no, loc_barcode, x_pos, y_pos, z_pos, loc_type, virtual_loc_type, is_loc_statistics, loc_vol, loc_vol_unit, storage_status, artificial_in_lock, artificial_out_lock, business_in_lock, business_out_lock, loc_is_error, loc_error_reason, forbid_in, forbid_out, is_equip_loc, equip_type, remark, is_active, create_datetime, create_by, last_modify_datetime, last_modify_by)
values ('afff22de-f964-453e-8aa7-7ecac3607ac5', '277d74c6-ef02-4d7f-948e-caaac11c0e13', null, 'available', 'LA041903', 'LA041903', 4, 19, 3, 'cubic', null, 0, 1, 'tray', 'empty', 0, 0, 0, 0, 0, null, 0, 1, 0, null, null, 1, to_date('27-04-2017 16:34:14', 'dd-mm-yyyy hh24:mi:ss'), null, to_date('27-04-2017 16:34:14', 'dd-mm-yyyy hh24:mi:ss'), null);
insert into WMS_STORAGE_LOCATION (id, house_id, standard_id, loc_use_status, loc_no, loc_barcode, x_pos, y_pos, z_pos, loc_type, virtual_loc_type, is_loc_statistics, loc_vol, loc_vol_unit, storage_status, artificial_in_lock, artificial_out_lock, business_in_lock, business_out_lock, loc_is_error, loc_error_reason, forbid_in, forbid_out, is_equip_loc, equip_type, remark, is_active, create_datetime, create_by, last_modify_datetime, last_modify_by)
values ('eb960f96-379a-42c1-8aca-384e232bb41e', '277d74c6-ef02-4d7f-948e-caaac11c0e13', null, 'available', 'LA041904', 'LA041904', 4, 19, 4, 'cubic', null, 0, 1, 'tray', 'empty', 0, 0, 0, 0, 0, null, 0, 1, 0, null, null, 1, to_date('27-04-2017 16:34:14', 'dd-mm-yyyy hh24:mi:ss'), null, to_date('27-04-2017 16:34:14', 'dd-mm-yyyy hh24:mi:ss'), null);
insert into WMS_STORAGE_LOCATION (id, house_id, standard_id, loc_use_status, loc_no, loc_barcode, x_pos, y_pos, z_pos, loc_type, virtual_loc_type, is_loc_statistics, loc_vol, loc_vol_unit, storage_status, artificial_in_lock, artificial_out_lock, business_in_lock, business_out_lock, loc_is_error, loc_error_reason, forbid_in, forbid_out, is_equip_loc, equip_type, remark, is_active, create_datetime, create_by, last_modify_datetime, last_modify_by)
values ('9c842c96-a34a-49e4-a106-88ae8b4f2037', '277d74c6-ef02-4d7f-948e-caaac11c0e13', null, 'available', 'LA042001', 'LA042001', 4, 20, 1, 'cubic', null, 0, 1, 'tray', 'empty', 0, 0, 0, 0, 0, null, 0, 1, 0, null, null, 1, to_date('27-04-2017 16:34:14', 'dd-mm-yyyy hh24:mi:ss'), null, to_date('27-04-2017 16:34:14', 'dd-mm-yyyy hh24:mi:ss'), null);
insert into WMS_STORAGE_LOCATION (id, house_id, standard_id, loc_use_status, loc_no, loc_barcode, x_pos, y_pos, z_pos, loc_type, virtual_loc_type, is_loc_statistics, loc_vol, loc_vol_unit, storage_status, artificial_in_lock, artificial_out_lock, business_in_lock, business_out_lock, loc_is_error, loc_error_reason, forbid_in, forbid_out, is_equip_loc, equip_type, remark, is_active, create_datetime, create_by, last_modify_datetime, last_modify_by)
values ('6fa8cfc9-89a4-457b-bf47-5f6d0d789406', '277d74c6-ef02-4d7f-948e-caaac11c0e13', null, 'available', 'LA042002', 'LA042002', 4, 20, 2, 'cubic', null, 0, 1, 'tray', 'empty', 0, 0, 0, 0, 0, null, 0, 1, 0, null, null, 1, to_date('27-04-2017 16:34:14', 'dd-mm-yyyy hh24:mi:ss'), null, to_date('27-04-2017 16:34:14', 'dd-mm-yyyy hh24:mi:ss'), null);
insert into WMS_STORAGE_LOCATION (id, house_id, standard_id, loc_use_status, loc_no, loc_barcode, x_pos, y_pos, z_pos, loc_type, virtual_loc_type, is_loc_statistics, loc_vol, loc_vol_unit, storage_status, artificial_in_lock, artificial_out_lock, business_in_lock, business_out_lock, loc_is_error, loc_error_reason, forbid_in, forbid_out, is_equip_loc, equip_type, remark, is_active, create_datetime, create_by, last_modify_datetime, last_modify_by)
values ('2b29f951-35db-4a67-8ce6-1a831aefc7ca', '277d74c6-ef02-4d7f-948e-caaac11c0e13', null, 'available', 'LA042003', 'LA042003', 4, 20, 3, 'cubic', null, 0, 1, 'tray', 'empty', 0, 0, 0, 0, 0, null, 0, 1, 0, null, null, 1, to_date('27-04-2017 16:34:14', 'dd-mm-yyyy hh24:mi:ss'), null, to_date('27-04-2017 16:34:14', 'dd-mm-yyyy hh24:mi:ss'), null);
insert into WMS_STORAGE_LOCATION (id, house_id, standard_id, loc_use_status, loc_no, loc_barcode, x_pos, y_pos, z_pos, loc_type, virtual_loc_type, is_loc_statistics, loc_vol, loc_vol_unit, storage_status, artificial_in_lock, artificial_out_lock, business_in_lock, business_out_lock, loc_is_error, loc_error_reason, forbid_in, forbid_out, is_equip_loc, equip_type, remark, is_active, create_datetime, create_by, last_modify_datetime, last_modify_by)
values ('89e66491-af52-4d87-8f80-e1b2a4f8e081', '277d74c6-ef02-4d7f-948e-caaac11c0e13', null, 'available', 'LA042004', 'LA042004', 4, 20, 4, 'cubic', null, 0, 1, 'tray', 'empty', 0, 0, 0, 0, 0, null, 0, 1, 0, null, null, 1, to_date('27-04-2017 16:34:14', 'dd-mm-yyyy hh24:mi:ss'), null, to_date('27-04-2017 16:34:14', 'dd-mm-yyyy hh24:mi:ss'), null);
insert into WMS_STORAGE_LOCATION (id, house_id, standard_id, loc_use_status, loc_no, loc_barcode, x_pos, y_pos, z_pos, loc_type, virtual_loc_type, is_loc_statistics, loc_vol, loc_vol_unit, storage_status, artificial_in_lock, artificial_out_lock, business_in_lock, business_out_lock, loc_is_error, loc_error_reason, forbid_in, forbid_out, is_equip_loc, equip_type, remark, is_active, create_datetime, create_by, last_modify_datetime, last_modify_by)
values ('83d075c2-9914-4792-972c-6c6e0b73dd44', '277d74c6-ef02-4d7f-948e-caaac11c0e13', null, 'available', 'LA031201', 'LA031201', 3, 12, 1, 'cubic', null, 0, 1, 'tray', 'empty', 0, 0, 0, 0, 0, null, 0, 1, 0, null, null, 1, to_date('27-04-2017 16:33:24', 'dd-mm-yyyy hh24:mi:ss'), null, to_date('27-04-2017 16:33:24', 'dd-mm-yyyy hh24:mi:ss'), null);
insert into WMS_STORAGE_LOCATION (id, house_id, standard_id, loc_use_status, loc_no, loc_barcode, x_pos, y_pos, z_pos, loc_type, virtual_loc_type, is_loc_statistics, loc_vol, loc_vol_unit, storage_status, artificial_in_lock, artificial_out_lock, business_in_lock, business_out_lock, loc_is_error, loc_error_reason, forbid_in, forbid_out, is_equip_loc, equip_type, remark, is_active, create_datetime, create_by, last_modify_datetime, last_modify_by)
values ('d102256d-11a4-4c0c-a678-25f0f4654be3', '277d74c6-ef02-4d7f-948e-caaac11c0e13', null, 'available', 'LA031202', 'LA031202', 3, 12, 2, 'cubic', null, 0, 1, 'tray', 'empty', 0, 0, 0, 0, 0, null, 0, 1, 0, null, null, 1, to_date('27-04-2017 16:33:24', 'dd-mm-yyyy hh24:mi:ss'), null, to_date('27-04-2017 16:33:24', 'dd-mm-yyyy hh24:mi:ss'), null);
insert into WMS_STORAGE_LOCATION (id, house_id, standard_id, loc_use_status, loc_no, loc_barcode, x_pos, y_pos, z_pos, loc_type, virtual_loc_type, is_loc_statistics, loc_vol, loc_vol_unit, storage_status, artificial_in_lock, artificial_out_lock, business_in_lock, business_out_lock, loc_is_error, loc_error_reason, forbid_in, forbid_out, is_equip_loc, equip_type, remark, is_active, create_datetime, create_by, last_modify_datetime, last_modify_by)
values ('ae31d560-a267-48f5-a406-2bb6791d29a1', '277d74c6-ef02-4d7f-948e-caaac11c0e13', null, 'available', 'LA031203', 'LA031203', 3, 12, 3, 'cubic', null, 0, 1, 'tray', 'empty', 0, 0, 0, 0, 0, null, 0, 1, 0, null, null, 1, to_date('27-04-2017 16:33:24', 'dd-mm-yyyy hh24:mi:ss'), null, to_date('27-04-2017 16:33:24', 'dd-mm-yyyy hh24:mi:ss'), null);
insert into WMS_STORAGE_LOCATION (id, house_id, standard_id, loc_use_status, loc_no, loc_barcode, x_pos, y_pos, z_pos, loc_type, virtual_loc_type, is_loc_statistics, loc_vol, loc_vol_unit, storage_status, artificial_in_lock, artificial_out_lock, business_in_lock, business_out_lock, loc_is_error, loc_error_reason, forbid_in, forbid_out, is_equip_loc, equip_type, remark, is_active, create_datetime, create_by, last_modify_datetime, last_modify_by)
values ('ee328234-adcf-4a21-a24d-87dd129b5086', '277d74c6-ef02-4d7f-948e-caaac11c0e13', null, 'available', 'LA031204', 'LA031204', 3, 12, 4, 'cubic', null, 0, 1, 'tray', 'empty', 0, 0, 0, 0, 0, null, 0, 1, 0, null, null, 1, to_date('27-04-2017 16:33:24', 'dd-mm-yyyy hh24:mi:ss'), null, to_date('27-04-2017 16:33:24', 'dd-mm-yyyy hh24:mi:ss'), null);
insert into WMS_STORAGE_LOCATION (id, house_id, standard_id, loc_use_status, loc_no, loc_barcode, x_pos, y_pos, z_pos, loc_type, virtual_loc_type, is_loc_statistics, loc_vol, loc_vol_unit, storage_status, artificial_in_lock, artificial_out_lock, business_in_lock, business_out_lock, loc_is_error, loc_error_reason, forbid_in, forbid_out, is_equip_loc, equip_type, remark, is_active, create_datetime, create_by, last_modify_datetime, last_modify_by)
values ('25e0e8bd-5f2e-41a5-b385-71e7b0a5c6e5', '277d74c6-ef02-4d7f-948e-caaac11c0e13', null, 'available', 'LA031301', 'LA031301', 3, 13, 1, 'cubic', null, 0, 1, 'tray', 'empty', 0, 0, 0, 0, 0, null, 0, 1, 0, null, null, 1, to_date('27-04-2017 16:33:24', 'dd-mm-yyyy hh24:mi:ss'), null, to_date('27-04-2017 16:33:24', 'dd-mm-yyyy hh24:mi:ss'), null);
insert into WMS_STORAGE_LOCATION (id, house_id, standard_id, loc_use_status, loc_no, loc_barcode, x_pos, y_pos, z_pos, loc_type, virtual_loc_type, is_loc_statistics, loc_vol, loc_vol_unit, storage_status, artificial_in_lock, artificial_out_lock, business_in_lock, business_out_lock, loc_is_error, loc_error_reason, forbid_in, forbid_out, is_equip_loc, equip_type, remark, is_active, create_datetime, create_by, last_modify_datetime, last_modify_by)
values ('dfb4097c-df26-4854-88a2-aeb190f12eb6', '277d74c6-ef02-4d7f-948e-caaac11c0e13', null, 'available', 'LA031302', 'LA031302', 3, 13, 2, 'cubic', null, 0, 1, 'tray', 'empty', 0, 0, 0, 0, 0, null, 0, 1, 0, null, null, 1, to_date('27-04-2017 16:33:24', 'dd-mm-yyyy hh24:mi:ss'), null, to_date('27-04-2017 16:33:24', 'dd-mm-yyyy hh24:mi:ss'), null);
insert into WMS_STORAGE_LOCATION (id, house_id, standard_id, loc_use_status, loc_no, loc_barcode, x_pos, y_pos, z_pos, loc_type, virtual_loc_type, is_loc_statistics, loc_vol, loc_vol_unit, storage_status, artificial_in_lock, artificial_out_lock, business_in_lock, business_out_lock, loc_is_error, loc_error_reason, forbid_in, forbid_out, is_equip_loc, equip_type, remark, is_active, create_datetime, create_by, last_modify_datetime, last_modify_by)
values ('5145d07f-dace-471c-94a8-c0dc51150665', '277d74c6-ef02-4d7f-948e-caaac11c0e13', null, 'available', 'LA031303', 'LA031303', 3, 13, 3, 'cubic', null, 0, 1, 'tray', 'empty', 0, 0, 0, 0, 0, null, 0, 1, 0, null, null, 1, to_date('27-04-2017 16:33:24', 'dd-mm-yyyy hh24:mi:ss'), null, to_date('27-04-2017 16:33:24', 'dd-mm-yyyy hh24:mi:ss'), null);
insert into WMS_STORAGE_LOCATION (id, house_id, standard_id, loc_use_status, loc_no, loc_barcode, x_pos, y_pos, z_pos, loc_type, virtual_loc_type, is_loc_statistics, loc_vol, loc_vol_unit, storage_status, artificial_in_lock, artificial_out_lock, business_in_lock, business_out_lock, loc_is_error, loc_error_reason, forbid_in, forbid_out, is_equip_loc, equip_type, remark, is_active, create_datetime, create_by, last_modify_datetime, last_modify_by)
values ('ee62d52d-4dd7-4cd4-a515-3bea022c4556', '277d74c6-ef02-4d7f-948e-caaac11c0e13', null, 'available', 'LA031304', 'LA031304', 3, 13, 4, 'cubic', null, 0, 1, 'tray', 'empty', 0, 0, 0, 0, 0, null, 0, 1, 0, null, null, 1, to_date('27-04-2017 16:33:24', 'dd-mm-yyyy hh24:mi:ss'), null, to_date('27-04-2017 16:33:24', 'dd-mm-yyyy hh24:mi:ss'), null);
insert into WMS_STORAGE_LOCATION (id, house_id, standard_id, loc_use_status, loc_no, loc_barcode, x_pos, y_pos, z_pos, loc_type, virtual_loc_type, is_loc_statistics, loc_vol, loc_vol_unit, storage_status, artificial_in_lock, artificial_out_lock, business_in_lock, business_out_lock, loc_is_error, loc_error_reason, forbid_in, forbid_out, is_equip_loc, equip_type, remark, is_active, create_datetime, create_by, last_modify_datetime, last_modify_by)
values ('f0090f8b-6f7e-43f4-a76d-7882330b2eb1', '277d74c6-ef02-4d7f-948e-caaac11c0e13', null, 'available', 'LA031401', 'LA031401', 3, 14, 1, 'cubic', null, 0, 1, 'tray', 'empty', 0, 0, 0, 0, 0, null, 0, 1, 0, null, null, 1, to_date('27-04-2017 16:33:24', 'dd-mm-yyyy hh24:mi:ss'), null, to_date('27-04-2017 16:33:24', 'dd-mm-yyyy hh24:mi:ss'), null);
insert into WMS_STORAGE_LOCATION (id, house_id, standard_id, loc_use_status, loc_no, loc_barcode, x_pos, y_pos, z_pos, loc_type, virtual_loc_type, is_loc_statistics, loc_vol, loc_vol_unit, storage_status, artificial_in_lock, artificial_out_lock, business_in_lock, business_out_lock, loc_is_error, loc_error_reason, forbid_in, forbid_out, is_equip_loc, equip_type, remark, is_active, create_datetime, create_by, last_modify_datetime, last_modify_by)
values ('a69a05b0-ff29-4f12-a6e9-9a311e5c3d6f', '277d74c6-ef02-4d7f-948e-caaac11c0e13', null, 'available', 'LA031402', 'LA031402', 3, 14, 2, 'cubic', null, 0, 1, 'tray', 'empty', 0, 0, 0, 0, 0, null, 0, 1, 0, null, null, 1, to_date('27-04-2017 16:33:24', 'dd-mm-yyyy hh24:mi:ss'), null, to_date('27-04-2017 16:33:24', 'dd-mm-yyyy hh24:mi:ss'), null);
insert into WMS_STORAGE_LOCATION (id, house_id, standard_id, loc_use_status, loc_no, loc_barcode, x_pos, y_pos, z_pos, loc_type, virtual_loc_type, is_loc_statistics, loc_vol, loc_vol_unit, storage_status, artificial_in_lock, artificial_out_lock, business_in_lock, business_out_lock, loc_is_error, loc_error_reason, forbid_in, forbid_out, is_equip_loc, equip_type, remark, is_active, create_datetime, create_by, last_modify_datetime, last_modify_by)
values ('ffcb7c86-af13-43e7-aa93-a0659fddc383', '277d74c6-ef02-4d7f-948e-caaac11c0e13', null, 'available', 'LA031403', 'LA031403', 3, 14, 3, 'cubic', null, 0, 1, 'tray', 'empty', 0, 0, 0, 0, 0, null, 0, 1, 0, null, null, 1, to_date('27-04-2017 16:33:24', 'dd-mm-yyyy hh24:mi:ss'), null, to_date('27-04-2017 16:33:24', 'dd-mm-yyyy hh24:mi:ss'), null);
insert into WMS_STORAGE_LOCATION (id, house_id, standard_id, loc_use_status, loc_no, loc_barcode, x_pos, y_pos, z_pos, loc_type, virtual_loc_type, is_loc_statistics, loc_vol, loc_vol_unit, storage_status, artificial_in_lock, artificial_out_lock, business_in_lock, business_out_lock, loc_is_error, loc_error_reason, forbid_in, forbid_out, is_equip_loc, equip_type, remark, is_active, create_datetime, create_by, last_modify_datetime, last_modify_by)
values ('acc8af26-bbb0-443b-97a2-68b804772ec7', '277d74c6-ef02-4d7f-948e-caaac11c0e13', null, 'available', 'LA031404', 'LA031404', 3, 14, 4, 'cubic', null, 0, 1, 'tray', 'empty', 0, 0, 0, 0, 0, null, 0, 1, 0, null, null, 1, to_date('27-04-2017 16:33:24', 'dd-mm-yyyy hh24:mi:ss'), null, to_date('27-04-2017 16:33:24', 'dd-mm-yyyy hh24:mi:ss'), null);
insert into WMS_STORAGE_LOCATION (id, house_id, standard_id, loc_use_status, loc_no, loc_barcode, x_pos, y_pos, z_pos, loc_type, virtual_loc_type, is_loc_statistics, loc_vol, loc_vol_unit, storage_status, artificial_in_lock, artificial_out_lock, business_in_lock, business_out_lock, loc_is_error, loc_error_reason, forbid_in, forbid_out, is_equip_loc, equip_type, remark, is_active, create_datetime, create_by, last_modify_datetime, last_modify_by)
values ('881d0d91-73c8-472c-ba13-3f873c3cd89a', '277d74c6-ef02-4d7f-948e-caaac11c0e13', null, 'available', 'LA040301', 'LA040301', 4, 3, 1, 'cubic', null, 0, 1, 'tray', 'empty', 0, 0, 0, 0, 0, null, 0, 1, 0, null, null, 1, to_date('27-04-2017 16:34:14', 'dd-mm-yyyy hh24:mi:ss'), null, to_date('27-04-2017 16:34:14', 'dd-mm-yyyy hh24:mi:ss'), null);
insert into WMS_STORAGE_LOCATION (id, house_id, standard_id, loc_use_status, loc_no, loc_barcode, x_pos, y_pos, z_pos, loc_type, virtual_loc_type, is_loc_statistics, loc_vol, loc_vol_unit, storage_status, artificial_in_lock, artificial_out_lock, business_in_lock, business_out_lock, loc_is_error, loc_error_reason, forbid_in, forbid_out, is_equip_loc, equip_type, remark, is_active, create_datetime, create_by, last_modify_datetime, last_modify_by)
values ('e8ba8103-2c01-444a-afe9-0415376cece1', '277d74c6-ef02-4d7f-948e-caaac11c0e13', null, 'available', 'LA040302', 'LA040302', 4, 3, 2, 'cubic', null, 0, 1, 'tray', 'empty', 0, 0, 0, 0, 0, null, 0, 1, 0, null, null, 1, to_date('27-04-2017 16:34:14', 'dd-mm-yyyy hh24:mi:ss'), null, to_date('27-04-2017 16:34:14', 'dd-mm-yyyy hh24:mi:ss'), null);
insert into WMS_STORAGE_LOCATION (id, house_id, standard_id, loc_use_status, loc_no, loc_barcode, x_pos, y_pos, z_pos, loc_type, virtual_loc_type, is_loc_statistics, loc_vol, loc_vol_unit, storage_status, artificial_in_lock, artificial_out_lock, business_in_lock, business_out_lock, loc_is_error, loc_error_reason, forbid_in, forbid_out, is_equip_loc, equip_type, remark, is_active, create_datetime, create_by, last_modify_datetime, last_modify_by)
values ('b7742a59-702c-4024-833f-d25bf611eed4', '277d74c6-ef02-4d7f-948e-caaac11c0e13', null, 'available', 'LA040303', 'LA040303', 4, 3, 3, 'cubic', null, 0, 1, 'tray', 'empty', 0, 0, 0, 0, 0, null, 0, 1, 0, null, null, 1, to_date('27-04-2017 16:34:14', 'dd-mm-yyyy hh24:mi:ss'), null, to_date('27-04-2017 16:34:14', 'dd-mm-yyyy hh24:mi:ss'), null);
insert into WMS_STORAGE_LOCATION (id, house_id, standard_id, loc_use_status, loc_no, loc_barcode, x_pos, y_pos, z_pos, loc_type, virtual_loc_type, is_loc_statistics, loc_vol, loc_vol_unit, storage_status, artificial_in_lock, artificial_out_lock, business_in_lock, business_out_lock, loc_is_error, loc_error_reason, forbid_in, forbid_out, is_equip_loc, equip_type, remark, is_active, create_datetime, create_by, last_modify_datetime, last_modify_by)
values ('7ba7bdc9-6d56-41ab-b0cf-57d7f8849fb8', '277d74c6-ef02-4d7f-948e-caaac11c0e13', null, 'available', 'LA040304', 'LA040304', 4, 3, 4, 'cubic', null, 0, 1, 'tray', 'empty', 0, 0, 0, 0, 0, null, 0, 1, 0, null, null, 1, to_date('27-04-2017 16:34:14', 'dd-mm-yyyy hh24:mi:ss'), null, to_date('27-04-2017 16:34:14', 'dd-mm-yyyy hh24:mi:ss'), null);
insert into WMS_STORAGE_LOCATION (id, house_id, standard_id, loc_use_status, loc_no, loc_barcode, x_pos, y_pos, z_pos, loc_type, virtual_loc_type, is_loc_statistics, loc_vol, loc_vol_unit, storage_status, artificial_in_lock, artificial_out_lock, business_in_lock, business_out_lock, loc_is_error, loc_error_reason, forbid_in, forbid_out, is_equip_loc, equip_type, remark, is_active, create_datetime, create_by, last_modify_datetime, last_modify_by)
values ('494d544d-ca24-4f46-b12e-9928d0f51845', '277d74c6-ef02-4d7f-948e-caaac11c0e13', null, 'available', 'LA040401', 'LA040401', 4, 4, 1, 'cubic', null, 0, 1, 'tray', 'empty', 0, 0, 0, 0, 0, null, 0, 1, 0, null, null, 1, to_date('27-04-2017 16:34:14', 'dd-mm-yyyy hh24:mi:ss'), null, to_date('27-04-2017 16:34:14', 'dd-mm-yyyy hh24:mi:ss'), null);
insert into WMS_STORAGE_LOCATION (id, house_id, standard_id, loc_use_status, loc_no, loc_barcode, x_pos, y_pos, z_pos, loc_type, virtual_loc_type, is_loc_statistics, loc_vol, loc_vol_unit, storage_status, artificial_in_lock, artificial_out_lock, business_in_lock, business_out_lock, loc_is_error, loc_error_reason, forbid_in, forbid_out, is_equip_loc, equip_type, remark, is_active, create_datetime, create_by, last_modify_datetime, last_modify_by)
values ('30d049ad-791f-49c7-adc8-c74d5696f6c6', '277d74c6-ef02-4d7f-948e-caaac11c0e13', null, 'available', 'LA040402', 'LA040402', 4, 4, 2, 'cubic', null, 0, 1, 'tray', 'empty', 0, 0, 0, 0, 0, null, 0, 1, 0, null, null, 1, to_date('27-04-2017 16:34:14', 'dd-mm-yyyy hh24:mi:ss'), null, to_date('27-04-2017 16:34:14', 'dd-mm-yyyy hh24:mi:ss'), null);
insert into WMS_STORAGE_LOCATION (id, house_id, standard_id, loc_use_status, loc_no, loc_barcode, x_pos, y_pos, z_pos, loc_type, virtual_loc_type, is_loc_statistics, loc_vol, loc_vol_unit, storage_status, artificial_in_lock, artificial_out_lock, business_in_lock, business_out_lock, loc_is_error, loc_error_reason, forbid_in, forbid_out, is_equip_loc, equip_type, remark, is_active, create_datetime, create_by, last_modify_datetime, last_modify_by)
values ('6a5d9111-5ec9-492c-8a1e-c8dc9d80562c', '277d74c6-ef02-4d7f-948e-caaac11c0e13', null, 'available', 'LA040403', 'LA040403', 4, 4, 3, 'cubic', null, 0, 1, 'tray', 'empty', 0, 0, 0, 0, 0, null, 0, 1, 0, null, null, 1, to_date('27-04-2017 16:34:14', 'dd-mm-yyyy hh24:mi:ss'), null, to_date('27-04-2017 16:34:14', 'dd-mm-yyyy hh24:mi:ss'), null);
insert into WMS_STORAGE_LOCATION (id, house_id, standard_id, loc_use_status, loc_no, loc_barcode, x_pos, y_pos, z_pos, loc_type, virtual_loc_type, is_loc_statistics, loc_vol, loc_vol_unit, storage_status, artificial_in_lock, artificial_out_lock, business_in_lock, business_out_lock, loc_is_error, loc_error_reason, forbid_in, forbid_out, is_equip_loc, equip_type, remark, is_active, create_datetime, create_by, last_modify_datetime, last_modify_by)
values ('c94051a5-2709-4b76-bdef-c77018ec8fac', '277d74c6-ef02-4d7f-948e-caaac11c0e13', null, 'available', 'LA040404', 'LA040404', 4, 4, 4, 'cubic', null, 0, 1, 'tray', 'empty', 0, 0, 0, 0, 0, null, 0, 1, 0, null, null, 1, to_date('27-04-2017 16:34:14', 'dd-mm-yyyy hh24:mi:ss'), null, to_date('27-04-2017 16:34:14', 'dd-mm-yyyy hh24:mi:ss'), null);
insert into WMS_STORAGE_LOCATION (id, house_id, standard_id, loc_use_status, loc_no, loc_barcode, x_pos, y_pos, z_pos, loc_type, virtual_loc_type, is_loc_statistics, loc_vol, loc_vol_unit, storage_status, artificial_in_lock, artificial_out_lock, business_in_lock, business_out_lock, loc_is_error, loc_error_reason, forbid_in, forbid_out, is_equip_loc, equip_type, remark, is_active, create_datetime, create_by, last_modify_datetime, last_modify_by)
values ('a471bbc4-9ed4-44bb-813e-84a2973b9ac9', '277d74c6-ef02-4d7f-948e-caaac11c0e13', null, 'available', 'LA040501', 'LA040501', 4, 5, 1, 'cubic', null, 0, 1, 'tray', 'empty', 0, 0, 0, 0, 0, null, 0, 1, 0, null, null, 1, to_date('27-04-2017 16:34:14', 'dd-mm-yyyy hh24:mi:ss'), null, to_date('27-04-2017 16:34:14', 'dd-mm-yyyy hh24:mi:ss'), null);
insert into WMS_STORAGE_LOCATION (id, house_id, standard_id, loc_use_status, loc_no, loc_barcode, x_pos, y_pos, z_pos, loc_type, virtual_loc_type, is_loc_statistics, loc_vol, loc_vol_unit, storage_status, artificial_in_lock, artificial_out_lock, business_in_lock, business_out_lock, loc_is_error, loc_error_reason, forbid_in, forbid_out, is_equip_loc, equip_type, remark, is_active, create_datetime, create_by, last_modify_datetime, last_modify_by)
values ('aab59369-aa67-4a3c-b165-c8f10d5fdb24', '277d74c6-ef02-4d7f-948e-caaac11c0e13', null, 'available', 'LA040502', 'LA040502', 4, 5, 2, 'cubic', null, 0, 1, 'tray', 'empty', 0, 0, 0, 0, 0, null, 0, 1, 0, null, null, 1, to_date('27-04-2017 16:34:14', 'dd-mm-yyyy hh24:mi:ss'), null, to_date('27-04-2017 16:34:14', 'dd-mm-yyyy hh24:mi:ss'), null);
insert into WMS_STORAGE_LOCATION (id, house_id, standard_id, loc_use_status, loc_no, loc_barcode, x_pos, y_pos, z_pos, loc_type, virtual_loc_type, is_loc_statistics, loc_vol, loc_vol_unit, storage_status, artificial_in_lock, artificial_out_lock, business_in_lock, business_out_lock, loc_is_error, loc_error_reason, forbid_in, forbid_out, is_equip_loc, equip_type, remark, is_active, create_datetime, create_by, last_modify_datetime, last_modify_by)
values ('667c767b-e2f8-48df-9481-21bd7f699fc4', '277d74c6-ef02-4d7f-948e-caaac11c0e13', null, 'available', 'LA040503', 'LA040503', 4, 5, 3, 'cubic', null, 0, 1, 'tray', 'empty', 0, 0, 0, 0, 0, null, 0, 1, 0, null, null, 1, to_date('27-04-2017 16:34:14', 'dd-mm-yyyy hh24:mi:ss'), null, to_date('27-04-2017 16:34:14', 'dd-mm-yyyy hh24:mi:ss'), null);
insert into WMS_STORAGE_LOCATION (id, house_id, standard_id, loc_use_status, loc_no, loc_barcode, x_pos, y_pos, z_pos, loc_type, virtual_loc_type, is_loc_statistics, loc_vol, loc_vol_unit, storage_status, artificial_in_lock, artificial_out_lock, business_in_lock, business_out_lock, loc_is_error, loc_error_reason, forbid_in, forbid_out, is_equip_loc, equip_type, remark, is_active, create_datetime, create_by, last_modify_datetime, last_modify_by)
values ('71866deb-1d88-45fb-b784-8d211752c1ab', '277d74c6-ef02-4d7f-948e-caaac11c0e13', null, 'available', 'LA040504', 'LA040504', 4, 5, 4, 'cubic', null, 0, 1, 'tray', 'empty', 0, 0, 0, 0, 0, null, 0, 1, 0, null, null, 1, to_date('27-04-2017 16:34:14', 'dd-mm-yyyy hh24:mi:ss'), null, to_date('27-04-2017 16:34:14', 'dd-mm-yyyy hh24:mi:ss'), null);
insert into WMS_STORAGE_LOCATION (id, house_id, standard_id, loc_use_status, loc_no, loc_barcode, x_pos, y_pos, z_pos, loc_type, virtual_loc_type, is_loc_statistics, loc_vol, loc_vol_unit, storage_status, artificial_in_lock, artificial_out_lock, business_in_lock, business_out_lock, loc_is_error, loc_error_reason, forbid_in, forbid_out, is_equip_loc, equip_type, remark, is_active, create_datetime, create_by, last_modify_datetime, last_modify_by)
values ('47cbdfc6-535d-4917-a9a1-98f9b21daeaf', '277d74c6-ef02-4d7f-948e-caaac11c0e13', null, 'available', 'LA040601', 'LA040601', 4, 6, 1, 'cubic', null, 0, 1, 'tray', 'empty', 0, 0, 0, 0, 0, null, 0, 1, 0, null, null, 1, to_date('27-04-2017 16:34:14', 'dd-mm-yyyy hh24:mi:ss'), null, to_date('27-04-2017 16:34:14', 'dd-mm-yyyy hh24:mi:ss'), null);
insert into WMS_STORAGE_LOCATION (id, house_id, standard_id, loc_use_status, loc_no, loc_barcode, x_pos, y_pos, z_pos, loc_type, virtual_loc_type, is_loc_statistics, loc_vol, loc_vol_unit, storage_status, artificial_in_lock, artificial_out_lock, business_in_lock, business_out_lock, loc_is_error, loc_error_reason, forbid_in, forbid_out, is_equip_loc, equip_type, remark, is_active, create_datetime, create_by, last_modify_datetime, last_modify_by)
values ('867fc0ea-5cc5-4ce3-9510-1907500e589f', '277d74c6-ef02-4d7f-948e-caaac11c0e13', null, 'available', 'LA040602', 'LA040602', 4, 6, 2, 'cubic', null, 0, 1, 'tray', 'empty', 0, 0, 0, 0, 0, null, 0, 1, 0, null, null, 1, to_date('27-04-2017 16:34:14', 'dd-mm-yyyy hh24:mi:ss'), null, to_date('27-04-2017 16:34:14', 'dd-mm-yyyy hh24:mi:ss'), null);
insert into WMS_STORAGE_LOCATION (id, house_id, standard_id, loc_use_status, loc_no, loc_barcode, x_pos, y_pos, z_pos, loc_type, virtual_loc_type, is_loc_statistics, loc_vol, loc_vol_unit, storage_status, artificial_in_lock, artificial_out_lock, business_in_lock, business_out_lock, loc_is_error, loc_error_reason, forbid_in, forbid_out, is_equip_loc, equip_type, remark, is_active, create_datetime, create_by, last_modify_datetime, last_modify_by)
values ('64bd8928-e28e-40a1-8f50-c01f7d4181e1', '277d74c6-ef02-4d7f-948e-caaac11c0e13', null, 'available', 'LA040603', 'LA040603', 4, 6, 3, 'cubic', null, 0, 1, 'tray', 'empty', 0, 0, 0, 0, 0, null, 0, 1, 0, null, null, 1, to_date('27-04-2017 16:34:14', 'dd-mm-yyyy hh24:mi:ss'), null, to_date('27-04-2017 16:34:14', 'dd-mm-yyyy hh24:mi:ss'), null);
insert into WMS_STORAGE_LOCATION (id, house_id, standard_id, loc_use_status, loc_no, loc_barcode, x_pos, y_pos, z_pos, loc_type, virtual_loc_type, is_loc_statistics, loc_vol, loc_vol_unit, storage_status, artificial_in_lock, artificial_out_lock, business_in_lock, business_out_lock, loc_is_error, loc_error_reason, forbid_in, forbid_out, is_equip_loc, equip_type, remark, is_active, create_datetime, create_by, last_modify_datetime, last_modify_by)
values ('fed5fcac-0e37-48b2-98ae-ec3ae508ef2f', '277d74c6-ef02-4d7f-948e-caaac11c0e13', null, 'available', 'LA040604', 'LA040604', 4, 6, 4, 'cubic', null, 0, 1, 'tray', 'empty', 0, 0, 0, 0, 0, null, 0, 1, 0, null, null, 1, to_date('27-04-2017 16:34:14', 'dd-mm-yyyy hh24:mi:ss'), null, to_date('27-04-2017 16:34:14', 'dd-mm-yyyy hh24:mi:ss'), null);
insert into WMS_STORAGE_LOCATION (id, house_id, standard_id, loc_use_status, loc_no, loc_barcode, x_pos, y_pos, z_pos, loc_type, virtual_loc_type, is_loc_statistics, loc_vol, loc_vol_unit, storage_status, artificial_in_lock, artificial_out_lock, business_in_lock, business_out_lock, loc_is_error, loc_error_reason, forbid_in, forbid_out, is_equip_loc, equip_type, remark, is_active, create_datetime, create_by, last_modify_datetime, last_modify_by)
values ('dd65929d-7aa0-4fb8-ae22-b5344013ac85', '277d74c6-ef02-4d7f-948e-caaac11c0e13', null, 'available', 'LA040701', 'LA040701', 4, 7, 1, 'cubic', null, 0, 1, 'tray', 'empty', 0, 0, 0, 0, 0, null, 0, 1, 0, null, null, 1, to_date('27-04-2017 16:34:14', 'dd-mm-yyyy hh24:mi:ss'), null, to_date('27-04-2017 16:34:14', 'dd-mm-yyyy hh24:mi:ss'), null);
insert into WMS_STORAGE_LOCATION (id, house_id, standard_id, loc_use_status, loc_no, loc_barcode, x_pos, y_pos, z_pos, loc_type, virtual_loc_type, is_loc_statistics, loc_vol, loc_vol_unit, storage_status, artificial_in_lock, artificial_out_lock, business_in_lock, business_out_lock, loc_is_error, loc_error_reason, forbid_in, forbid_out, is_equip_loc, equip_type, remark, is_active, create_datetime, create_by, last_modify_datetime, last_modify_by)
values ('2e0f56be-7cd5-4c55-82cc-703bf927ad62', '277d74c6-ef02-4d7f-948e-caaac11c0e13', null, 'available', 'LA040702', 'LA040702', 4, 7, 2, 'cubic', null, 0, 1, 'tray', 'empty', 0, 0, 0, 0, 0, null, 0, 1, 0, null, null, 1, to_date('27-04-2017 16:34:14', 'dd-mm-yyyy hh24:mi:ss'), null, to_date('27-04-2017 16:34:14', 'dd-mm-yyyy hh24:mi:ss'), null);
insert into WMS_STORAGE_LOCATION (id, house_id, standard_id, loc_use_status, loc_no, loc_barcode, x_pos, y_pos, z_pos, loc_type, virtual_loc_type, is_loc_statistics, loc_vol, loc_vol_unit, storage_status, artificial_in_lock, artificial_out_lock, business_in_lock, business_out_lock, loc_is_error, loc_error_reason, forbid_in, forbid_out, is_equip_loc, equip_type, remark, is_active, create_datetime, create_by, last_modify_datetime, last_modify_by)
values ('ed2e1d44-a8b8-41ae-bbd0-39fc56310a67', '277d74c6-ef02-4d7f-948e-caaac11c0e13', null, 'available', 'LA040703', 'LA040703', 4, 7, 3, 'cubic', null, 0, 1, 'tray', 'empty', 0, 0, 0, 0, 0, null, 0, 1, 0, null, null, 1, to_date('27-04-2017 16:34:14', 'dd-mm-yyyy hh24:mi:ss'), null, to_date('27-04-2017 16:34:14', 'dd-mm-yyyy hh24:mi:ss'), null);
insert into WMS_STORAGE_LOCATION (id, house_id, standard_id, loc_use_status, loc_no, loc_barcode, x_pos, y_pos, z_pos, loc_type, virtual_loc_type, is_loc_statistics, loc_vol, loc_vol_unit, storage_status, artificial_in_lock, artificial_out_lock, business_in_lock, business_out_lock, loc_is_error, loc_error_reason, forbid_in, forbid_out, is_equip_loc, equip_type, remark, is_active, create_datetime, create_by, last_modify_datetime, last_modify_by)
values ('06a86264-3efc-44fa-b1f4-516842a19709', '277d74c6-ef02-4d7f-948e-caaac11c0e13', null, 'available', 'LA040704', 'LA040704', 4, 7, 4, 'cubic', null, 0, 1, 'tray', 'empty', 0, 0, 0, 0, 0, null, 0, 1, 0, null, null, 1, to_date('27-04-2017 16:34:14', 'dd-mm-yyyy hh24:mi:ss'), null, to_date('27-04-2017 16:34:14', 'dd-mm-yyyy hh24:mi:ss'), null);
insert into WMS_STORAGE_LOCATION (id, house_id, standard_id, loc_use_status, loc_no, loc_barcode, x_pos, y_pos, z_pos, loc_type, virtual_loc_type, is_loc_statistics, loc_vol, loc_vol_unit, storage_status, artificial_in_lock, artificial_out_lock, business_in_lock, business_out_lock, loc_is_error, loc_error_reason, forbid_in, forbid_out, is_equip_loc, equip_type, remark, is_active, create_datetime, create_by, last_modify_datetime, last_modify_by)
values ('d4c6f780-8b4f-471c-b80e-e47dc5333f8b', '277d74c6-ef02-4d7f-948e-caaac11c0e13', null, 'available', 'LA040801', 'LA040801', 4, 8, 1, 'cubic', null, 0, 1, 'tray', 'empty', 0, 0, 0, 0, 0, null, 0, 1, 0, null, null, 1, to_date('27-04-2017 16:34:14', 'dd-mm-yyyy hh24:mi:ss'), null, to_date('27-04-2017 16:34:14', 'dd-mm-yyyy hh24:mi:ss'), null);
insert into WMS_STORAGE_LOCATION (id, house_id, standard_id, loc_use_status, loc_no, loc_barcode, x_pos, y_pos, z_pos, loc_type, virtual_loc_type, is_loc_statistics, loc_vol, loc_vol_unit, storage_status, artificial_in_lock, artificial_out_lock, business_in_lock, business_out_lock, loc_is_error, loc_error_reason, forbid_in, forbid_out, is_equip_loc, equip_type, remark, is_active, create_datetime, create_by, last_modify_datetime, last_modify_by)
values ('1f248c86-a3c5-4a24-81b3-75bb719ce830', '277d74c6-ef02-4d7f-948e-caaac11c0e13', null, 'available', 'LA040802', 'LA040802', 4, 8, 2, 'cubic', null, 0, 1, 'tray', 'empty', 0, 0, 0, 0, 0, null, 0, 1, 0, null, null, 1, to_date('27-04-2017 16:34:14', 'dd-mm-yyyy hh24:mi:ss'), null, to_date('27-04-2017 16:34:14', 'dd-mm-yyyy hh24:mi:ss'), null);
insert into WMS_STORAGE_LOCATION (id, house_id, standard_id, loc_use_status, loc_no, loc_barcode, x_pos, y_pos, z_pos, loc_type, virtual_loc_type, is_loc_statistics, loc_vol, loc_vol_unit, storage_status, artificial_in_lock, artificial_out_lock, business_in_lock, business_out_lock, loc_is_error, loc_error_reason, forbid_in, forbid_out, is_equip_loc, equip_type, remark, is_active, create_datetime, create_by, last_modify_datetime, last_modify_by)
values ('45eb01f2-c672-4015-b937-c6b6aecf5203', '277d74c6-ef02-4d7f-948e-caaac11c0e13', null, 'available', 'LA040803', 'LA040803', 4, 8, 3, 'cubic', null, 0, 1, 'tray', 'empty', 0, 0, 0, 0, 0, null, 0, 1, 0, null, null, 1, to_date('27-04-2017 16:34:14', 'dd-mm-yyyy hh24:mi:ss'), null, to_date('27-04-2017 16:34:14', 'dd-mm-yyyy hh24:mi:ss'), null);
insert into WMS_STORAGE_LOCATION (id, house_id, standard_id, loc_use_status, loc_no, loc_barcode, x_pos, y_pos, z_pos, loc_type, virtual_loc_type, is_loc_statistics, loc_vol, loc_vol_unit, storage_status, artificial_in_lock, artificial_out_lock, business_in_lock, business_out_lock, loc_is_error, loc_error_reason, forbid_in, forbid_out, is_equip_loc, equip_type, remark, is_active, create_datetime, create_by, last_modify_datetime, last_modify_by)
values ('1ca029b1-c8f6-42c2-8e2c-87be1769872f', '277d74c6-ef02-4d7f-948e-caaac11c0e13', null, 'available', 'LA040804', 'LA040804', 4, 8, 4, 'cubic', null, 0, 1, 'tray', 'empty', 0, 0, 0, 0, 0, null, 0, 1, 0, null, null, 1, to_date('27-04-2017 16:34:14', 'dd-mm-yyyy hh24:mi:ss'), null, to_date('27-04-2017 16:34:14', 'dd-mm-yyyy hh24:mi:ss'), null);
insert into WMS_STORAGE_LOCATION (id, house_id, standard_id, loc_use_status, loc_no, loc_barcode, x_pos, y_pos, z_pos, loc_type, virtual_loc_type, is_loc_statistics, loc_vol, loc_vol_unit, storage_status, artificial_in_lock, artificial_out_lock, business_in_lock, business_out_lock, loc_is_error, loc_error_reason, forbid_in, forbid_out, is_equip_loc, equip_type, remark, is_active, create_datetime, create_by, last_modify_datetime, last_modify_by)
values ('1c32fa7c-f4ff-45e2-91ac-4038db69dec3', '277d74c6-ef02-4d7f-948e-caaac11c0e13', null, 'available', 'LA040901', 'LA040901', 4, 9, 1, 'cubic', null, 0, 1, 'tray', 'empty', 0, 0, 0, 0, 0, null, 0, 1, 0, null, null, 1, to_date('27-04-2017 16:34:14', 'dd-mm-yyyy hh24:mi:ss'), null, to_date('27-04-2017 16:34:14', 'dd-mm-yyyy hh24:mi:ss'), null);
insert into WMS_STORAGE_LOCATION (id, house_id, standard_id, loc_use_status, loc_no, loc_barcode, x_pos, y_pos, z_pos, loc_type, virtual_loc_type, is_loc_statistics, loc_vol, loc_vol_unit, storage_status, artificial_in_lock, artificial_out_lock, business_in_lock, business_out_lock, loc_is_error, loc_error_reason, forbid_in, forbid_out, is_equip_loc, equip_type, remark, is_active, create_datetime, create_by, last_modify_datetime, last_modify_by)
values ('5657d235-7f3b-4d58-9539-48d43061cd04', '277d74c6-ef02-4d7f-948e-caaac11c0e13', null, 'available', 'LA040902', 'LA040902', 4, 9, 2, 'cubic', null, 0, 1, 'tray', 'empty', 0, 0, 0, 0, 0, null, 0, 1, 0, null, null, 1, to_date('27-04-2017 16:34:14', 'dd-mm-yyyy hh24:mi:ss'), null, to_date('27-04-2017 16:34:14', 'dd-mm-yyyy hh24:mi:ss'), null);
insert into WMS_STORAGE_LOCATION (id, house_id, standard_id, loc_use_status, loc_no, loc_barcode, x_pos, y_pos, z_pos, loc_type, virtual_loc_type, is_loc_statistics, loc_vol, loc_vol_unit, storage_status, artificial_in_lock, artificial_out_lock, business_in_lock, business_out_lock, loc_is_error, loc_error_reason, forbid_in, forbid_out, is_equip_loc, equip_type, remark, is_active, create_datetime, create_by, last_modify_datetime, last_modify_by)
values ('1c000309-1826-4204-9cd4-5a86f93a8bfd', '277d74c6-ef02-4d7f-948e-caaac11c0e13', null, 'available', 'LA040903', 'LA040903', 4, 9, 3, 'cubic', null, 0, 1, 'tray', 'empty', 0, 0, 0, 0, 0, null, 0, 1, 0, null, null, 1, to_date('27-04-2017 16:34:14', 'dd-mm-yyyy hh24:mi:ss'), null, to_date('27-04-2017 16:34:14', 'dd-mm-yyyy hh24:mi:ss'), null);
insert into WMS_STORAGE_LOCATION (id, house_id, standard_id, loc_use_status, loc_no, loc_barcode, x_pos, y_pos, z_pos, loc_type, virtual_loc_type, is_loc_statistics, loc_vol, loc_vol_unit, storage_status, artificial_in_lock, artificial_out_lock, business_in_lock, business_out_lock, loc_is_error, loc_error_reason, forbid_in, forbid_out, is_equip_loc, equip_type, remark, is_active, create_datetime, create_by, last_modify_datetime, last_modify_by)
values ('d4738218-4288-4043-85d5-5f5448c9a99e', '277d74c6-ef02-4d7f-948e-caaac11c0e13', null, 'available', 'LA040904', 'LA040904', 4, 9, 4, 'cubic', null, 0, 1, 'tray', 'empty', 0, 0, 0, 0, 0, null, 0, 1, 0, null, null, 1, to_date('27-04-2017 16:34:14', 'dd-mm-yyyy hh24:mi:ss'), null, to_date('27-04-2017 16:34:14', 'dd-mm-yyyy hh24:mi:ss'), null);
insert into WMS_STORAGE_LOCATION (id, house_id, standard_id, loc_use_status, loc_no, loc_barcode, x_pos, y_pos, z_pos, loc_type, virtual_loc_type, is_loc_statistics, loc_vol, loc_vol_unit, storage_status, artificial_in_lock, artificial_out_lock, business_in_lock, business_out_lock, loc_is_error, loc_error_reason, forbid_in, forbid_out, is_equip_loc, equip_type, remark, is_active, create_datetime, create_by, last_modify_datetime, last_modify_by)
values ('046fdd5d-8d54-4bb1-83a9-1cb3335b4f1f', '277d74c6-ef02-4d7f-948e-caaac11c0e13', null, 'available', 'LA041001', 'LA041001', 4, 10, 1, 'cubic', null, 0, 1, 'tray', 'empty', 0, 0, 0, 0, 0, null, 0, 1, 0, null, null, 1, to_date('27-04-2017 16:34:14', 'dd-mm-yyyy hh24:mi:ss'), null, to_date('27-04-2017 16:34:14', 'dd-mm-yyyy hh24:mi:ss'), null);
insert into WMS_STORAGE_LOCATION (id, house_id, standard_id, loc_use_status, loc_no, loc_barcode, x_pos, y_pos, z_pos, loc_type, virtual_loc_type, is_loc_statistics, loc_vol, loc_vol_unit, storage_status, artificial_in_lock, artificial_out_lock, business_in_lock, business_out_lock, loc_is_error, loc_error_reason, forbid_in, forbid_out, is_equip_loc, equip_type, remark, is_active, create_datetime, create_by, last_modify_datetime, last_modify_by)
values ('58089bf5-83e4-4202-8cd2-6b04dd5c2bac', '277d74c6-ef02-4d7f-948e-caaac11c0e13', null, 'available', 'LA041002', 'LA041002', 4, 10, 2, 'cubic', null, 0, 1, 'tray', 'empty', 0, 0, 0, 0, 0, null, 0, 1, 0, null, null, 1, to_date('27-04-2017 16:34:14', 'dd-mm-yyyy hh24:mi:ss'), null, to_date('27-04-2017 16:34:14', 'dd-mm-yyyy hh24:mi:ss'), null);
insert into WMS_STORAGE_LOCATION (id, house_id, standard_id, loc_use_status, loc_no, loc_barcode, x_pos, y_pos, z_pos, loc_type, virtual_loc_type, is_loc_statistics, loc_vol, loc_vol_unit, storage_status, artificial_in_lock, artificial_out_lock, business_in_lock, business_out_lock, loc_is_error, loc_error_reason, forbid_in, forbid_out, is_equip_loc, equip_type, remark, is_active, create_datetime, create_by, last_modify_datetime, last_modify_by)
values ('ae79a845-5256-465c-9775-3e34f3e70e9d', '277d74c6-ef02-4d7f-948e-caaac11c0e13', null, 'available', 'LA041003', 'LA041003', 4, 10, 3, 'cubic', null, 0, 1, 'tray', 'empty', 0, 0, 0, 0, 0, null, 0, 1, 0, null, null, 1, to_date('27-04-2017 16:34:14', 'dd-mm-yyyy hh24:mi:ss'), null, to_date('27-04-2017 16:34:14', 'dd-mm-yyyy hh24:mi:ss'), null);
insert into WMS_STORAGE_LOCATION (id, house_id, standard_id, loc_use_status, loc_no, loc_barcode, x_pos, y_pos, z_pos, loc_type, virtual_loc_type, is_loc_statistics, loc_vol, loc_vol_unit, storage_status, artificial_in_lock, artificial_out_lock, business_in_lock, business_out_lock, loc_is_error, loc_error_reason, forbid_in, forbid_out, is_equip_loc, equip_type, remark, is_active, create_datetime, create_by, last_modify_datetime, last_modify_by)
values ('1b3116ed-f16b-4963-b69a-83e89db1d4c3', '277d74c6-ef02-4d7f-948e-caaac11c0e13', null, 'available', 'LA041004', 'LA041004', 4, 10, 4, 'cubic', null, 0, 1, 'tray', 'empty', 0, 0, 0, 0, 0, null, 0, 1, 0, null, null, 1, to_date('27-04-2017 16:34:14', 'dd-mm-yyyy hh24:mi:ss'), null, to_date('27-04-2017 16:34:14', 'dd-mm-yyyy hh24:mi:ss'), null);
insert into WMS_STORAGE_LOCATION (id, house_id, standard_id, loc_use_status, loc_no, loc_barcode, x_pos, y_pos, z_pos, loc_type, virtual_loc_type, is_loc_statistics, loc_vol, loc_vol_unit, storage_status, artificial_in_lock, artificial_out_lock, business_in_lock, business_out_lock, loc_is_error, loc_error_reason, forbid_in, forbid_out, is_equip_loc, equip_type, remark, is_active, create_datetime, create_by, last_modify_datetime, last_modify_by)
values ('b2106fa1-e0ec-4694-af74-1b21cee5ac06', '277d74c6-ef02-4d7f-948e-caaac11c0e13', null, 'available', 'LA041101', 'LA041101', 4, 11, 1, 'cubic', null, 0, 1, 'tray', 'empty', 0, 0, 0, 0, 0, null, 0, 1, 0, null, null, 1, to_date('27-04-2017 16:34:14', 'dd-mm-yyyy hh24:mi:ss'), null, to_date('27-04-2017 16:34:14', 'dd-mm-yyyy hh24:mi:ss'), null);
insert into WMS_STORAGE_LOCATION (id, house_id, standard_id, loc_use_status, loc_no, loc_barcode, x_pos, y_pos, z_pos, loc_type, virtual_loc_type, is_loc_statistics, loc_vol, loc_vol_unit, storage_status, artificial_in_lock, artificial_out_lock, business_in_lock, business_out_lock, loc_is_error, loc_error_reason, forbid_in, forbid_out, is_equip_loc, equip_type, remark, is_active, create_datetime, create_by, last_modify_datetime, last_modify_by)
values ('d8e42782-40db-4307-96cc-c52186781921', '277d74c6-ef02-4d7f-948e-caaac11c0e13', null, 'available', 'LA041102', 'LA041102', 4, 11, 2, 'cubic', null, 0, 1, 'tray', 'empty', 0, 0, 0, 0, 0, null, 0, 1, 0, null, null, 1, to_date('27-04-2017 16:34:14', 'dd-mm-yyyy hh24:mi:ss'), null, to_date('27-04-2017 16:34:14', 'dd-mm-yyyy hh24:mi:ss'), null);
insert into WMS_STORAGE_LOCATION (id, house_id, standard_id, loc_use_status, loc_no, loc_barcode, x_pos, y_pos, z_pos, loc_type, virtual_loc_type, is_loc_statistics, loc_vol, loc_vol_unit, storage_status, artificial_in_lock, artificial_out_lock, business_in_lock, business_out_lock, loc_is_error, loc_error_reason, forbid_in, forbid_out, is_equip_loc, equip_type, remark, is_active, create_datetime, create_by, last_modify_datetime, last_modify_by)
values ('7176081d-f226-4f99-8461-8ac758c6a8ec', '277d74c6-ef02-4d7f-948e-caaac11c0e13', null, 'available', 'LA041103', 'LA041103', 4, 11, 3, 'cubic', null, 0, 1, 'tray', 'empty', 0, 0, 0, 0, 0, null, 0, 1, 0, null, null, 1, to_date('27-04-2017 16:34:14', 'dd-mm-yyyy hh24:mi:ss'), null, to_date('27-04-2017 16:34:14', 'dd-mm-yyyy hh24:mi:ss'), null);
insert into WMS_STORAGE_LOCATION (id, house_id, standard_id, loc_use_status, loc_no, loc_barcode, x_pos, y_pos, z_pos, loc_type, virtual_loc_type, is_loc_statistics, loc_vol, loc_vol_unit, storage_status, artificial_in_lock, artificial_out_lock, business_in_lock, business_out_lock, loc_is_error, loc_error_reason, forbid_in, forbid_out, is_equip_loc, equip_type, remark, is_active, create_datetime, create_by, last_modify_datetime, last_modify_by)
values ('f787adbb-7cbf-4c0c-a1ba-d01e8fc34825', '277d74c6-ef02-4d7f-948e-caaac11c0e13', null, 'available', 'LA041104', 'LA041104', 4, 11, 4, 'cubic', null, 0, 1, 'tray', 'empty', 0, 0, 0, 0, 0, null, 0, 1, 0, null, null, 1, to_date('27-04-2017 16:34:14', 'dd-mm-yyyy hh24:mi:ss'), null, to_date('27-04-2017 16:34:14', 'dd-mm-yyyy hh24:mi:ss'), null);
insert into WMS_STORAGE_LOCATION (id, house_id, standard_id, loc_use_status, loc_no, loc_barcode, x_pos, y_pos, z_pos, loc_type, virtual_loc_type, is_loc_statistics, loc_vol, loc_vol_unit, storage_status, artificial_in_lock, artificial_out_lock, business_in_lock, business_out_lock, loc_is_error, loc_error_reason, forbid_in, forbid_out, is_equip_loc, equip_type, remark, is_active, create_datetime, create_by, last_modify_datetime, last_modify_by)
values ('c7204391-213a-4c08-bd2e-6c2e25a74938', '277d74c6-ef02-4d7f-948e-caaac11c0e13', null, 'available', 'LA041201', 'LA041201', 4, 12, 1, 'cubic', null, 0, 1, 'tray', 'empty', 0, 0, 0, 0, 0, null, 0, 1, 0, null, null, 1, to_date('27-04-2017 16:34:14', 'dd-mm-yyyy hh24:mi:ss'), null, to_date('27-04-2017 16:34:14', 'dd-mm-yyyy hh24:mi:ss'), null);
insert into WMS_STORAGE_LOCATION (id, house_id, standard_id, loc_use_status, loc_no, loc_barcode, x_pos, y_pos, z_pos, loc_type, virtual_loc_type, is_loc_statistics, loc_vol, loc_vol_unit, storage_status, artificial_in_lock, artificial_out_lock, business_in_lock, business_out_lock, loc_is_error, loc_error_reason, forbid_in, forbid_out, is_equip_loc, equip_type, remark, is_active, create_datetime, create_by, last_modify_datetime, last_modify_by)
values ('9205bdd6-9af7-4e4c-95cf-c33f2bdddb30', '277d74c6-ef02-4d7f-948e-caaac11c0e13', null, 'available', 'LA041202', 'LA041202', 4, 12, 2, 'cubic', null, 0, 1, 'tray', 'empty', 0, 0, 0, 0, 0, null, 0, 1, 0, null, null, 1, to_date('27-04-2017 16:34:14', 'dd-mm-yyyy hh24:mi:ss'), null, to_date('27-04-2017 16:34:14', 'dd-mm-yyyy hh24:mi:ss'), null);
insert into WMS_STORAGE_LOCATION (id, house_id, standard_id, loc_use_status, loc_no, loc_barcode, x_pos, y_pos, z_pos, loc_type, virtual_loc_type, is_loc_statistics, loc_vol, loc_vol_unit, storage_status, artificial_in_lock, artificial_out_lock, business_in_lock, business_out_lock, loc_is_error, loc_error_reason, forbid_in, forbid_out, is_equip_loc, equip_type, remark, is_active, create_datetime, create_by, last_modify_datetime, last_modify_by)
values ('c0e234d1-f16c-460e-9cab-ef98918df4e6', '277d74c6-ef02-4d7f-948e-caaac11c0e13', null, 'available', 'LA041203', 'LA041203', 4, 12, 3, 'cubic', null, 0, 1, 'tray', 'empty', 0, 0, 0, 0, 0, null, 0, 1, 0, null, null, 1, to_date('27-04-2017 16:34:14', 'dd-mm-yyyy hh24:mi:ss'), null, to_date('27-04-2017 16:34:14', 'dd-mm-yyyy hh24:mi:ss'), null);
insert into WMS_STORAGE_LOCATION (id, house_id, standard_id, loc_use_status, loc_no, loc_barcode, x_pos, y_pos, z_pos, loc_type, virtual_loc_type, is_loc_statistics, loc_vol, loc_vol_unit, storage_status, artificial_in_lock, artificial_out_lock, business_in_lock, business_out_lock, loc_is_error, loc_error_reason, forbid_in, forbid_out, is_equip_loc, equip_type, remark, is_active, create_datetime, create_by, last_modify_datetime, last_modify_by)
values ('d2ba188f-5fd8-4c0d-99cb-0f46ff2d8dfe', '277d74c6-ef02-4d7f-948e-caaac11c0e13', null, 'available', 'LA041204', 'LA041204', 4, 12, 4, 'cubic', null, 0, 1, 'tray', 'empty', 0, 0, 0, 0, 0, null, 0, 1, 0, null, null, 1, to_date('27-04-2017 16:34:14', 'dd-mm-yyyy hh24:mi:ss'), null, to_date('27-04-2017 16:34:14', 'dd-mm-yyyy hh24:mi:ss'), null);
commit;
-- prompt 284 records loaded
-- prompt Loading WMS_ZONE...
-- prompt Table is empty
-- prompt Loading WMS_RELATE_ZONE_AND_LOCATION...
-- prompt Table is empty
-- prompt Loading WMS_SKU_BATCH...
-- prompt Table is empty
-- prompt Loading WMS_SKU_CATG_REQUIRE_FILED...
-- prompt Table is empty
-- prompt Loading WMS_SKU_CONVERSION...
-- prompt Table is empty
-- prompt Loading WMS_STORAGE...
-- prompt Table is empty
-- prompt Loading WMS_STORAGE_ACCOUNT...
-- prompt Table is empty
-- prompt Loading WMS_STORAGE_HOLD_RECORD...
-- prompt Table is empty
-- prompt Loading WMS_STORAGE_LOCATION_INDEX...
-- prompt Table is empty
-- prompt Loading WMS_WAREHOUSE_ROW...
insert into WMS_WAREHOUSE_ROW (id, house_id, row_name, row_x, row_max_y, row_max_z, row_pos, associated_roadway, deep_type, deep, is_active, create_datetime, create_by, last_modify_datetime, last_modify_by)
values ('758f47c4-1e32-49af-a87a-9e6bef19f206', '277d74c6-ef02-4d7f-948e-caaac11c0e13', '化成3', 3, 14, 4, null, '2', 'singleDeep', 'leftDeep', 1, to_date('27-04-2017 14:28:01', 'dd-mm-yyyy hh24:mi:ss'), null, to_date('27-04-2017 14:28:01', 'dd-mm-yyyy hh24:mi:ss'), null);
insert into WMS_WAREHOUSE_ROW (id, house_id, row_name, row_x, row_max_y, row_max_z, row_pos, associated_roadway, deep_type, deep, is_active, create_datetime, create_by, last_modify_datetime, last_modify_by)
values ('9af57687-ec18-4bca-b415-e63e379d9665', '277d74c6-ef02-4d7f-948e-caaac11c0e13', '高温1', 1, 12, 7, null, '1', 'singleDeep', 'leftShallow', 1, to_date('27-04-2017 14:24:26', 'dd-mm-yyyy hh24:mi:ss'), null, to_date('27-04-2017 14:24:26', 'dd-mm-yyyy hh24:mi:ss'), null);
insert into WMS_WAREHOUSE_ROW (id, house_id, row_name, row_x, row_max_y, row_max_z, row_pos, associated_roadway, deep_type, deep, is_active, create_datetime, create_by, last_modify_datetime, last_modify_by)
values ('2f0a44b9-6bdf-41d6-b3a9-05a28859a227', '277d74c6-ef02-4d7f-948e-caaac11c0e13', '高温2', 2, 12, 7, null, '1', 'singleDeep', 'rightDeep', 1, to_date('27-04-2017 14:25:21', 'dd-mm-yyyy hh24:mi:ss'), null, to_date('27-04-2017 14:25:21', 'dd-mm-yyyy hh24:mi:ss'), null);
insert into WMS_WAREHOUSE_ROW (id, house_id, row_name, row_x, row_max_y, row_max_z, row_pos, associated_roadway, deep_type, deep, is_active, create_datetime, create_by, last_modify_datetime, last_modify_by)
values ('943caca3-7b36-4388-b167-f53c513f7856', '277d74c6-ef02-4d7f-948e-caaac11c0e13', '化成4', 4, 20, 4, null, '2', 'singleDeep', 'rightDeep', 1, to_date('27-04-2017 14:28:25', 'dd-mm-yyyy hh24:mi:ss'), null, to_date('27-04-2017 14:28:25', 'dd-mm-yyyy hh24:mi:ss'), null);
commit;
-- prompt 4 records loaded
-- prompt Enabling foreign key constraints for DICT_DICTIONARY...
alter table DICT_DICTIONARY enable constraint FK_DICTIONARY_R_CTIONARY_TYPE;
alter table DICT_DICTIONARY enable constraint FK_DICTIONARY_R_CT_DICTIONARY;
-- prompt Enabling foreign key constraints for FCS_ALARM_HANDLE_INFO...
alter table FCS_ALARM_HANDLE_INFO enable constraint FK_M_HANDLE_INFO_R_ALARM_INFO;
-- prompt Enabling foreign key constraints for FCS_EQUIPMENT_EXTENSION...
alter table FCS_EQUIPMENT_EXTENSION enable constraint FK_ENT_EXTENSION_R__EQUIPMENT;
-- prompt Enabling foreign key constraints for FCS_PALLET_INNER_DETAIL...
alter table FCS_PALLET_INNER_DETAIL enable constraint FK__INNER_DETAIL_R_T_DISPATCH;
-- prompt Enabling foreign key constraints for FCS_PALLET_MOVE_DETAIL...
alter table FCS_PALLET_MOVE_DETAIL enable constraint FK_T_MOVE_DETAIL_R_T_DISPATCH;
-- prompt Enabling foreign key constraints for SYS_MODULE_FUNCTION...
alter table SYS_MODULE_FUNCTION enable constraint FK_E_FUNCTION_R_S_MODULE_INFO;
-- prompt Enabling foreign key constraints for SYS_MODULE_FUNC_PERMIT...
alter table SYS_MODULE_FUNC_PERMIT enable constraint FK_UNC_PERMIT_R_DULE_FUNCTION;
-- prompt Enabling foreign key constraints for SYS_ORGANIZATION...
alter table SYS_ORGANIZATION enable constraint FK_GANIZATION_R__ORGANIZATION;
-- prompt Enabling foreign key constraints for SYS_RESOURCE...
alter table SYS_RESOURCE enable constraint FK_S_RESOURCE_R_DULE_FUNCTION;
alter table SYS_RESOURCE enable constraint FK_S_RESOURCE_R_SYS_RESOURCE;
-- prompt Enabling foreign key constraints for SYS_REL_ROLE_MENU...
alter table SYS_REL_ROLE_MENU enable constraint FK__ROLE_MENU_R_SYS_RESOURCE;
alter table SYS_REL_ROLE_MENU enable constraint FK__ROLE_MENU_R_SYS_ROLE;
-- prompt Enabling foreign key constraints for SYS_USER...
alter table SYS_USER enable constraint FK_SYS_USER_R__ORGANIZATION;
-- prompt Enabling foreign key constraints for SYS_REL_USER_ROLE...
alter table SYS_REL_USER_ROLE enable constraint FK__USER_ROLE_R_SYS_ROLE;
alter table SYS_REL_USER_ROLE enable constraint FK__USER_ROLE_R_SYS_USER;
-- prompt Enabling foreign key constraints for WMS_SKU...
alter table WMS_SKU enable constraint FK_WMS_SKU_R_U_CATEGORY;
-- prompt Enabling foreign key constraints for WMS_BATCH_BARCODE...
alter table WMS_BATCH_BARCODE enable constraint FK_BATCH_BARCODE_R_WMS_SKU;
-- prompt Enabling foreign key constraints for WMS_CONTAINER...
alter table WMS_CONTAINER enable constraint FK_WMS_CONTAINER_R_AINER_TYPE;
-- prompt Enabling foreign key constraints for WMS_WAREHOUSE...
alter table WMS_WAREHOUSE enable constraint FK_WMS_WAREHOUSE_R__WAREHOUSE;
-- prompt Enabling foreign key constraints for WMS_STORAGE_LOCATION...
alter table WMS_STORAGE_LOCATION enable constraint FK_RAGE_LOCATION_R_N_STANDARD;
alter table WMS_STORAGE_LOCATION enable constraint FK_RAGE_LOCATION_R__WAREHOUSE;
-- prompt Enabling foreign key constraints for WMS_RELATE_ZONE_AND_LOCATION...
alter table WMS_RELATE_ZONE_AND_LOCATION enable constraint FK__AND_LOCATION_R_E_LOCATION;
alter table WMS_RELATE_ZONE_AND_LOCATION enable constraint FK__AND_LOCATION_R_WMS_ZONE;
-- prompt Enabling foreign key constraints for WMS_SKU_BATCH...
alter table WMS_SKU_BATCH enable constraint FK_WMS_SKU_BATCH_R_WMS_SKU;
-- prompt Enabling foreign key constraints for WMS_SKU_CATG_REQUIRE_FILED...
alter table WMS_SKU_CATG_REQUIRE_FILED enable constraint FK_REQUIRE_FILED_R_U_CATEGORY;
-- prompt Enabling foreign key constraints for WMS_SKU_CONVERSION...
alter table WMS_SKU_CONVERSION enable constraint FK_KU_CONVERSION_R_CONVERSION;
alter table WMS_SKU_CONVERSION enable constraint FK_KU_CONVERSION_R_WMS_SKU;
-- prompt Enabling foreign key constraints for WMS_STORAGE...
alter table WMS_STORAGE enable constraint FK_WMS_STORAGE_R_E_LOCATION;
alter table WMS_STORAGE enable constraint FK_WMS_STORAGE_R_MS_STORAGE;
alter table WMS_STORAGE enable constraint FK_WMS_STORAGE_R_WMS_SKU;
-- prompt Enabling foreign key constraints for WMS_STORAGE_HOLD_RECORD...
alter table WMS_STORAGE_HOLD_RECORD enable constraint FK_E_HOLD_RECORD_R_MS_STORAGE;
-- prompt Enabling foreign key constraints for WMS_WAREHOUSE_ROW...
alter table WMS_WAREHOUSE_ROW enable constraint FK_WAREHOUSE_ROW_R__WAREHOUSE;
--set feedback on
--set define on
-- prompt Done.
